<?xml version='1.0' encoding='ISO-8859-1' ?>
<File Type='Page' Version='5.1.0'>
<Control Type='Subpage' Name='Cameras (01 Main)'>
<Position Units='Pixels' X='0' Y='0' />
<Size Units='Pixels' Width='774' Height='623' />
<VisualStyles>
<VisualStyle>
<Background>
<Color  R='0' G='0' B='0' A='0' />
</Background>
</VisualStyle>
</VisualStyles>
<Control Type='Button' Name='Image'>
<Position Units='Pixels' X='51' Y='203' />
<Size Units='Pixels' Width='672' Height='216' />
<VisualStyles>
<VisualStyle State='0' Mode='0'>
<Image Id='28' Alpha='1' />
</VisualStyle>
</VisualStyles>
</Control>
<Control Type='Button' Name='Button'>
<Position Units='Pixels' X='552' Y='326' />
<Size Units='Pixels' Width='130' Height='45' />
<VisualStyles>
<VisualStyle State='0' Mode='0'>
<Face Type='2D'>
<Color  R='1' G='1' B='1' A='0' />
</Face>
<Image Id='10' Alpha='1' />
<Text Id='82' FontId='2' Alignment='CenterCenter' Wrap='False'>
<Color  R='1' G='1' B='1' A='1' />
</Text>
</VisualStyle>
<VisualStyle State='1' Mode='0'>
<Face Type='2D'>
<Color  R='1' G='1' B='1' A='0' />
</Face>
<Image Id='11' Alpha='1' />
<Text Id='82' FontId='2' Alignment='CenterCenter' Wrap='False'>
<Color  R='1' G='1' B='1' A='1' />
</Text>
</VisualStyle>
</VisualStyles>
<Bindings>
<Binding Id='58' Type='Digital' Property='State'/>
</Bindings>
<Commands>
<Command Action='TouchDown' Id='58' Type='Digital' Value='True' />
<Command Action='TouchUp' Id='58' Type='Digital' Value='False' />
</Commands>
</Control>
<Control Type='Button' Name='Button'>
<Position Units='Pixels' X='400' Y='326' />
<Size Units='Pixels' Width='130' Height='45' />
<VisualStyles>
<VisualStyle State='0' Mode='0'>
<Face Type='2D'>
<Color  R='1' G='1' B='1' A='0' />
</Face>
<Image Id='10' Alpha='1' />
<Text Id='83' FontId='2' Alignment='CenterCenter' Wrap='False'>
<Color  R='1' G='1' B='1' A='1' />
</Text>
</VisualStyle>
<VisualStyle State='1' Mode='0'>
<Face Type='2D'>
<Color  R='1' G='1' B='1' A='0' />
</Face>
<Image Id='11' Alpha='1' />
<Text Id='83' FontId='2' Alignment='CenterCenter' Wrap='False'>
<Color  R='1' G='1' B='1' A='1' />
</Text>
</VisualStyle>
</VisualStyles>
<Bindings>
<Binding Id='57' Type='Digital' Property='State'/>
</Bindings>
<Commands>
<Command Action='TouchDown' Id='57' Type='Digital' Value='True' />
<Command Action='TouchUp' Id='57' Type='Digital' Value='False' />
</Commands>
</Control>
<Control Type='Button' Name='Button'>
<Position Units='Pixels' X='249' Y='326' />
<Size Units='Pixels' Width='130' Height='45' />
<VisualStyles>
<VisualStyle State='0' Mode='0'>
<Face Type='2D'>
<Color  R='1' G='1' B='1' A='0' />
</Face>
<Image Id='10' Alpha='1' />
<Text Id='84' FontId='2' Alignment='CenterCenter' Wrap='False'>
<Color  R='1' G='1' B='1' A='1' />
</Text>
</VisualStyle>
<VisualStyle State='1' Mode='0'>
<Face Type='2D'>
<Color  R='1' G='1' B='1' A='0' />
</Face>
<Image Id='11' Alpha='1' />
<Text Id='84' FontId='2' Alignment='CenterCenter' Wrap='False'>
<Color  R='1' G='1' B='1' A='1' />
</Text>
</VisualStyle>
</VisualStyles>
<Bindings>
<Binding Id='56' Type='Digital' Property='State'/>
</Bindings>
<Commands>
<Command Action='TouchDown' Id='56' Type='Digital' Value='True' />
<Command Action='TouchUp' Id='56' Type='Digital' Value='False' />
</Commands>
</Control>
<Control Type='Button' Name='Button'>
<Position Units='Pixels' X='96' Y='326' />
<Size Units='Pixels' Width='130' Height='45' />
<VisualStyles>
<VisualStyle State='0' Mode='0'>
<Face Type='2D'>
<Color  R='1' G='1' B='1' A='0' />
</Face>
<Image Id='10' Alpha='1' />
<Text Id='85' FontId='2' Alignment='CenterCenter' Wrap='False'>
<Color  R='1' G='1' B='1' A='1' />
</Text>
</VisualStyle>
<VisualStyle State='1' Mode='0'>
<Face Type='2D'>
<Color  R='1' G='1' B='1' A='0' />
</Face>
<Image Id='11' Alpha='1' />
<Text Id='85' FontId='2' Alignment='CenterCenter' Wrap='False'>
<Color  R='1' G='1' B='1' A='1' />
</Text>
</VisualStyle>
</VisualStyles>
<Bindings>
<Binding Id='55' Type='Digital' Property='State'/>
</Bindings>
<Commands>
<Command Action='TouchDown' Id='55' Type='Digital' Value='True' />
<Command Action='TouchUp' Id='55' Type='Digital' Value='False' />
</Commands>
</Control>
<Control Type='Button' Name='Button'>
<Position Units='Pixels' X='552' Y='247' />
<Size Units='Pixels' Width='130' Height='45' />
<VisualStyles>
<VisualStyle State='0' Mode='0'>
<Face Type='2D'>
<Color  R='1' G='1' B='1' A='0' />
</Face>
<Image Id='10' Alpha='1' />
<Text Id='86' FontId='2' Alignment='CenterCenter' Wrap='False'>
<Color  R='1' G='1' B='1' A='1' />
</Text>
</VisualStyle>
<VisualStyle State='1' Mode='0'>
<Face Type='2D'>
<Color  R='1' G='1' B='1' A='0' />
</Face>
<Image Id='11' Alpha='1' />
<Text Id='86' FontId='2' Alignment='CenterCenter' Wrap='False'>
<Color  R='1' G='1' B='1' A='1' />
</Text>
</VisualStyle>
</VisualStyles>
<Bindings>
<Binding Id='54' Type='Digital' Property='State'/>
</Bindings>
<Commands>
<Command Action='TouchDown' Id='54' Type='Digital' Value='True' />
<Command Action='TouchUp' Id='54' Type='Digital' Value='False' />
</Commands>
</Control>
<Control Type='Button' Name='Button'>
<Position Units='Pixels' X='400' Y='247' />
<Size Units='Pixels' Width='130' Height='45' />
<VisualStyles>
<VisualStyle State='0' Mode='0'>
<Face Type='2D'>
<Color  R='1' G='1' B='1' A='0' />
</Face>
<Image Id='10' Alpha='1' />
<Text Id='87' FontId='2' Alignment='CenterCenter' Wrap='False'>
<Color  R='1' G='1' B='1' A='1' />
</Text>
</VisualStyle>
<VisualStyle State='1' Mode='0'>
<Face Type='2D'>
<Color  R='1' G='1' B='1' A='0' />
</Face>
<Image Id='11' Alpha='1' />
<Text Id='87' FontId='2' Alignment='CenterCenter' Wrap='False'>
<Color  R='1' G='1' B='1' A='1' />
</Text>
</VisualStyle>
</VisualStyles>
<Bindings>
<Binding Id='53' Type='Digital' Property='State'/>
</Bindings>
<Commands>
<Command Action='TouchDown' Id='53' Type='Digital' Value='True' />
<Command Action='TouchUp' Id='53' Type='Digital' Value='False' />
</Commands>
</Control>
<Control Type='Button' Name='Button'>
<Position Units='Pixels' X='248' Y='247' />
<Size Units='Pixels' Width='130' Height='45' />
<VisualStyles>
<VisualStyle State='0' Mode='0'>
<Face Type='2D'>
<Color  R='1' G='1' B='1' A='0' />
</Face>
<Image Id='10' Alpha='1' />
<Text Id='88' FontId='2' Alignment='CenterCenter' Wrap='False'>
<Color  R='1' G='1' B='1' A='1' />
</Text>
</VisualStyle>
<VisualStyle State='1' Mode='0'>
<Face Type='2D'>
<Color  R='1' G='1' B='1' A='0' />
</Face>
<Image Id='11' Alpha='1' />
<Text Id='88' FontId='2' Alignment='CenterCenter' Wrap='False'>
<Color  R='1' G='1' B='1' A='1' />
</Text>
</VisualStyle>
</VisualStyles>
<Bindings>
<Binding Id='52' Type='Digital' Property='State'/>
</Bindings>
<Commands>
<Command Action='TouchDown' Id='52' Type='Digital' Value='True' />
<Command Action='TouchUp' Id='52' Type='Digital' Value='False' />
</Commands>
</Control>
<Control Type='Button' Name='Button'>
<Position Units='Pixels' X='96' Y='247' />
<Size Units='Pixels' Width='130' Height='45' />
<VisualStyles>
<VisualStyle State='0' Mode='0'>
<Face Type='2D'>
<Color  R='1' G='1' B='1' A='0' />
</Face>
<Image Id='10' Alpha='1' />
<Text Id='89' FontId='2' Alignment='CenterCenter' Wrap='False'>
<Color  R='1' G='1' B='1' A='1' />
</Text>
</VisualStyle>
<VisualStyle State='1' Mode='0'>
<Face Type='2D'>
<Color  R='1' G='1' B='1' A='0' />
</Face>
<Image Id='11' Alpha='1' />
<Text Id='89' FontId='2' Alignment='CenterCenter' Wrap='False'>
<Color  R='1' G='1' B='1' A='1' />
</Text>
</VisualStyle>
</VisualStyles>
<Bindings>
<Binding Id='51' Type='Digital' Property='State'/>
</Bindings>
<Commands>
<Command Action='TouchDown' Id='51' Type='Digital' Value='True' />
<Command Action='TouchUp' Id='51' Type='Digital' Value='False' />
</Commands>
</Control>
</Control>
</File>
