<?xml version='1.0' encoding='ISO-8859-1' ?>
<File Type='Resource' Version='5.1.0'>
<Resources>
<Font Id='1' Size ='13' FaceName='Arial' Weight='700' Bold='True' Italic='False' Underline='False' Strike='False' />
<Font Id='2' Size ='16' FaceName='Arial' Weight='700' Bold='True' Italic='False' Underline='False' Strike='False' />
<Font Id='3' Size ='13' FaceName='Arial' Weight='700' Bold='True' Italic='False' Underline='False' Strike='False' />
<Font Id='4' Size ='21' FaceName='Arial' Weight='700' Bold='True' Italic='False' Underline='False' Strike='False' />
<Font Id='5' Size ='64' FaceName='Arial' Weight='700' Bold='True' Italic='False' Underline='False' Strike='False' />
<Font Id='6' Size ='24' FaceName='Arial' Weight='700' Bold='True' Italic='False' Underline='False' Strike='False' />
<Font Id='7' Size ='11' FaceName='Arial' Weight='400' Bold='False' Italic='False' Underline='False' Strike='False' />
<Font Id='8' Size ='21' FaceName='CrestronTransport' Weight='400' Bold='False' Italic='False' Underline='False' Strike='False' />
<Font Id='9' Size ='32' FaceName='Arial' Weight='700' Bold='True' Italic='False' Underline='False' Strike='False' />
<Font Id='10' Size ='27' FaceName='Arial' Weight='700' Bold='True' Italic='False' Underline='False' Strike='False' />
<Font Id='11' Size ='11' FaceName='Guifxv2Transports' Weight='400' Bold='False' Italic='False' Underline='False' Strike='False' />
<Font Id='12' Size ='19' FaceName='Arial' Weight='700' Bold='True' Italic='False' Underline='False' Strike='False' />
<Font Id='13' Size ='19' FaceName='Arial' Weight='400' Bold='False' Italic='False' Underline='False' Strike='False' />
<Font Id='14' Size ='12' FaceName='Arial' Weight='700' Bold='True' Italic='False' Underline='False' Strike='False' />
<Font Id='15' Size ='12' FaceName='Arial' Weight='400' Bold='False' Italic='False' Underline='False' Strike='False' />
<Font Id='16' Size ='16' FaceName='Arial' Weight='400' Bold='False' Italic='False' Underline='False' Strike='False' />
<Font Id='17' Size ='15' FaceName='Arial' Weight='400' Bold='False' Italic='False' Underline='False' Strike='False' />
<Font Id='18' Size ='12' FaceName='Arial' Weight='400' Bold='False' Italic='False' Underline='False' Strike='False' />
<Font Id='19' Size ='13' FaceName='TrebuchetMS-Bold' Weight='700' Bold='True' Italic='False' Underline='False' Strike='False' />
<Font Id='20' Size ='11' FaceName='TrebuchetMS' Weight='400' Bold='False' Italic='False' Underline='False' Strike='False' />
<Font Id='21' Size ='15' FaceName='Arial' Weight='700' Bold='True' Italic='False' Underline='False' Strike='False' />
<Text Id='1'>Audio</Text>
<Text Id='2'>Video</Text>
<Text Id='3'>Climate</Text>
<Text Id='4'>Lighting</Text>
<Text Id='5'>Security</Text>
<Text Id='6'>Areas
 </Text>
<Text Id='7'>FM Radio</Text>
<Text Id='8'>XM Radio</Text>
<Text Id='9'>Jukebox</Text>
<Text Id='10'>Off</Text>
<Text Id='11'>Presets</Text>
<Text Id='12'>Music</Text>
<Text Id='13'>Classic
Country</Text>
<Text Id='14'>Singers &amp;
Standards</Text>
<Text Id='15'>Blues</Text>
<Text Id='16'>Today&apos;s
Country</Text>
<Text Id='17'>Light
Classical</Text>
<Text Id='18'>Big
Band</Text>
<Text Id='19'>Light
Jazz</Text>
<Text Id='20'>Jazz</Text>
<Text Id='21'>Bluegrass</Text>
<Text Id='22'>Sound
Scapes</Text>
<Text Id='23'>Classic
R &amp; B</Text>
<Text Id='24'>R &amp; B
Hits</Text>
<Text Id='25'>Oldies</Text>
<Text Id='26'>Easy
Listening</Text>
<Text Id='27'>Progressive</Text>
<Text Id='28'>Alternative</Text>
<Text Id='29'>Soft Rock</Text>
<Text Id='30'>Classic Rock</Text>
<Text Id='31'>70&apos;s Hits</Text>
<Text Id='32'>80&apos;s Hits</Text>
<Text Id='33'>1</Text>
<Text Id='34'>2</Text>
<Text Id='35'>3</Text>
<Text Id='36'>4</Text>
<Text Id='37'>5</Text>
<Text Id='38'>6</Text>
<Text Id='39'>7</Text>
<Text Id='40'>8</Text>
<Text Id='41'>9</Text>
<Text Id='42'>-</Text>
<Text Id='43'>0</Text>
<Text Id='44'>Enter</Text>
<Text Id='45'>Guide</Text>
<Text Id='46'>List</Text>
<Text Id='47'>Menu</Text>
<Text Id='48'>Active</Text>
<Text Id='49'>Exit</Text>
<Text Id='50'>Info</Text>
<Text Id='51'>Aspect</Text>
<Text Id='52'>Jump</Text>
<Text Id='53'>Ch/Pg Dn</Text>
<Text Id='54'>Ch/Pg Up</Text>
<Text Id='55'>Replay</Text>
<Text Id='56'>Rew</Text>
<Text Id='57'>Play</Text>
<Text Id='58'>Stop</Text>
<Text Id='59'>Pause</Text>
<Text Id='60'>Record</Text>
<Text Id='61'>Fwd</Text>
<Text Id='62'>Skip</Text>
<Text Id='63'>Setup</Text>
<Text Id='64'>Pop-up</Text>
<Text Id='65'>Subtitle</Text>
<Text Id='66'>Display</Text>
<Text Id='67'>Prev</Text>
<Text Id='68'>Next</Text>
<Text Id='69'>Enjoy your game!</Text>
<Text Id='70'>Away</Text>
<Text Id='71'>Hold</Text>
<Text Id='72'>Fan On</Text>
<Text Id='73'>Fan Auto</Text>
<Text Id='74'>Cool</Text>
<Text Id='75'>Heat</Text>
<Text Id='76'>Auto</Text>
<Text Id='77'>k</Text>
<Text Id='78'>j</Text>
<Text Id='79'>Heat Setpoint</Text>
<Text Id='80'>Cool Setpoint</Text>
<Text Id='81'>Cameras</Text>
<Text Id='82'>Pool</Text>
<Text Id='83'>Lower Patio</Text>
<Text Id='84'>Upper
Patio</Text>
<Text Id='85'>Bedroom
Windows</Text>
<Text Id='86'>Garage
Driveway</Text>
<Text Id='87'>Main
Driveway</Text>
<Text Id='88'>Front
Walk</Text>
<Text Id='89'>Front
Door</Text>
<Text Id='90'>Estate Wide Lighting</Text>
<Text Id='91'>Kitchen Patio Lighting</Text>
<Text Id='92'>Pool Area Lighting</Text>
<Text Id='93'>Back</Text>
<Text Id='94'>Modes</Text>
<Text Id='95'>Keypad</Text>
<Text Id='96'>Unlock
Front Door</Text>
<Text Id='97'>Filter Pump</Text>
<Text Id='98'>Pool Temperature</Text>
<Text Id='99'>Pool Heater</Text>
<Text Id='100'>Temp Up</Text>
<Text Id='101'>Spa Mode</Text>
<Text Id='102'>Pool Cleaner</Text>
<Text Id='103'>Temp Down</Text>
<Text Id='104'>Spa Heater</Text>
<Text Id='105'>Air Blower</Text>
<Text Id='106'>Spa SP</Text>
<Text Id='107'>Pool SP</Text>
<Text Id='108'>Spa Temperature</Text>
<Text Id='109'>Main</Text>
<Text Id='110'>Program</Text>
<Text Id='111'>Channels</Text>
<Text Id='112'>Channel</Text>
<Text Id='113'>Artist</Text>
<Text Id='114'>Song</Text>
<Text Id='115'>AM</Text>
<Text Id='116'>FM</Text>
<Text Id='117'>Up</Text>
<Text Id='118'>Down</Text>
<Text Id='119'>Scan</Text>
<Text Id='120'>Ch</Text>
<Text Id='121'>Top</Text>
<Text Id='122'>Bottom</Text>
<Text Id='123'>Albums</Text>
<Text Id='124'>Genres</Text>
<Text Id='125'>Radio</Text>
<Text Id='126'>Artists</Text>
<Text Id='127'>Playlists</Text>
<Text Id='128'>Queue</Text>
<Text Id='129'>&lt; Back</Text>
<Text Id='130'>Progress</Text>
<Text Id='131'>+</Text>
<Text Id='132'>!
1</Text>
<Text Id='133'>@
2</Text>
<Text Id='134'>#
3</Text>
<Text Id='135'>$
4</Text>
<Text Id='136'>%
5</Text>
<Text Id='137'>^
6</Text>
<Text Id='138'>&amp;
7</Text>
<Text Id='139'>*
8</Text>
<Text Id='140'>(
9</Text>
<Text Id='141'>)
0</Text>
<Text Id='142'>.</Text>
<Text Id='143'>. /</Text>
<Text Id='144'>space</Text>
<Text Id='145'>Shift</Text>
<Text Id='146'>enter</Text>
<Text Id='147'>q</Text>
<Text Id='148'>w</Text>
<Text Id='149'>r</Text>
<Text Id='150'>E</Text>
<Text Id='151'>e</Text>
<Text Id='152'>t</Text>
<Text Id='153'>y</Text>
<Text Id='154'>i</Text>
<Text Id='155'>u</Text>
<Text Id='156'>p</Text>
<Text Id='157'>o</Text>
<Text Id='158'>a</Text>
<Text Id='159'>s</Text>
<Text Id='160'>f</Text>
<Text Id='161'>d</Text>
<Text Id='162'>g</Text>
<Text Id='163'>h</Text>
<Text Id='164'>l</Text>
<Text Id='165'>z</Text>
<Text Id='166'>x</Text>
<Text Id='167'>v</Text>
<Text Id='168'>c</Text>
<Text Id='169'>b</Text>
<Text Id='170'>n</Text>
<Text Id='171'>m</Text>
<Text Id='172'>&lt;bksp</Text>
<Text Id='173'>cancel</Text>
<Text Id='174'>Sleep</Text>
<Text Id='175'>Return</Text>
<Text Id='176'>Leave</Text>
<Text Id='177'>Wake</Text>
<Text Id='178'>Schedule</Text>
<Text Id='179'>Clear</Text>
<Text Id='180'>Time</Text>
<Text Id='181'>Weekday</Text>
<Text Id='182'>Weekend</Text>
<Text Id='183'>Edit</Text>
<Text Id='184'>*  Press 19 to check status

*  Away Arm:  press 13

*  Night Arm:  press 12

*  To Disarm:  press 11,
   Then Enter Your Code

*  Press PANIC buttons
    for 2 seconds to 
    activate.</Text>
<Text Id='185'>*</Text>
<Text Id='186'>#</Text>
<Text Id='187'>security</Text>
<Text Id='188'>silent alarm</Text>
<Text Id='189'>devices</Text>
<Text Id='190'>features</Text>
<Text Id='191'>system</Text>
<Text Id='192'>undo</Text>
<Text Id='193'>Fire</Text>
<Text Id='194'>Medical</Text>
<Text Id='195'>Police</Text>
<Text Id='196'>Touch the icon to 
open Kaleidescape&apos;s app.</Text>
<Text Id='197'>Stereo</Text>
<Text Id='198'>All Channel</Text>
<Text Id='199'>Dolby EX</Text>
<Text Id='200'>PLIIx Music</Text>
<Text Id='201'>THX EX</Text>
<Text Id='202'>THX Cinema</Text>
<Text Id='203'>PLIIx Movie</Text>
<Text Id='204'>Straight</Text>
<Text Id='205'>Surround Modes</Text>
<Text Id='206'>16x9</Text>
<Text Id='207'>Wide</Text>
<Text Id='208'>Aspect Modes</Text>
<Text Id='209'>DirecTV</Text>
<Text Id='210'>Cable TV</Text>
<Text Id='211'>Kaleidescape</Text>
<Text Id='212'>Blu-ray</Text>
<Text Id='213'>AppleTV</Text>
<Text Id='214'>Laptop</Text>
<Text Id='215'>Main Level</Text>
<Text Id='216'>Lower Level</Text>
<Text Id='217'>Outdoors</Text>
<Text Id='218'>Default</Text>
<Text Id='219'>Areas</Text>
<Text Id='220'>Setpoint</Text>
<Text Id='221'>Heat 1</Text>
<Text Id='222'>Heat 2</Text>
<Text Id='223'>Aux Heat</Text>
<Text Id='224'>Cool 1</Text>
<Text Id='225'>Cool 2</Text>
<Text Id='226'>Fan</Text>
<Image Id='1' Native='False' Path='33_1024x768.png' Format='png'>
<Size Units='Pixels' Width='1024' Height='768' />
</Image>
<Image Id='2' Native='False' Path='Background-Dim50_100x100.png' Format='png'>
<Size Units='Pixels' Width='100' Height='100' />
</Image>
<Image Id='3' Native='False' Path='588c2982b90344fe.png' Format='png'>
<Size Units='Pixels' Width='160' Height='160' />
</Image>
<Image Id='4' Native='False' Path='Glowing-Pill_12x30_0.png' Format='png'>
<Size Units='Pixels' Width='12' Height='30' />
</Image>
<Image Id='5' Native='False' Path='Glowing-Pill_12x30_1.png' Format='png'>
<Size Units='Pixels' Width='12' Height='30' />
</Image>
<Image Id='6' Native='False' Path='5842bad555925342.png' Format='png'>
<Size Units='Pixels' Width='160' Height='160' />
</Image>
<Image Id='7' Native='False' Path='512963e26580a913.png' Format='png'>
<Size Units='Pixels' Width='81' Height='75' />
</Image>
<Image Id='8' Native='False' Path='30f2ae98f932ea45.png' Format='png'>
<Size Units='Pixels' Width='160' Height='160' />
</Image>
<Image Id='9' Native='False' Path='b71a78e540ad1eb2.png' Format='png'>
<Size Units='Pixels' Width='160' Height='160' />
</Image>
<Image Id='10' Native='False' Path='Button_Black_130x45_0.png' Format='png'>
<Size Units='Pixels' Width='130' Height='45' />
</Image>
<Image Id='11' Native='False' Path='Button_Blue_130x45.png' Format='png'>
<Size Units='Pixels' Width='130' Height='45' />
</Image>
<Image Id='12' Native='False' Path='bf420d5ea84a8fcb.png' Format='png'>
<Size Units='Pixels' Width='100' Height='100' />
</Image>
<Image Id='13' Native='False' Path='d472f7c267cf598a.png' Format='png'>
<Size Units='Pixels' Width='100' Height='100' />
</Image>
<Image Id='14' Native='False' Path='7dc620b750b4547f.png' Format='png'>
<Size Units='Pixels' Width='100' Height='100' />
</Image>
<Image Id='15' Native='False' Path='1e3b202c8db6bd5.png' Format='png'>
<Size Units='Pixels' Width='100' Height='100' />
</Image>
<Image Id='16' Native='False' Path='52980b00930d8b17.png' Format='png'>
<Size Units='Pixels' Width='100' Height='100' />
</Image>
<Image Id='17' Native='False' Path='80554679caef1ef4.png' Format='png'>
<Size Units='Pixels' Width='100' Height='100' />
</Image>
<Image Id='18' Native='False' Path='Radio_0.png' Format='png'>
<Size Units='Pixels' Width='120' Height='120' />
</Image>
<Image Id='19' Native='False' Path='Radio_1.png' Format='png'>
<Size Units='Pixels' Width='120' Height='120' />
</Image>
<Image Id='20' Native='False' Path='XM_0.png' Format='png'>
<Size Units='Pixels' Width='120' Height='120' />
</Image>
<Image Id='21' Native='False' Path='XM_1.png' Format='png'>
<Size Units='Pixels' Width='120' Height='120' />
</Image>
<Image Id='22' Native='False' Path='MMS_0.png' Format='png'>
<Size Units='Pixels' Width='120' Height='120' />
</Image>
<Image Id='23' Native='False' Path='MMS_1.png' Format='png'>
<Size Units='Pixels' Width='120' Height='120' />
</Image>
<Image Id='24' Native='False' Path='Off_0.png' Format='png'>
<Size Units='Pixels' Width='120' Height='120' />
</Image>
<Image Id='25' Native='False' Path='Off_1.png' Format='png'>
<Size Units='Pixels' Width='120' Height='120' />
</Image>
<Image Id='26' Native='False' Path='Shadow_277x30_30.png' Format='png'>
<Size Units='Pixels' Width='277' Height='30' />
</Image>
<Image Id='27' Native='False' Path='aero_musical_notes_yellow_180x180.png' Format='png'>
<Size Units='Pixels' Width='180' Height='180' />
</Image>
<Image Id='28' Native='False' Path='Place_672x288.png' Format='png'>
<Size Units='Pixels' Width='672' Height='288' />
</Image>
<Image Id='29' Native='False' Path='MTROL_20Logo.png' Format='png'>
<Size Units='Pixels' Width='465' Height='300' />
</Image>
<Image Id='30' Native='False' Path='Place_672x112.png' Format='png'>
<Size Units='Pixels' Width='672' Height='112' />
</Image>
<Image Id='31' Native='False' Path='Navigation_00_Base.png' Format='png'>
<Size Units='Pixels' Width='220' Height='220' />
</Image>
<Image Id='32' Native='False' Path='Navigation_01_Up.png' Format='png'>
<Size Units='Pixels' Width='220' Height='220' />
</Image>
<Image Id='33' Native='False' Path='Navigation_02_Down.png' Format='png'>
<Size Units='Pixels' Width='220' Height='220' />
</Image>
<Image Id='34' Native='False' Path='Navigation_03_Left.png' Format='png'>
<Size Units='Pixels' Width='220' Height='220' />
</Image>
<Image Id='35' Native='False' Path='Navigation_04_Right.png' Format='png'>
<Size Units='Pixels' Width='220' Height='220' />
</Image>
<Image Id='36' Native='False' Path='Navigation_05_OK.png' Format='png'>
<Size Units='Pixels' Width='220' Height='220' />
</Image>
<Image Id='37' Native='False' Path='Place_220x220.png' Format='png'>
<Size Units='Pixels' Width='220' Height='220' />
</Image>
<Image Id='38' Native='False' Path='Button_Black_66x45.png' Format='png'>
<Size Units='Pixels' Width='66' Height='45' />
</Image>
<Image Id='39' Native='False' Path='Button_Blue_66x45.png' Format='png'>
<Size Units='Pixels' Width='66' Height='45' />
</Image>
<Image Id='40' Native='False' Path='Button_Black_100x45.png' Format='png'>
<Size Units='Pixels' Width='100' Height='45' />
</Image>
<Image Id='41' Native='False' Path='Button_Blue_100x45.png' Format='png'>
<Size Units='Pixels' Width='100' Height='45' />
</Image>
<Image Id='42' Native='False' Path='8e64885034585d4d.png' Format='png'>
<Size Units='Pixels' Width='100' Height='100' />
</Image>
<Image Id='43' Native='False' Path='8049b43e85529233.png' Format='png'>
<Size Units='Pixels' Width='100' Height='100' />
</Image>
<Image Id='44' Native='False' Path='f5516b800146a29b.png' Format='png'>
<Size Units='Pixels' Width='100' Height='100' />
</Image>
<Image Id='45' Native='False' Path='6a194cdaa5361585.png' Format='png'>
<Size Units='Pixels' Width='100' Height='100' />
</Image>
<Image Id='46' Native='False' Path='20dab40fa2cb37b.png' Format='png'>
<Size Units='Pixels' Width='100' Height='100' />
</Image>
<Image Id='47' Native='False' Path='990a23704500cbac.png' Format='png'>
<Size Units='Pixels' Width='100' Height='100' />
</Image>
<Image Id='48' Native='False' Path='271498b24b5ad99d.png' Format='png'>
<Size Units='Pixels' Width='100' Height='100' />
</Image>
<Image Id='49' Native='False' Path='d1b0d73e288caf74.png' Format='png'>
<Size Units='Pixels' Width='100' Height='100' />
</Image>
<Image Id='50' Native='False' Path='2eb807a8a368ec1.png' Format='png'>
<Size Units='Pixels' Width='100' Height='100' />
</Image>
<Image Id='51' Native='False' Path='d83d8b1b7d799bb9.png' Format='png'>
<Size Units='Pixels' Width='100' Height='100' />
</Image>
<Image Id='52' Native='False' Path='543a1583620cdc79.png' Format='png'>
<Size Units='Pixels' Width='100' Height='100' />
</Image>
<Image Id='53' Native='False' Path='956b689acb079628.png' Format='png'>
<Size Units='Pixels' Width='100' Height='100' />
</Image>
<Image Id='54' Native='False' Path='7e84b7da6d126029.png' Format='png'>
<Size Units='Pixels' Width='100' Height='100' />
</Image>
<Image Id='55' Native='False' Path='72d52fdd4343832e.png' Format='png'>
<Size Units='Pixels' Width='100' Height='100' />
</Image>
<Image Id='56' Native='False' Path='90e4f69f97c920c9.png' Format='png'>
<Size Units='Pixels' Width='100' Height='100' />
</Image>
<Image Id='57' Native='False' Path='4f5283a2dbee0e8e.png' Format='png'>
<Size Units='Pixels' Width='100' Height='100' />
</Image>
<Image Id='58' Native='False' Path='2172c1323d6ae823.png' Format='png'>
<Size Units='Pixels' Width='100' Height='100' />
</Image>
<Image Id='59' Native='False' Path='1c2e749d38a334e0.png' Format='png'>
<Size Units='Pixels' Width='100' Height='100' />
</Image>
<Image Id='60' Native='False' Path='5b5669955dae24dd.png' Format='png'>
<Size Units='Pixels' Width='100' Height='100' />
</Image>
<Image Id='61' Native='False' Path='38d47cd8ba6c8417.png' Format='png'>
<Size Units='Pixels' Width='100' Height='100' />
</Image>
<Image Id='62' Native='False' Path='5a549149c20065f5.png' Format='png'>
<Size Units='Pixels' Width='100' Height='100' />
</Image>
<Image Id='63' Native='False' Path='1bf341ed29721647.png' Format='png'>
<Size Units='Pixels' Width='100' Height='100' />
</Image>
<Image Id='64' Native='False' Path='ad60de5079fd7ff0.png' Format='png'>
<Size Units='Pixels' Width='100' Height='100' />
</Image>
<Image Id='65' Native='False' Path='8e1bd9a3653ed193.png' Format='png'>
<Size Units='Pixels' Width='100' Height='100' />
</Image>
<Image Id='66' Native='False' Path='ba0da20b8d1f95ad.png' Format='png'>
<Size Units='Pixels' Width='100' Height='100' />
</Image>
<Image Id='67' Native='False' Path='e42e1d3c60c933ed.png' Format='png'>
<Size Units='Pixels' Width='100' Height='100' />
</Image>
<Image Id='68' Native='False' Path='339462a8b64aa0ff.png' Format='png'>
<Size Units='Pixels' Width='100' Height='100' />
</Image>
<Image Id='69' Native='False' Path='edb5d73d327e034.png' Format='png'>
<Size Units='Pixels' Width='100' Height='100' />
</Image>
<Image Id='70' Native='False' Path='e7d03755e82cff3d.png' Format='png'>
<Size Units='Pixels' Width='100' Height='100' />
</Image>
<Image Id='71' Native='False' Path='e5c370ec686b73a1.png' Format='png'>
<Size Units='Pixels' Width='100' Height='100' />
</Image>
<Image Id='72' Native='False' Path='Climate_0.png' Format='png'>
<Size Units='Pixels' Width='120' Height='120' />
</Image>
<Image Id='73' Native='False' Path='Climate_1.png' Format='png'>
<Size Units='Pixels' Width='120' Height='120' />
</Image>
<Image Id='74' Native='False' Path='Lights_0.png' Format='png'>
<Size Units='Pixels' Width='120' Height='120' />
</Image>
<Image Id='75' Native='False' Path='Lights_1.png' Format='png'>
<Size Units='Pixels' Width='120' Height='120' />
</Image>
<Image Id='76' Native='False' Path='Glowing-Pill_30x12_0.png' Format='png'>
<Size Units='Pixels' Width='30' Height='12' />
</Image>
<Image Id='77' Native='False' Path='Glowing-Pill_40x16_1.png' Format='png'>
<Size Units='Pixels' Width='40' Height='16' />
</Image>
<Image Id='78' Native='False' Path='security.png' Format='png'>
<Size Units='Pixels' Width='512' Height='512' />
</Image>
<Image Id='79' Native='False' Path='aero_radio-180x180_0.png' Format='png'>
<Size Units='Pixels' Width='180' Height='180' />
</Image>
<Image Id='80' Native='False' Path='aero_swimming_pool_180x180.png' Format='png'>
<Size Units='Pixels' Width='180' Height='180' />
</Image>
<Image Id='81' Native='False' Path='26f14831fdb01624.png' Format='png'>
<Size Units='Pixels' Width='353' Height='8' />
</Image>
<Image Id='82' Native='False' Path='hbo-hd_100x70_white_gloss_border.png' Format='png'>
<Size Units='Pixels' Width='110' Height='77' />
</Image>
<Image Id='83' Native='False' Path='cinemax_100x70_white_gloss_border.png' Format='png'>
<Size Units='Pixels' Width='110' Height='77' />
</Image>
<Image Id='84' Native='False' Path='hbo-family_100x70_white_gloss_border.png' Format='png'>
<Size Units='Pixels' Width='110' Height='77' />
</Image>
<Image Id='85' Native='False' Path='hdnet-movies_100x70_white_gloss_border.png' Format='png'>
<Size Units='Pixels' Width='110' Height='77' />
</Image>
<Image Id='86' Native='False' Path='amc_100x70_white_gloss_border.png' Format='png'>
<Size Units='Pixels' Width='110' Height='77' />
</Image>
<Image Id='87' Native='False' Path='showtime-hd_100x70_white_gloss_border.png' Format='png'>
<Size Units='Pixels' Width='110' Height='77' />
</Image>
<Image Id='88' Native='False' Path='More_20MAX_100x70_white_gloss_border.png' Format='png'>
<Size Units='Pixels' Width='110' Height='77' />
</Image>
<Image Id='89' Native='False' Path='hdnet_100x70_white_gloss_border.png' Format='png'>
<Size Units='Pixels' Width='110' Height='77' />
</Image>
<Image Id='90' Native='False' Path='shotime-extreme_100x70_white_gloss_border.png' Format='png'>
<Size Units='Pixels' Width='110' Height='77' />
</Image>
<Image Id='91' Native='False' Path='espn-hd_100x70_white_gloss_border.png' Format='png'>
<Size Units='Pixels' Width='110' Height='77' />
</Image>
<Image Id='92' Native='False' Path='espn-2-hd_100x70_white_gloss_border.png' Format='png'>
<Size Units='Pixels' Width='110' Height='77' />
</Image>
<Image Id='93' Native='False' Path='speed-channel_100x70_white_gloss_border.png' Format='png'>
<Size Units='Pixels' Width='110' Height='77' />
</Image>
<Image Id='94' Native='False' Path='tbs_100x70_white_gloss_border.png' Format='png'>
<Size Units='Pixels' Width='110' Height='77' />
</Image>
<Image Id='95' Native='False' Path='golf-channel_100x70_white_gloss_border.png' Format='png'>
<Size Units='Pixels' Width='110' Height='77' />
</Image>
<Image Id='96' Native='False' Path='tnt_100x70_white_gloss_border.png' Format='png'>
<Size Units='Pixels' Width='110' Height='77' />
</Image>
<Image Id='97' Native='False' Path='fsn-fox-sports-net_100x70_white_gloss_border.png' Format='png'>
<Size Units='Pixels' Width='110' Height='77' />
</Image>
<Image Id='98' Native='False' Path='FSN_cmyk_100x70_white_gloss_border.png' Format='png'>
<Size Units='Pixels' Width='110' Height='77' />
</Image>
<Image Id='99' Native='False' Path='mlb-extra-innings_100x70_white_gloss_border.png' Format='png'>
<Size Units='Pixels' Width='110' Height='77' />
</Image>
<Image Id='100' Native='False' Path='wlwt_100x70_white_gloss_border.png' Format='png'>
<Size Units='Pixels' Width='110' Height='77' />
</Image>
<Image Id='101' Native='False' Path='wcpo_100x70_white_gloss_border.png' Format='png'>
<Size Units='Pixels' Width='110' Height='77' />
</Image>
<Image Id='102' Native='False' Path='wkrc_100x70_white_gloss_border.png' Format='png'>
<Size Units='Pixels' Width='110' Height='77' />
</Image>
<Image Id='103' Native='False' Path='wxix_100x70_white_gloss_border.png' Format='png'>
<Size Units='Pixels' Width='110' Height='77' />
</Image>
<Image Id='104' Native='False' Path='wcet_logo_20small_100x70_white_gloss_border.png' Format='png'>
<Size Units='Pixels' Width='110' Height='77' />
</Image>
<Image Id='105' Native='False' Path='WBDT_100x70_white_gloss_border.png' Format='png'>
<Size Units='Pixels' Width='110' Height='77' />
</Image>
<Image Id='106' Native='False' Path='cnn_100x70_white_gloss_border.png' Format='png'>
<Size Units='Pixels' Width='110' Height='77' />
</Image>
<Image Id='107' Native='False' Path='weather_channel_100x70_white_gloss_border.png' Format='png'>
<Size Units='Pixels' Width='110' Height='77' />
</Image>
<Image Id='108' Native='False' Path='cnbc_100x70_white_gloss_border.png' Format='png'>
<Size Units='Pixels' Width='110' Height='77' />
</Image>
<Image Id='109' Native='False' Path='g4_100x70_white_gloss_border.png' Format='png'>
<Size Units='Pixels' Width='110' Height='77' />
</Image>
<Image Id='110' Native='False' Path='E!_20Entertainment_20Television_100x70_white_gloss_border.png' Format='png'>
<Size Units='Pixels' Width='110' Height='77' />
</Image>
<Image Id='111' Native='False' Path='national-geographic-channel-hd_100x70_white_gloss_border.png' Format='png'>
<Size Units='Pixels' Width='110' Height='77' />
</Image>
<Image Id='112' Native='False' Path='Fox_20News_20Channel_100x70_white_gloss_border.png' Format='png'>
<Size Units='Pixels' Width='110' Height='77' />
</Image>
<Image Id='113' Native='False' Path='headline-news_100x70_white_gloss_border.png' Format='png'>
<Size Units='Pixels' Width='110' Height='77' />
</Image>
<Image Id='114' Native='False' Path='MSNBC_100x70_white_gloss_border.png' Format='png'>
<Size Units='Pixels' Width='110' Height='77' />
</Image>
<Image Id='115' Native='False' Path='PBS_20Kids_100x70_white_gloss_border.png' Format='png'>
<Size Units='Pixels' Width='110' Height='77' />
</Image>
<Image Id='116' Native='False' Path='Toon_20Disney_100x70_white_gloss_border.png' Format='png'>
<Size Units='Pixels' Width='110' Height='77' />
</Image>
<Image Id='117' Native='False' Path='history-channel_100x70_white_gloss_border.png' Format='png'>
<Size Units='Pixels' Width='110' Height='77' />
</Image>
<Image Id='118' Native='False' Path='tlc_100x70_white_gloss_border.png' Format='png'>
<Size Units='Pixels' Width='110' Height='77' />
</Image>
<Image Id='119' Native='False' Path='Noggin_20-_20The_20N_100x70_white_gloss_border.png' Format='png'>
<Size Units='Pixels' Width='110' Height='77' />
</Image>
<Image Id='120' Native='False' Path='Nickelodeon_100x70_white_gloss_border.png' Format='png'>
<Size Units='Pixels' Width='110' Height='77' />
</Image>
<Image Id='121' Native='False' Path='nicktoons-network_100x70_white_gloss_border.png' Format='png'>
<Size Units='Pixels' Width='110' Height='77' />
</Image>
<Image Id='122' Native='False' Path='cartoon-network_100x70_white_gloss_border.png' Format='png'>
<Size Units='Pixels' Width='110' Height='77' />
</Image>
<Image Id='123' Native='False' Path='Discovery_20HD_20Theater_100x70_white_gloss_border.png' Format='png'>
<Size Units='Pixels' Width='110' Height='77' />
</Image>
<Image Id='124' Native='False' Path='ps_xm_sat_radio-180x180_0.png' Format='png'>
<Size Units='Pixels' Width='180' Height='180' />
</Image>
<Image Id='125' Native='False' Path='aero_jukebox_180x180_0.png' Format='png'>
<Size Units='Pixels' Width='180' Height='180' />
</Image>
<Image Id='126' Native='False' Path='ad20e420371c87de.png' Format='png'>
<Size Units='Pixels' Width='100' Height='100' />
</Image>
<Image Id='127' Native='False' Path='slider_indicator.png' Format='png'>
<Size Units='Pixels' Width='27' Height='46' />
</Image>
<Image Id='128' Native='False' Path='album_art_unavail_48.png' Format='png'>
<Size Units='Pixels' Width='48' Height='48' />
</Image>
<Image Id='129' Native='False' Path='00_blank.png' Format='png'>
<Size Units='Pixels' Width='108' Height='31' />
</Image>
<Image Id='130' Native='False' Path='01_lastfm.png' Format='png'>
<Size Units='Pixels' Width='108' Height='31' />
</Image>
<Image Id='131' Native='False' Path='02_Pandora.png' Format='png'>
<Size Units='Pixels' Width='108' Height='31' />
</Image>
<Image Id='132' Native='False' Path='03_SiriusXM.png' Format='png'>
<Size Units='Pixels' Width='108' Height='31' />
</Image>
<Image Id='133' Native='False' Path='04_Rhapsody.png' Format='png'>
<Size Units='Pixels' Width='108' Height='31' />
</Image>
<Image Id='134' Native='False' Path='05_Spotify.png' Format='png'>
<Size Units='Pixels' Width='108' Height='31' />
</Image>
<Image Id='135' Native='False' Path='06_tunein.png' Format='png'>
<Size Units='Pixels' Width='108' Height='31' />
</Image>
<Image Id='136' Native='False' Path='stars_blank.png' Format='png'>
<Size Units='Pixels' Width='92' Height='29' />
</Image>
<Image Id='137' Native='False' Path='stars_0.png' Format='png'>
<Size Units='Pixels' Width='92' Height='29' />
</Image>
<Image Id='138' Native='False' Path='stars_1.png' Format='png'>
<Size Units='Pixels' Width='92' Height='29' />
</Image>
<Image Id='139' Native='False' Path='stars_2.png' Format='png'>
<Size Units='Pixels' Width='92' Height='29' />
</Image>
<Image Id='140' Native='False' Path='stars_3.png' Format='png'>
<Size Units='Pixels' Width='92' Height='29' />
</Image>
<Image Id='141' Native='False' Path='stars_4.png' Format='png'>
<Size Units='Pixels' Width='92' Height='29' />
</Image>
<Image Id='142' Native='False' Path='stars_5.png' Format='png'>
<Size Units='Pixels' Width='92' Height='29' />
</Image>
<Image Id='143' Native='False' Path='progress_bar.png' Format='png'>
<Size Units='Pixels' Width='287' Height='15' />
</Image>
<Image Id='144' Native='False' Path='progress_indicator.png' Format='png'>
<Size Units='Pixels' Width='354' Height='14' />
</Image>
<Image Id='145' Native='False' Path='btn_55x43_0.png' Format='png'>
<Size Units='Pixels' Width='55' Height='43' />
</Image>
<Image Id='146' Native='False' Path='btn_55x43_1.png' Format='png'>
<Size Units='Pixels' Width='55' Height='43' />
</Image>
<Image Id='147' Native='False' Path='btn_235x50_0.png' Format='png'>
<Size Units='Pixels' Width='235' Height='50' />
</Image>
<Image Id='148' Native='False' Path='btn_235x50_1.png' Format='png'>
<Size Units='Pixels' Width='235' Height='50' />
</Image>
<Image Id='149' Native='False' Path='btn_65x43_0.png' Format='png'>
<Size Units='Pixels' Width='65' Height='43' />
</Image>
<Image Id='150' Native='False' Path='btn_65x43_1.png' Format='png'>
<Size Units='Pixels' Width='65' Height='43' />
</Image>
<Image Id='151' Native='False' Path='btn_85x43_0.png' Format='png'>
<Size Units='Pixels' Width='85' Height='43' />
</Image>
<Image Id='152' Native='False' Path='btn_85x43_1.png' Format='png'>
<Size Units='Pixels' Width='85' Height='43' />
</Image>
<Image Id='153' Native='False' Path='input_270x30.png' Format='png'>
<Size Units='Pixels' Width='270' Height='30' />
</Image>
<Image Id='154' Native='False' Path='ps_kaleidescape_logo-180x180_0.png' Format='png'>
<Size Units='Pixels' Width='180' Height='180' />
</Image>
<Image Id='155' Native='False' Path='Satellite_0.png' Format='png'>
<Size Units='Pixels' Width='120' Height='120' />
</Image>
<Image Id='156' Native='False' Path='Satellite_1.png' Format='png'>
<Size Units='Pixels' Width='120' Height='120' />
</Image>
<Image Id='157' Native='False' Path='Cable_0.png' Format='png'>
<Size Units='Pixels' Width='120' Height='120' />
</Image>
<Image Id='158' Native='False' Path='Cable_1.png' Format='png'>
<Size Units='Pixels' Width='120' Height='120' />
</Image>
<Image Id='159' Native='False' Path='Kaleidescape_0.png' Format='png'>
<Size Units='Pixels' Width='120' Height='120' />
</Image>
<Image Id='160' Native='False' Path='Kaleidescape_1.png' Format='png'>
<Size Units='Pixels' Width='120' Height='120' />
</Image>
<Image Id='161' Native='False' Path='Blu-ray_0.png' Format='png'>
<Size Units='Pixels' Width='120' Height='120' />
</Image>
<Image Id='162' Native='False' Path='Blu-ray_1.png' Format='png'>
<Size Units='Pixels' Width='120' Height='120' />
</Image>
<Image Id='163' Native='False' Path='AppleTV_0.png' Format='png'>
<Size Units='Pixels' Width='120' Height='120' />
</Image>
<Image Id='164' Native='False' Path='AppleTV_1.png' Format='png'>
<Size Units='Pixels' Width='120' Height='120' />
</Image>
<Image Id='165' Native='False' Path='Laptop_0.png' Format='png'>
<Size Units='Pixels' Width='120' Height='120' />
</Image>
<Image Id='166' Native='False' Path='Laptop_1.png' Format='png'>
<Size Units='Pixels' Width='120' Height='120' />
</Image>
<Image Id='167' Native='False' Path='e1f6d8ab49c47ce7.png' Format='png'>
<Size Units='Pixels' Width='160' Height='160' />
</Image>
<Image Id='168' Native='False' Path='1024x768_20-_20hvacindoff.png' Format='png'>
<Size Units='Pixels' Width='19' Height='20' />
</Image>
<Image Id='169' Native='False' Path='1024x768_20-_20hvacindon.png' Format='png'>
<Size Units='Pixels' Width='19' Height='20' />
</Image>
</Resources>
</File>
