<?xml version='1.0' encoding='ISO-8859-1' ?>
<File Type='Page' Version='5.1.0'>
<Control Type='Page' Name='Main (00 Modes)' Transition='65535' TransitionDuration='-1'>
<Position Units='Pixels' X='0' Y='0' />
<Size Units='Pixels' Width='1024' Height='748' />
<VisualStyles>
<VisualStyle>
<Background>
<Color  R='1' G='1' B='1' A='1' />
</Background>
<Image Id='1' />
</VisualStyle>
</VisualStyles>
<Control Type='Subpage' Name='Subref' Reference='Main (00 Zones - Right Bar)'>
<Position Units='Pixels' X='899' Y='0' />
<Size Units='Pixels' Width='125' Height='748' />
</Control>
<Control Type='Subpage' Name='Subref' Reference='Main (00 Zones - Left Bar)'>
<Position Units='Pixels' X='0' Y='0' />
<Size Units='Pixels' Width='125' Height='748' />
</Control>
<Control Type='Subpage' Name='Subref' Reference='Main (00 Zones Bar)'>
<Position Units='Pixels' X='125' Y='0' />
<Size Units='Pixels' Width='774' Height='125' />
</Control>
<Control Type='Subpage' Name='Subref' Reference='Main (00 Modes - Audio-Video)'>
<Position Units='Pixels' X='125' Y='125' />
<Size Units='Pixels' Width='774' Height='623' />
</Control>
</Control>
</File>
