<?xml version='1.0' encoding='ISO-8859-1' ?>
<File Type='Page' Version='5.1.0'>
<Control Type='Subpage' Name='Main (03 Right Bar)'>
<Position Units='Pixels' X='0' Y='0' />
<Size Units='Pixels' Width='125' Height='748' />
<VisualStyles>
<VisualStyle>
<Background>
<Color  R='0' G='0' B='0' A='0' />
</Background>
<Image Id='2' />
</VisualStyle>
</VisualStyles>
<Control Type='Button' Name='Button'>
<Position Units='Pixels' X='30' Y='660' />
<Size Units='Pixels' Width='64' Height='64' />
<VisualStyles>
<VisualStyle State='0' Mode='0'>
<Face Type='2D'>
<Color  R='1' G='1' B='1' A='0' />
</Face>
<Image Id='12' Alpha='1' />
</VisualStyle>
<VisualStyle State='1' Mode='0'>
<Face Type='2D'>
<Color  R='1' G='1' B='1' A='0' />
</Face>
<Image Id='13' Alpha='1' />
</VisualStyle>
</VisualStyles>
<Bindings>
<Binding Id='10' Type='Digital' Property='State'/>
</Bindings>
<Commands>
<Command Action='TouchDown' Id='10' Type='Digital' Value='True' />
<Command Action='TouchUp' Id='10' Type='Digital' Value='False' />
</Commands>
</Control>
<Control Type='Button' Name='Button'>
<Position Units='Pixels' X='30' Y='572' />
<Size Units='Pixels' Width='64' Height='64' />
<VisualStyles>
<VisualStyle State='0' Mode='0'>
<Face Type='2D'>
<Color  R='1' G='1' B='1' A='0' />
</Face>
<Image Id='14' Alpha='1' />
</VisualStyle>
<VisualStyle State='1' Mode='0'>
<Face Type='2D'>
<Color  R='1' G='1' B='1' A='0' />
</Face>
<Image Id='15' Alpha='1' />
</VisualStyle>
</VisualStyles>
<Bindings>
<Binding Id='9' Type='Digital' Property='State'/>
</Bindings>
<Commands>
<Command Action='TouchDown' Id='9' Type='Digital' Value='True' />
<Command Action='TouchUp' Id='9' Type='Digital' Value='False' />
</Commands>
</Control>
<Control Type='Button' Name='Button'>
<Position Units='Pixels' X='30' Y='484' />
<Size Units='Pixels' Width='64' Height='64' />
<VisualStyles>
<VisualStyle State='0' Mode='0'>
<Face Type='2D'>
<Color  R='1' G='1' B='1' A='0' />
</Face>
<Image Id='16' Alpha='1' />
</VisualStyle>
<VisualStyle State='1' Mode='0'>
<Face Type='2D'>
<Color  R='1' G='1' B='1' A='0' />
</Face>
<Image Id='17' Alpha='1' />
</VisualStyle>
</VisualStyles>
<Bindings>
<Binding Id='8' Type='Digital' Property='State'/>
</Bindings>
<Commands>
<Command Action='TouchDown' Id='8' Type='Digital' Value='True' />
<Command Action='TouchUp' Id='8' Type='Digital' Value='False' />
</Commands>
</Control>
<Control Type='Button' Name='Button'>
<Position Units='Pixels' X='10' Y='136' />
<Size Units='Pixels' Width='105' Height='53' />
<VisualStyles>
<VisualStyle State='0' Mode='0'>
<Face Type='2D'>
<Color  R='1' G='1' B='1' A='0' />
</Face>
<Image Id='10' Alpha='1' />
<Text Id='102' FontId='2' Alignment='CenterCenter' Wrap='False'>
<Color  R='1' G='1' B='1' A='1' />
</Text>
</VisualStyle>
<VisualStyle State='1' Mode='0'>
<Face Type='2D'>
<Color  R='1' G='1' B='1' A='0' />
</Face>
<Image Id='11' Alpha='1' />
<Text Id='102' FontId='2' Alignment='CenterCenter' Wrap='False'>
<Color  R='1' G='1' B='1' A='1' />
</Text>
</VisualStyle>
</VisualStyles>
<Bindings>
<Binding Id='741' Type='Digital' Property='State'/>
</Bindings>
<Commands>
<Command Action='TouchDown' Id='741' Type='Digital' Value='True' />
<Command Action='TouchUp' Id='741' Type='Digital' Value='False' />
</Commands>
</Control>
<Control Type='Button' Name='Button'>
<Position Units='Pixels' X='10' Y='196' />
<Size Units='Pixels' Width='105' Height='53' />
<VisualStyles>
<VisualStyle State='0' Mode='0'>
<Face Type='2D'>
<Color  R='1' G='1' B='1' A='0' />
</Face>
<Image Id='10' Alpha='1' />
<Text Id='103' FontId='2' Alignment='CenterCenter' Wrap='False'>
<Color  R='1' G='1' B='1' A='1' />
</Text>
</VisualStyle>
<VisualStyle State='1' Mode='0'>
<Face Type='2D'>
<Color  R='1' G='1' B='1' A='0' />
</Face>
<Image Id='11' Alpha='1' />
<Text Id='103' FontId='2' Alignment='CenterCenter' Wrap='False'>
<Color  R='1' G='1' B='1' A='1' />
</Text>
</VisualStyle>
</VisualStyles>
<Bindings>
<Binding Id='742' Type='Digital' Property='State'/>
</Bindings>
<Commands>
<Command Action='TouchDown' Id='742' Type='Digital' Value='True' />
<Command Action='TouchUp' Id='742' Type='Digital' Value='False' />
</Commands>
</Control>
</Control>
</File>
