<?xml version='1.0' encoding='ISO-8859-1' ?>
<File Type='Page' Version='5.1.0'>
<Control Type='Page' Name='Main (00 Zones)' Transition='65535' TransitionDuration='-1'>
<Position Units='Pixels' X='0' Y='0' />
<Size Units='Pixels' Width='1024' Height='748' />
<VisualStyles>
<VisualStyle>
<Background>
<Color  R='1' G='1' B='1' A='1' />
</Background>
<Image Id='1' />
</VisualStyle>
</VisualStyles>
<Control Type='Subpage' Name='Subref' Reference='Main (00 Zones Bar)'>
<Position Units='Pixels' X='125' Y='0' />
<Size Units='Pixels' Width='774' Height='125' />
</Control>
<Control Type='Subpage' Name='Subref' Reference='Main (01 Audio Source Bar)-1'>
<Position Units='Pixels' X='125' Y='0' />
<Size Units='Pixels' Width='774' Height='125' />
<Bindings>
<Binding Id='403' Type='Digital' Property='Visible'/>
</Bindings>
</Control>
<Control Type='Subpage' Name='Subref' Reference='Main (01 Audio Source Bar)-2'>
<Position Units='Pixels' X='125' Y='0' />
<Size Units='Pixels' Width='774' Height='125' />
<Bindings>
<Binding Id='404' Type='Digital' Property='Visible'/>
</Bindings>
</Control>
<Control Type='Subpage' Name='Subref' Reference='Main (01 Audio Source Bar)-3'>
<Position Units='Pixels' X='125' Y='0' />
<Size Units='Pixels' Width='774' Height='125' />
<Bindings>
<Binding Id='405' Type='Digital' Property='Visible'/>
</Bindings>
</Control>
<Control Type='Subpage' Name='Subref' Reference='Main (01 Audio Source Bar)-4'>
<Position Units='Pixels' X='125' Y='0' />
<Size Units='Pixels' Width='774' Height='125' />
<Bindings>
<Binding Id='406' Type='Digital' Property='Visible'/>
</Bindings>
</Control>
<Control Type='Subpage' Name='Subref' Reference='Main (02 Video Sources Bar)-1'>
<Position Units='Pixels' X='125' Y='0' />
<Size Units='Pixels' Width='774' Height='125' />
<Bindings>
<Binding Id='407' Type='Digital' Property='Visible'/>
</Bindings>
</Control>
<Control Type='Subpage' Name='Subref' Reference='Main (02 Video Sources Bar)-2'>
<Position Units='Pixels' X='125' Y='0' />
<Size Units='Pixels' Width='774' Height='125' />
<Bindings>
<Binding Id='408' Type='Digital' Property='Visible'/>
</Bindings>
</Control>
<Control Type='Subpage' Name='Subref' Reference='Main (02 Video Sources Bar)-3'>
<Position Units='Pixels' X='125' Y='0' />
<Size Units='Pixels' Width='774' Height='125' />
<Bindings>
<Binding Id='409' Type='Digital' Property='Visible'/>
</Bindings>
</Control>
<Control Type='Subpage' Name='Subref' Reference='Main (02 Video Sources Bar)-4'>
<Position Units='Pixels' X='125' Y='0' />
<Size Units='Pixels' Width='774' Height='125' />
<Bindings>
<Binding Id='410' Type='Digital' Property='Visible'/>
</Bindings>
</Control>
<Control Type='Subpage' Name='Subref' Reference='Main (00 Zones - Right Bar)'>
<Position Units='Pixels' X='899' Y='0' />
<Size Units='Pixels' Width='125' Height='748' />
</Control>
<Control Type='Subpage' Name='Subref' Reference='Main (00 Zones - Left Bar)'>
<Position Units='Pixels' X='0' Y='0' />
<Size Units='Pixels' Width='125' Height='748' />
</Control>
<Control Type='Subpage' Name='Subref' Reference='Zones (00 - Main)'>
<Position Units='Pixels' X='125' Y='125' />
<Size Units='Pixels' Width='774' Height='623' />
</Control>
<Control Type='Subpage' Name='Subref' Reference='Zones (01 - Default)'>
<Position Units='Pixels' X='125' Y='125' />
<Size Units='Pixels' Width='774' Height='500' />
<Bindings>
<Binding Id='391' Type='Digital' Property='Visible'/>
</Bindings>
</Control>
<Control Type='Subpage' Name='Subref' Reference='Zones (01 - Group 2)'>
<Position Units='Pixels' X='125' Y='125' />
<Size Units='Pixels' Width='774' Height='500' />
<Bindings>
<Binding Id='392' Type='Digital' Property='Visible'/>
</Bindings>
</Control>
<Control Type='Subpage' Name='Subref' Reference='Zones (01 - Group 3)'>
<Position Units='Pixels' X='125' Y='125' />
<Size Units='Pixels' Width='774' Height='500' />
<Bindings>
<Binding Id='393' Type='Digital' Property='Visible'/>
</Bindings>
</Control>
<Control Type='Subpage' Name='Subref' Reference='Zones (01 - Group 4)'>
<Position Units='Pixels' X='125' Y='125' />
<Size Units='Pixels' Width='774' Height='500' />
<Bindings>
<Binding Id='394' Type='Digital' Property='Visible'/>
</Bindings>
</Control>
</Control>
</File>
