<?xml version='1.0' encoding='ISO-8859-1' ?>
<File Type='Page' Version='5.1.0'>
<Control Type='Page' Name='Main (04 Lighting)' Transition='65535' TransitionDuration='-1'>
<Position Units='Pixels' X='0' Y='0' />
<Size Units='Pixels' Width='1024' Height='748' />
<VisualStyles>
<VisualStyle>
<Background>
<Color  R='1' G='1' B='1' A='1' />
</Background>
<Image Id='1' />
</VisualStyle>
</VisualStyles>
<Bindings>
<Binding Id='44' Property='PageFlip'/>
</Bindings>
<Commands>
<Command Action='PageJoin' Id='44' Type='Digital' />
</Commands>
<Control Type='Subpage' Name='Subref' Reference='Main (04 Right Bar)'>
<Position Units='Pixels' X='899' Y='0' />
<Size Units='Pixels' Width='125' Height='748' />
</Control>
<Control Type='Subpage' Name='Subref' Reference='Main (00 Left Bar)'>
<Position Units='Pixels' X='0' Y='0' />
<Size Units='Pixels' Width='125' Height='748' />
</Control>
<Control Type='Subpage' Name='Subref' Reference='Main (04 Lighting Bar)'>
<Position Units='Pixels' X='125' Y='0' />
<Size Units='Pixels' Width='774' Height='125' />
</Control>
<Control Type='Subpage' Name='Subref' Reference='Lighting (01 Main)-06'>
<Position Units='Pixels' X='125' Y='125' />
<Size Units='Pixels' Width='774' Height='623' />
<Bindings>
<Binding Id='1011' Type='Digital' Property='Visible'/>
</Bindings>
</Control>
<Control Type='Subpage' Name='Subref' Reference='Lighting (01 Main)-02'>
<Position Units='Pixels' X='125' Y='125' />
<Size Units='Pixels' Width='774' Height='623' />
<Bindings>
<Binding Id='1010' Type='Digital' Property='Visible'/>
</Bindings>
</Control>
<Control Type='Subpage' Name='Subref' Reference='Lighting (01 Main)-06'>
<Position Units='Pixels' X='125' Y='125' />
<Size Units='Pixels' Width='774' Height='623' />
<Bindings>
<Binding Id='1009' Type='Digital' Property='Visible'/>
</Bindings>
</Control>
<Control Type='Subpage' Name='Subref' Reference='Lighting (01 Main)-06'>
<Position Units='Pixels' X='125' Y='125' />
<Size Units='Pixels' Width='774' Height='623' />
<Bindings>
<Binding Id='1008' Type='Digital' Property='Visible'/>
</Bindings>
</Control>
<Control Type='Subpage' Name='Subref' Reference='Lighting (01 Main)-07'>
<Position Units='Pixels' X='125' Y='125' />
<Size Units='Pixels' Width='774' Height='623' />
<Bindings>
<Binding Id='1007' Type='Digital' Property='Visible'/>
</Bindings>
</Control>
<Control Type='Subpage' Name='Subref' Reference='Lighting (22 Fireplace)'>
<Position Units='Pixels' X='909' Y='136' />
<Size Units='Pixels' Width='105' Height='53' />
<Bindings>
<Binding Id='1007' Type='Digital' Property='Visible'/>
</Bindings>
</Control>
<Control Type='Subpage' Name='Subref' Reference='Lighting (01 Main)-05'>
<Position Units='Pixels' X='125' Y='125' />
<Size Units='Pixels' Width='774' Height='623' />
<Bindings>
<Binding Id='1006' Type='Digital' Property='Visible'/>
</Bindings>
</Control>
<Control Type='Subpage' Name='Subref' Reference='Lighting (22 Fireplace)'>
<Position Units='Pixels' X='909' Y='136' />
<Size Units='Pixels' Width='105' Height='53' />
<Bindings>
<Binding Id='1006' Type='Digital' Property='Visible'/>
</Bindings>
</Control>
<Control Type='Subpage' Name='Subref' Reference='Lighting (01 Main)-06'>
<Position Units='Pixels' X='125' Y='125' />
<Size Units='Pixels' Width='774' Height='623' />
<Bindings>
<Binding Id='1005' Type='Digital' Property='Visible'/>
</Bindings>
</Control>
<Control Type='Subpage' Name='Subref' Reference='Lighting (01 Main)-06'>
<Position Units='Pixels' X='125' Y='125' />
<Size Units='Pixels' Width='774' Height='623' />
<Bindings>
<Binding Id='1004' Type='Digital' Property='Visible'/>
</Bindings>
</Control>
<Control Type='Subpage' Name='Subref' Reference='Lighting (07 Fireplace)'>
<Position Units='Pixels' X='909' Y='136' />
<Size Units='Pixels' Width='105' Height='53' />
<Bindings>
<Binding Id='1004' Type='Digital' Property='Visible'/>
</Bindings>
</Control>
<Control Type='Subpage' Name='Subref' Reference='Lighting (01 Main)-05'>
<Position Units='Pixels' X='125' Y='125' />
<Size Units='Pixels' Width='774' Height='623' />
<Bindings>
<Binding Id='1003' Type='Digital' Property='Visible'/>
</Bindings>
</Control>
<Control Type='Subpage' Name='Subref' Reference='Lighting (01 Main)-12 (Global)'>
<Position Units='Pixels' X='125' Y='125' />
<Size Units='Pixels' Width='774' Height='623' />
<Bindings>
<Binding Id='1002' Type='Digital' Property='Visible'/>
</Bindings>
</Control>
<Control Type='Subpage' Name='Subref' Reference='Lighting (01 Main)-16'>
<Position Units='Pixels' X='125' Y='125' />
<Size Units='Pixels' Width='774' Height='623' />
<Bindings>
<Binding Id='1001' Type='Digital' Property='Visible'/>
</Bindings>
</Control>
</Control>
</File>
