<?xml version='1.0' encoding='ISO-8859-1' ?>
<File Type='Page' Version='5.1.0'>
<Control Type='Subpage' Name='Main (03 Climate Bar)'>
<Position Units='Pixels' X='0' Y='0' />
<Size Units='Pixels' Width='774' Height='125' />
<VisualStyles>
<VisualStyle>
<Background>
<Color  R='0' G='0' B='0' A='0' />
</Background>
<Image Id='2' />
</VisualStyle>
</VisualStyles>
<Control Type='ScrollableArea' Name='HorizontalList'>
<Position Units='Pixels' X='0' Y='0' />
<Size Units='Pixels' Width='774' Height='120' />
<ContentArea Orientation='1'>
<Control Type='Button' Name='Item 1' Anchoring='27'>
<Position Units='Pixels' X='0' Y='0' />
<Size Units='Pixels' Width='120' Height='120' />
<VisualStyles>
<VisualStyle State='0' Mode='0'>
<Face Type='2D'>
<Color  R='0.752941' G='0.752941' B='0.752941' A='0' />
</Face>
<Image Id='72' Alpha='1' />
<Text FontId='3' Alignment='BottomCenter' Wrap='False'>
<Bindings>
<Binding Id='701' Type='Serial' Property='Text'/>
</Bindings>
<Color  R='1' G='1' B='1' A='1' />
</Text>
</VisualStyle>
<VisualStyle State='1' Mode='0'>
<Face Type='2D'>
<Color  R='0.752941' G='0.752941' B='0.752941' A='0' />
</Face>
<Image Id='73' Alpha='1' />
<Text FontId='3' Alignment='BottomCenter' Wrap='False'>
<Bindings>
<Binding Id='701' Type='Serial' Property='Text'/>
</Bindings>
<Color  R='1' G='1' B='1' A='1' />
</Text>
</VisualStyle>
</VisualStyles>
<Bindings>
<Binding Id='701' Type='Digital' Property='State'/>
</Bindings>
<Commands>
<Command Action='TouchDown' Id='701' Type='Digital' Value='True' />
<Command Action='TouchUp' Id='701' Type='Digital' Value='False' />
</Commands>
</Control>
<Control Type='Button' Name='Item 2' Anchoring='27'>
<Position Units='Pixels' X='120' Y='0' />
<Size Units='Pixels' Width='120' Height='120' />
<VisualStyles>
<VisualStyle State='0' Mode='0'>
<Face Type='2D'>
<Color  R='0.752941' G='0.752941' B='0.752941' A='0' />
</Face>
<Image Id='72' Alpha='1' />
<Text FontId='3' Alignment='BottomCenter' Wrap='False'>
<Bindings>
<Binding Id='702' Type='Serial' Property='Text'/>
</Bindings>
<Color  R='1' G='1' B='1' A='1' />
</Text>
</VisualStyle>
<VisualStyle State='1' Mode='0'>
<Face Type='2D'>
<Color  R='0.752941' G='0.752941' B='0.752941' A='0' />
</Face>
<Image Id='73' Alpha='1' />
<Text FontId='3' Alignment='BottomCenter' Wrap='False'>
<Bindings>
<Binding Id='702' Type='Serial' Property='Text'/>
</Bindings>
<Color  R='1' G='1' B='1' A='1' />
</Text>
</VisualStyle>
</VisualStyles>
<Bindings>
<Binding Id='702' Type='Digital' Property='State'/>
</Bindings>
<Commands>
<Command Action='TouchDown' Id='702' Type='Digital' Value='True' />
<Command Action='TouchUp' Id='702' Type='Digital' Value='False' />
</Commands>
</Control>
<Control Type='Button' Name='Item 3' Anchoring='27'>
<Position Units='Pixels' X='240' Y='0' />
<Size Units='Pixels' Width='120' Height='120' />
<VisualStyles>
<VisualStyle State='0' Mode='0'>
<Face Type='2D'>
<Color  R='0.752941' G='0.752941' B='0.752941' A='0' />
</Face>
<Image Id='72' Alpha='1' />
<Text FontId='3' Alignment='BottomCenter' Wrap='False'>
<Bindings>
<Binding Id='703' Type='Serial' Property='Text'/>
</Bindings>
<Color  R='1' G='1' B='1' A='1' />
</Text>
</VisualStyle>
<VisualStyle State='1' Mode='0'>
<Face Type='2D'>
<Color  R='0.752941' G='0.752941' B='0.752941' A='0' />
</Face>
<Image Id='73' Alpha='1' />
<Text FontId='3' Alignment='BottomCenter' Wrap='False'>
<Bindings>
<Binding Id='703' Type='Serial' Property='Text'/>
</Bindings>
<Color  R='1' G='1' B='1' A='1' />
</Text>
</VisualStyle>
</VisualStyles>
<Bindings>
<Binding Id='703' Type='Digital' Property='State'/>
</Bindings>
<Commands>
<Command Action='TouchDown' Id='703' Type='Digital' Value='True' />
<Command Action='TouchUp' Id='703' Type='Digital' Value='False' />
</Commands>
</Control>
<Control Type='Button' Name='Item 4' Anchoring='27'>
<Position Units='Pixels' X='360' Y='0' />
<Size Units='Pixels' Width='120' Height='120' />
<VisualStyles>
<VisualStyle State='0' Mode='0'>
<Face Type='2D'>
<Color  R='0.752941' G='0.752941' B='0.752941' A='0' />
</Face>
<Image Id='72' Alpha='1' />
<Text FontId='3' Alignment='BottomCenter' Wrap='False'>
<Bindings>
<Binding Id='704' Type='Serial' Property='Text'/>
</Bindings>
<Color  R='1' G='1' B='1' A='1' />
</Text>
</VisualStyle>
<VisualStyle State='1' Mode='0'>
<Face Type='2D'>
<Color  R='0.752941' G='0.752941' B='0.752941' A='0' />
</Face>
<Image Id='73' Alpha='1' />
<Text FontId='3' Alignment='BottomCenter' Wrap='False'>
<Bindings>
<Binding Id='704' Type='Serial' Property='Text'/>
</Bindings>
<Color  R='1' G='1' B='1' A='1' />
</Text>
</VisualStyle>
</VisualStyles>
<Bindings>
<Binding Id='704' Type='Digital' Property='State'/>
</Bindings>
<Commands>
<Command Action='TouchDown' Id='704' Type='Digital' Value='True' />
<Command Action='TouchUp' Id='704' Type='Digital' Value='False' />
</Commands>
</Control>
<Control Type='Button' Name='Item 5' Anchoring='27'>
<Position Units='Pixels' X='480' Y='0' />
<Size Units='Pixels' Width='120' Height='120' />
<VisualStyles>
<VisualStyle State='0' Mode='0'>
<Face Type='2D'>
<Color  R='0.752941' G='0.752941' B='0.752941' A='0' />
</Face>
<Image Id='72' Alpha='1' />
<Text FontId='3' Alignment='BottomCenter' Wrap='False'>
<Bindings>
<Binding Id='705' Type='Serial' Property='Text'/>
</Bindings>
<Color  R='1' G='1' B='1' A='1' />
</Text>
</VisualStyle>
<VisualStyle State='1' Mode='0'>
<Face Type='2D'>
<Color  R='0.752941' G='0.752941' B='0.752941' A='0' />
</Face>
<Image Id='73' Alpha='1' />
<Text FontId='3' Alignment='BottomCenter' Wrap='False'>
<Bindings>
<Binding Id='705' Type='Serial' Property='Text'/>
</Bindings>
<Color  R='1' G='1' B='1' A='1' />
</Text>
</VisualStyle>
</VisualStyles>
<Bindings>
<Binding Id='705' Type='Digital' Property='State'/>
</Bindings>
<Commands>
<Command Action='TouchDown' Id='705' Type='Digital' Value='True' />
<Command Action='TouchUp' Id='705' Type='Digital' Value='False' />
</Commands>
</Control>
<Control Type='Button' Name='Item 6' Anchoring='27'>
<Position Units='Pixels' X='600' Y='0' />
<Size Units='Pixels' Width='120' Height='120' />
<VisualStyles>
<VisualStyle State='0' Mode='0'>
<Face Type='2D'>
<Color  R='0.752941' G='0.752941' B='0.752941' A='0' />
</Face>
<Image Id='72' Alpha='1' />
<Text FontId='3' Alignment='BottomCenter' Wrap='False'>
<Bindings>
<Binding Id='706' Type='Serial' Property='Text'/>
</Bindings>
<Color  R='1' G='1' B='1' A='1' />
</Text>
</VisualStyle>
<VisualStyle State='1' Mode='0'>
<Face Type='2D'>
<Color  R='0.752941' G='0.752941' B='0.752941' A='0' />
</Face>
<Image Id='73' Alpha='1' />
<Text FontId='3' Alignment='BottomCenter' Wrap='False'>
<Bindings>
<Binding Id='706' Type='Serial' Property='Text'/>
</Bindings>
<Color  R='1' G='1' B='1' A='1' />
</Text>
</VisualStyle>
</VisualStyles>
<Bindings>
<Binding Id='706' Type='Digital' Property='State'/>
</Bindings>
<Commands>
<Command Action='TouchDown' Id='706' Type='Digital' Value='True' />
<Command Action='TouchUp' Id='706' Type='Digital' Value='False' />
</Commands>
</Control>
<Control Type='Button' Name='Item 7' Anchoring='27'>
<Position Units='Pixels' X='720' Y='0' />
<Size Units='Pixels' Width='120' Height='120' />
<VisualStyles>
<VisualStyle State='0' Mode='0'>
<Face Type='2D'>
<Color  R='0.752941' G='0.752941' B='0.752941' A='0' />
</Face>
<Image Id='72' Alpha='1' />
<Text FontId='3' Alignment='BottomCenter' Wrap='False'>
<Bindings>
<Binding Id='707' Type='Serial' Property='Text'/>
</Bindings>
<Color  R='1' G='1' B='1' A='1' />
</Text>
</VisualStyle>
<VisualStyle State='1' Mode='0'>
<Face Type='2D'>
<Color  R='0.752941' G='0.752941' B='0.752941' A='0' />
</Face>
<Image Id='73' Alpha='1' />
<Text FontId='3' Alignment='BottomCenter' Wrap='False'>
<Bindings>
<Binding Id='707' Type='Serial' Property='Text'/>
</Bindings>
<Color  R='1' G='1' B='1' A='1' />
</Text>
</VisualStyle>
</VisualStyles>
<Bindings>
<Binding Id='707' Type='Digital' Property='State'/>
</Bindings>
<Commands>
<Command Action='TouchDown' Id='707' Type='Digital' Value='True' />
<Command Action='TouchUp' Id='707' Type='Digital' Value='False' />
</Commands>
</Control>
<Control Type='Button' Name='Item 8' Anchoring='27'>
<Position Units='Pixels' X='840' Y='0' />
<Size Units='Pixels' Width='120' Height='120' />
<VisualStyles>
<VisualStyle State='0' Mode='0'>
<Face Type='2D'>
<Color  R='0.752941' G='0.752941' B='0.752941' A='0' />
</Face>
<Image Id='72' Alpha='1' />
<Text FontId='3' Alignment='BottomCenter' Wrap='False'>
<Bindings>
<Binding Id='708' Type='Serial' Property='Text'/>
</Bindings>
<Color  R='1' G='1' B='1' A='1' />
</Text>
</VisualStyle>
<VisualStyle State='1' Mode='0'>
<Face Type='2D'>
<Color  R='0.752941' G='0.752941' B='0.752941' A='0' />
</Face>
<Image Id='73' Alpha='1' />
<Text FontId='3' Alignment='BottomCenter' Wrap='False'>
<Bindings>
<Binding Id='708' Type='Serial' Property='Text'/>
</Bindings>
<Color  R='1' G='1' B='1' A='1' />
</Text>
</VisualStyle>
</VisualStyles>
<Bindings>
<Binding Id='708' Type='Digital' Property='State'/>
</Bindings>
<Commands>
<Command Action='TouchDown' Id='708' Type='Digital' Value='True' />
<Command Action='TouchUp' Id='708' Type='Digital' Value='False' />
</Commands>
</Control>
<Control Type='Button' Name='Item 9' Anchoring='27'>
<Position Units='Pixels' X='960' Y='0' />
<Size Units='Pixels' Width='120' Height='120' />
<VisualStyles>
<VisualStyle State='0' Mode='0'>
<Face Type='2D'>
<Color  R='0.752941' G='0.752941' B='0.752941' A='0' />
</Face>
<Image Id='72' Alpha='1' />
<Text FontId='3' Alignment='BottomCenter' Wrap='False'>
<Bindings>
<Binding Id='709' Type='Serial' Property='Text'/>
</Bindings>
<Color  R='1' G='1' B='1' A='1' />
</Text>
</VisualStyle>
<VisualStyle State='1' Mode='0'>
<Face Type='2D'>
<Color  R='0.752941' G='0.752941' B='0.752941' A='0' />
</Face>
<Image Id='73' Alpha='1' />
<Text FontId='3' Alignment='BottomCenter' Wrap='False'>
<Bindings>
<Binding Id='709' Type='Serial' Property='Text'/>
</Bindings>
<Color  R='1' G='1' B='1' A='1' />
</Text>
</VisualStyle>
</VisualStyles>
<Bindings>
<Binding Id='709' Type='Digital' Property='State'/>
</Bindings>
<Commands>
<Command Action='TouchDown' Id='709' Type='Digital' Value='True' />
<Command Action='TouchUp' Id='709' Type='Digital' Value='False' />
</Commands>
</Control>
<Control Type='Button' Name='Item 10' Anchoring='27'>
<Position Units='Pixels' X='1080' Y='0' />
<Size Units='Pixels' Width='120' Height='120' />
<VisualStyles>
<VisualStyle State='0' Mode='0'>
<Face Type='2D'>
<Color  R='0.752941' G='0.752941' B='0.752941' A='0' />
</Face>
<Image Id='72' Alpha='1' />
<Text FontId='3' Alignment='BottomCenter' Wrap='False'>
<Bindings>
<Binding Id='710' Type='Serial' Property='Text'/>
</Bindings>
<Color  R='1' G='1' B='1' A='1' />
</Text>
</VisualStyle>
<VisualStyle State='1' Mode='0'>
<Face Type='2D'>
<Color  R='0.752941' G='0.752941' B='0.752941' A='0' />
</Face>
<Image Id='73' Alpha='1' />
<Text FontId='3' Alignment='BottomCenter' Wrap='False'>
<Bindings>
<Binding Id='710' Type='Serial' Property='Text'/>
</Bindings>
<Color  R='1' G='1' B='1' A='1' />
</Text>
</VisualStyle>
</VisualStyles>
<Bindings>
<Binding Id='710' Type='Digital' Property='State'/>
</Bindings>
<Commands>
<Command Action='TouchDown' Id='710' Type='Digital' Value='True' />
<Command Action='TouchUp' Id='710' Type='Digital' Value='False' />
</Commands>
</Control>
<Control Type='Button' Name='Item 11' Anchoring='27'>
<Position Units='Pixels' X='1200' Y='0' />
<Size Units='Pixels' Width='120' Height='120' />
<VisualStyles>
<VisualStyle State='0' Mode='0'>
<Face Type='2D'>
<Color  R='0.752941' G='0.752941' B='0.752941' A='0' />
</Face>
<Image Id='72' Alpha='1' />
<Text FontId='3' Alignment='BottomCenter' Wrap='False'>
<Bindings>
<Binding Id='711' Type='Serial' Property='Text'/>
</Bindings>
<Color  R='1' G='1' B='1' A='1' />
</Text>
</VisualStyle>
<VisualStyle State='1' Mode='0'>
<Face Type='2D'>
<Color  R='0.752941' G='0.752941' B='0.752941' A='0' />
</Face>
<Image Id='73' Alpha='1' />
<Text FontId='3' Alignment='BottomCenter' Wrap='False'>
<Bindings>
<Binding Id='711' Type='Serial' Property='Text'/>
</Bindings>
<Color  R='1' G='1' B='1' A='1' />
</Text>
</VisualStyle>
</VisualStyles>
<Bindings>
<Binding Id='711' Type='Digital' Property='State'/>
</Bindings>
<Commands>
<Command Action='TouchDown' Id='711' Type='Digital' Value='True' />
<Command Action='TouchUp' Id='711' Type='Digital' Value='False' />
</Commands>
</Control>
</ContentArea >
</Control>
</Control>
</File>
