<?xml version='1.0' encoding='ISO-8859-1' ?>
<File Type='Page' Version='5.1.0'>
<Control Type='Subpage' Name='Main (02 Video Sources Bar)'>
<Position Units='Pixels' X='0' Y='0' />
<Size Units='Pixels' Width='774' Height='125' />
<VisualStyles>
<VisualStyle>
<Background>
<Color  R='0' G='0' B='0' A='0' />
</Background>
</VisualStyle>
</VisualStyles>
<Control Type='ScrollableArea' Name='HorizontalList_3'>
<Position Units='Pixels' X='0' Y='0' />
<Size Units='Pixels' Width='774' Height='120' />
<ContentArea Orientation='1'>
<Control Type='Button' Name='Item 1' Anchoring='27'>
<Position Units='Pixels' X='0' Y='0' />
<Size Units='Pixels' Width='120' Height='120' />
<VisualStyles>
<VisualStyle State='0' Mode='0'>
<Face Type='2D'>
<Color  R='0.752941' G='0.752941' B='0.752941' A='0' />
</Face>
<Image Id='155' Alpha='1' />
<Text Id='209' FontId='3' Alignment='BottomCenter' Wrap='False'>
<Color  R='1' G='1' B='1' A='1' />
</Text>
</VisualStyle>
<VisualStyle State='1' Mode='0'>
<Face Type='2D'>
<Color  R='0.752941' G='0.752941' B='0.752941' A='0' />
</Face>
<Image Id='156' Alpha='1' />
<Text Id='209' FontId='3' Alignment='BottomCenter' Wrap='False'>
<Color  R='1' G='1' B='1' A='1' />
</Text>
</VisualStyle>
</VisualStyles>
<Bindings>
<Binding Id='341' Type='Digital' Property='State'/>
</Bindings>
<Commands>
<Command Action='TouchDown' Id='341' Type='Digital' Value='True' />
<Command Action='TouchUp' Id='341' Type='Digital' Value='False' />
</Commands>
</Control>
<Control Type='Button' Name='Item 2' Anchoring='27'>
<Position Units='Pixels' X='120' Y='0' />
<Size Units='Pixels' Width='120' Height='120' />
<VisualStyles>
<VisualStyle State='0' Mode='0'>
<Face Type='2D'>
<Color  R='0.752941' G='0.752941' B='0.752941' A='0' />
</Face>
<Image Id='157' Alpha='1' />
<Text Id='210' FontId='3' Alignment='BottomCenter' Wrap='False'>
<Color  R='1' G='1' B='1' A='1' />
</Text>
</VisualStyle>
<VisualStyle State='1' Mode='0'>
<Face Type='2D'>
<Color  R='0.752941' G='0.752941' B='0.752941' A='0' />
</Face>
<Image Id='158' Alpha='1' />
<Text Id='210' FontId='3' Alignment='BottomCenter' Wrap='False'>
<Color  R='1' G='1' B='1' A='1' />
</Text>
</VisualStyle>
</VisualStyles>
<Bindings>
<Binding Id='337' Type='Digital' Property='State'/>
</Bindings>
<Commands>
<Command Action='TouchDown' Id='337' Type='Digital' Value='True' />
<Command Action='TouchUp' Id='337' Type='Digital' Value='False' />
</Commands>
</Control>
<Control Type='Button' Name='Item 3' Anchoring='27'>
<Position Units='Pixels' X='240' Y='0' />
<Size Units='Pixels' Width='120' Height='120' />
<VisualStyles>
<VisualStyle State='0' Mode='0'>
<Face Type='2D'>
<Color  R='0.752941' G='0.752941' B='0.752941' A='0' />
</Face>
<Image Id='159' Alpha='1' />
<Text Id='211' FontId='3' Alignment='BottomCenter' Wrap='False'>
<Color  R='1' G='1' B='1' A='1' />
</Text>
</VisualStyle>
<VisualStyle State='1' Mode='0'>
<Face Type='2D'>
<Color  R='0.752941' G='0.752941' B='0.752941' A='0' />
</Face>
<Image Id='160' Alpha='1' />
<Text Id='211' FontId='3' Alignment='BottomCenter' Wrap='False'>
<Color  R='1' G='1' B='1' A='1' />
</Text>
</VisualStyle>
</VisualStyles>
<Bindings>
<Binding Id='344' Type='Digital' Property='State'/>
</Bindings>
<Commands>
<Command Action='TouchDown' Id='344' Type='Digital' Value='True' />
<Command Action='TouchUp' Id='344' Type='Digital' Value='False' />
</Commands>
</Control>
<Control Type='Button' Name='Item 4' Anchoring='27'>
<Position Units='Pixels' X='360' Y='0' />
<Size Units='Pixels' Width='120' Height='120' />
<VisualStyles>
<VisualStyle State='0' Mode='0'>
<Face Type='2D'>
<Color  R='0.752941' G='0.752941' B='0.752941' A='0' />
</Face>
<Image Id='161' Alpha='1' />
<Text Id='212' FontId='3' Alignment='BottomCenter' Wrap='False'>
<Color  R='1' G='1' B='1' A='1' />
</Text>
</VisualStyle>
<VisualStyle State='1' Mode='0'>
<Face Type='2D'>
<Color  R='0.752941' G='0.752941' B='0.752941' A='0' />
</Face>
<Image Id='162' Alpha='1' />
<Text Id='212' FontId='3' Alignment='BottomCenter' Wrap='False'>
<Color  R='1' G='1' B='1' A='1' />
</Text>
</VisualStyle>
</VisualStyles>
<Bindings>
<Binding Id='328' Type='Digital' Property='State'/>
</Bindings>
<Commands>
<Command Action='TouchDown' Id='328' Type='Digital' Value='True' />
<Command Action='TouchUp' Id='328' Type='Digital' Value='False' />
</Commands>
</Control>
<Control Type='Button' Name='Item 5' Anchoring='27'>
<Position Units='Pixels' X='480' Y='0' />
<Size Units='Pixels' Width='120' Height='120' />
<VisualStyles>
<VisualStyle State='0' Mode='0'>
<Face Type='2D'>
<Color  R='0.752941' G='0.752941' B='0.752941' A='0' />
</Face>
<Image Id='163' Alpha='1' />
<Text Id='213' FontId='3' Alignment='BottomCenter' Wrap='False'>
<Color  R='1' G='1' B='1' A='1' />
</Text>
</VisualStyle>
<VisualStyle State='1' Mode='0'>
<Face Type='2D'>
<Color  R='0.752941' G='0.752941' B='0.752941' A='0' />
</Face>
<Image Id='164' Alpha='1' />
<Text Id='213' FontId='3' Alignment='BottomCenter' Wrap='False'>
<Color  R='1' G='1' B='1' A='1' />
</Text>
</VisualStyle>
</VisualStyles>
<Bindings>
<Binding Id='327' Type='Digital' Property='State'/>
</Bindings>
<Commands>
<Command Action='TouchDown' Id='327' Type='Digital' Value='True' />
<Command Action='TouchUp' Id='327' Type='Digital' Value='False' />
</Commands>
</Control>
<Control Type='Button' Name='Item 6' Anchoring='27'>
<Position Units='Pixels' X='600' Y='0' />
<Size Units='Pixels' Width='120' Height='120' />
<VisualStyles>
<VisualStyle State='0' Mode='0'>
<Face Type='2D'>
<Color  R='0.752941' G='0.752941' B='0.752941' A='0' />
</Face>
<Image Id='165' Alpha='1' />
<Text Id='214' FontId='3' Alignment='BottomCenter' Wrap='False'>
<Color  R='1' G='1' B='1' A='1' />
</Text>
</VisualStyle>
<VisualStyle State='1' Mode='0'>
<Face Type='2D'>
<Color  R='0.752941' G='0.752941' B='0.752941' A='0' />
</Face>
<Image Id='166' Alpha='1' />
<Text Id='214' FontId='3' Alignment='BottomCenter' Wrap='False'>
<Color  R='1' G='1' B='1' A='1' />
</Text>
</VisualStyle>
</VisualStyles>
<Bindings>
<Binding Id='326' Type='Digital' Property='State'/>
</Bindings>
<Commands>
<Command Action='TouchDown' Id='326' Type='Digital' Value='True' />
<Command Action='TouchUp' Id='326' Type='Digital' Value='False' />
</Commands>
</Control>
<Control Type='Button' Name='Item 7' Anchoring='27'>
<Position Units='Pixels' X='720' Y='0' />
<Size Units='Pixels' Width='120' Height='120' />
<VisualStyles>
<VisualStyle State='0' Mode='0'>
<Face Type='2D'>
<Color  R='0.752941' G='0.752941' B='0.752941' A='0' />
</Face>
<Image Id='24' Alpha='1' />
<Text Id='10' FontId='3' Alignment='BottomCenter' Wrap='False'>
<Color  R='1' G='1' B='1' A='1' />
</Text>
</VisualStyle>
<VisualStyle State='1' Mode='0'>
<Face Type='2D'>
<Color  R='0.752941' G='0.752941' B='0.752941' A='0' />
</Face>
<Image Id='25' Alpha='1' />
<Text Id='10' FontId='3' Alignment='BottomCenter' Wrap='False'>
<Color  R='1' G='1' B='1' A='1' />
</Text>
</VisualStyle>
</VisualStyles>
<Bindings>
<Binding Id='300' Type='Digital' Property='State'/>
</Bindings>
<Commands>
<Command Action='TouchDown' Id='300' Type='Digital' Value='True' />
<Command Action='TouchUp' Id='300' Type='Digital' Value='False' />
</Commands>
</Control>
</ContentArea >
</Control>
</Control>
</File>
