<?xml version='1.0' encoding='ISO-8859-1' ?>
<File Type='Page' Version='5.1.0'>
<Control Type='Subpage' Name='Main (01 Audio Source Bar)'>
<Position Units='Pixels' X='0' Y='0' />
<Size Units='Pixels' Width='774' Height='125' />
<VisualStyles>
<VisualStyle>
<Background>
<Color  R='0' G='0' B='0' A='0' />
</Background>
</VisualStyle>
</VisualStyles>
<Control Type='ScrollableArea' Name='HorizontalList_3_1'>
<Position Units='Pixels' X='147' Y='0' />
<Size Units='Pixels' Width='480' Height='120' />
<ContentArea Orientation='1'>
<Control Type='Button' Name='Item 1' Anchoring='27'>
<Position Units='Pixels' X='0' Y='0' />
<Size Units='Pixels' Width='120' Height='120' />
<VisualStyles>
<VisualStyle State='0' Mode='0'>
<Face Type='2D'>
<Color  R='0.752941' G='0.752941' B='0.752941' A='0' />
</Face>
<Image Id='18' Alpha='1' />
<Text Id='7' FontId='3' Alignment='BottomCenter' Wrap='False'>
<Color  R='1' G='1' B='1' A='1' />
</Text>
</VisualStyle>
<VisualStyle State='1' Mode='0'>
<Face Type='2D'>
<Color  R='0.752941' G='0.752941' B='0.752941' A='0' />
</Face>
<Image Id='19' Alpha='1' />
<Text Id='7' FontId='3' Alignment='BottomCenter' Wrap='False'>
<Color  R='1' G='1' B='1' A='1' />
</Text>
</VisualStyle>
</VisualStyles>
<Bindings>
<Binding Id='302' Type='Digital' Property='State'/>
</Bindings>
<Commands>
<Command Action='TouchDown' Id='302' Type='Digital' Value='True' />
<Command Action='TouchUp' Id='302' Type='Digital' Value='False' />
</Commands>
</Control>
<Control Type='Button' Name='Item 2' Anchoring='27'>
<Position Units='Pixels' X='120' Y='0' />
<Size Units='Pixels' Width='120' Height='120' />
<VisualStyles>
<VisualStyle State='0' Mode='0'>
<Face Type='2D'>
<Color  R='0.752941' G='0.752941' B='0.752941' A='0' />
</Face>
<Image Id='20' Alpha='1' />
<Text Id='8' FontId='3' Alignment='BottomCenter' Wrap='False'>
<Color  R='1' G='1' B='1' A='1' />
</Text>
</VisualStyle>
<VisualStyle State='1' Mode='0'>
<Face Type='2D'>
<Color  R='0.752941' G='0.752941' B='0.752941' A='0' />
</Face>
<Image Id='21' Alpha='1' />
<Text Id='8' FontId='3' Alignment='BottomCenter' Wrap='False'>
<Color  R='1' G='1' B='1' A='1' />
</Text>
</VisualStyle>
</VisualStyles>
<Bindings>
<Binding Id='304' Type='Digital' Property='State'/>
</Bindings>
<Commands>
<Command Action='TouchDown' Id='304' Type='Digital' Value='True' />
<Command Action='TouchUp' Id='304' Type='Digital' Value='False' />
</Commands>
</Control>
<Control Type='Button' Name='Item 3' Anchoring='27'>
<Position Units='Pixels' X='240' Y='0' />
<Size Units='Pixels' Width='120' Height='120' />
<VisualStyles>
<VisualStyle State='0' Mode='0'>
<Face Type='2D'>
<Color  R='0.752941' G='0.752941' B='0.752941' A='0' />
</Face>
<Image Id='22' Alpha='1' />
<Text Id='9' FontId='3' Alignment='BottomCenter' Wrap='False'>
<Color  R='1' G='1' B='1' A='1' />
</Text>
</VisualStyle>
<VisualStyle State='1' Mode='0'>
<Face Type='2D'>
<Color  R='0.752941' G='0.752941' B='0.752941' A='0' />
</Face>
<Image Id='23' Alpha='1' />
<Text Id='9' FontId='3' Alignment='BottomCenter' Wrap='False'>
<Color  R='1' G='1' B='1' A='1' />
</Text>
</VisualStyle>
</VisualStyles>
<Bindings>
<Binding Id='306' Type='Digital' Property='State'/>
</Bindings>
<Commands>
<Command Action='TouchDown' Id='306' Type='Digital' Value='True' />
<Command Action='TouchUp' Id='306' Type='Digital' Value='False' />
</Commands>
</Control>
<Control Type='Button' Name='Item 4' Anchoring='27'>
<Position Units='Pixels' X='360' Y='0' />
<Size Units='Pixels' Width='120' Height='120' />
<VisualStyles>
<VisualStyle State='0' Mode='0'>
<Face Type='2D'>
<Color  R='0.752941' G='0.752941' B='0.752941' A='0' />
</Face>
<Image Id='24' Alpha='1' />
<Text Id='10' FontId='3' Alignment='BottomCenter' Wrap='False'>
<Color  R='1' G='1' B='1' A='1' />
</Text>
</VisualStyle>
<VisualStyle State='1' Mode='0'>
<Face Type='2D'>
<Color  R='0.752941' G='0.752941' B='0.752941' A='0' />
</Face>
<Image Id='25' Alpha='1' />
<Text Id='10' FontId='3' Alignment='BottomCenter' Wrap='False'>
<Color  R='1' G='1' B='1' A='1' />
</Text>
</VisualStyle>
</VisualStyles>
<Bindings>
<Binding Id='300' Type='Digital' Property='State'/>
</Bindings>
<Commands>
<Command Action='TouchDown' Id='300' Type='Digital' Value='True' />
<Command Action='TouchUp' Id='300' Type='Digital' Value='False' />
</Commands>
</Control>
</ContentArea >
</Control>
</Control>
</File>
