<?xml version='1.0' encoding='ISO-8859-1' ?>
<File Type='Page' Version='5.1.0'>
<Control Type='Page' Name='Main (03 Climate)' Transition='65535' TransitionDuration='-1'>
<Position Units='Pixels' X='0' Y='0' />
<Size Units='Pixels' Width='1024' Height='748' />
<VisualStyles>
<VisualStyle>
<Background>
<Color  R='1' G='1' B='1' A='1' />
</Background>
<Image Id='1' />
</VisualStyle>
</VisualStyles>
<Bindings>
<Binding Id='43' Property='PageFlip'/>
</Bindings>
<Commands>
<Command Action='PageJoin' Id='43' Type='Digital' />
</Commands>
<Control Type='Subpage' Name='Subref' Reference='Main (03 Right Bar)'>
<Position Units='Pixels' X='899' Y='0' />
<Size Units='Pixels' Width='125' Height='748' />
</Control>
<Control Type='Subpage' Name='Subref' Reference='Main (00 Left Bar)'>
<Position Units='Pixels' X='0' Y='0' />
<Size Units='Pixels' Width='125' Height='748' />
</Control>
<Control Type='Subpage' Name='Subref' Reference='Main (03 Climate Bar)'>
<Position Units='Pixels' X='125' Y='0' />
<Size Units='Pixels' Width='774' Height='125' />
</Control>
<Control Type='Subpage' Name='Subref' Reference='Climate (00 Main)'>
<Position Units='Pixels' X='125' Y='125' />
<Size Units='Pixels' Width='774' Height='623' />
</Control>
<Control Type='Subpage' Name='Subref' Reference='Climate (01 Main - Single Setpoint)'>
<Position Units='Pixels' X='125' Y='125' />
<Size Units='Pixels' Width='774' Height='623' />
<Bindings>
<Binding Id='745' Type='Digital' Property='Visible'/>
</Bindings>
</Control>
<Control Type='Subpage' Name='Subref' Reference='Climate (01 Main - Dual Setpoint)'>
<Position Units='Pixels' X='125' Y='125' />
<Size Units='Pixels' Width='774' Height='623' />
<Bindings>
<Binding Id='746' Type='Digital' Property='Visible'/>
</Bindings>
</Control>
<Control Type='Subpage' Name='Subref' Reference='Climate (02 Schedule)'>
<Position Units='Pixels' X='125' Y='125' />
<Size Units='Pixels' Width='774' Height='623' />
<Bindings>
<Binding Id='744' Type='Digital' Property='Visible'/>
</Bindings>
</Control>
</Control>
</File>
