<?xml version='1.0' encoding='ISO-8859-1' ?>
<File Type='Page' Version='5.1.0'>
<Control Type='Subpage' Name='Pool (01 Main)'>
<Position Units='Pixels' X='0' Y='0' />
<Size Units='Pixels' Width='774' Height='623' />
<VisualStyles>
<VisualStyle>
<Background>
<Color  R='0' G='0' B='0' A='0' />
</Background>
</VisualStyle>
</VisualStyles>
<Control Type='Button' Name='Image'>
<Position Units='Pixels' X='51' Y='280' />
<Size Units='Pixels' Width='672' Height='288' />
<VisualStyles>
<VisualStyle State='0' Mode='0'>
<Image Id='28' Alpha='1' />
</VisualStyle>
</VisualStyles>
</Control>
<Control Type='Button' Name='Button'>
<Position Units='Pixels' X='96' Y='367' />
<Size Units='Pixels' Width='130' Height='45' />
<VisualStyles>
<VisualStyle State='0' Mode='0'>
<Face Type='2D'>
<Color  R='1' G='1' B='1' A='0' />
</Face>
<Image Id='10' Alpha='1' />
<Text Id='90' FontId='2' Alignment='CenterCenter' Wrap='False'>
<Color  R='1' G='1' B='1' A='1' />
</Text>
</VisualStyle>
<VisualStyle State='1' Mode='0'>
<Face Type='2D'>
<Color  R='1' G='1' B='1' A='0' />
</Face>
<Image Id='11' Alpha='1' />
<Text Id='90' FontId='2' Alignment='CenterCenter' Wrap='False'>
<Color  R='1' G='1' B='1' A='1' />
</Text>
</VisualStyle>
</VisualStyles>
<Bindings>
<Binding Id='1105' Type='Digital' Property='State'/>
</Bindings>
<Commands>
<Command Action='TouchDown' Id='1105' Type='Digital' Value='True' />
<Command Action='TouchUp' Id='1105' Type='Digital' Value='False' />
</Commands>
</Control>
<Control Type='Button' Name='Text'>
<Position Units='Pixels' X='240' Y='56' />
<Size Units='Pixels' Width='324' Height='64' />
<VisualStyles>
<VisualStyle State='0' Mode='0'>
<Text Id='91' FontId='10' Alignment='CenterCenter' Wrap='False'>
<Color  R='1' G='1' B='1' A='1' />
</Text>
</VisualStyle>
</VisualStyles>
</Control>
<Control Type='Button' Name='Image'>
<Position Units='Pixels' X='32' Y='32' />
<Size Units='Pixels' Width='180' Height='180' />
<VisualStyles>
<VisualStyle State='0' Mode='0'>
<Image Id='80' Alpha='1' />
</VisualStyle>
</VisualStyles>
</Control>
<Control Type='Gauge' Name='DigitalGauge'>
<Position Units='Pixels' X='556' Y='56' />
<Size Units='Pixels' Width='112' Height='64' />
<VisualStyles>
<VisualStyle State='0' Mode='0'>
<Format Type='3' Signed='False'>
<Digital DecimalPosition='0' Digits='3' />
</Format>
<Face Type='2D'>
<Color  R='1' G='1' B='1' A='0' />
</Face>
<Text FontId='10' Alignment='CenterCenter' Wrap='False'>
<Color  R='1' G='1' B='1' A='1' />
</Text>
</VisualStyle>
</VisualStyles>
<Bindings>
<Binding Id='1102' Type='Analog' Property='Mode'/>
</Bindings>
</Control>
<Control Type='Button' Name='Button'>
<Position Units='Pixels' X='96' Y='430' />
<Size Units='Pixels' Width='130' Height='45' />
<VisualStyles>
<VisualStyle State='0' Mode='0'>
<Face Type='2D'>
<Color  R='1' G='1' B='1' A='0' />
</Face>
<Image Id='10' Alpha='1' />
<Text Id='92' FontId='2' Alignment='CenterCenter' Wrap='False'>
<Color  R='1' G='1' B='1' A='1' />
</Text>
</VisualStyle>
<VisualStyle State='1' Mode='0'>
<Face Type='2D'>
<Color  R='1' G='1' B='1' A='0' />
</Face>
<Image Id='11' Alpha='1' />
<Text Id='92' FontId='2' Alignment='CenterCenter' Wrap='False'>
<Color  R='1' G='1' B='1' A='1' />
</Text>
</VisualStyle>
</VisualStyles>
<Bindings>
<Binding Id='1117' Type='Digital' Property='State'/>
</Bindings>
<Commands>
<Command Action='TouchDown' Id='1117' Type='Digital' Value='True' />
<Command Action='TouchUp' Id='1117' Type='Digital' Value='False' />
</Commands>
</Control>
<Control Type='Button' Name='Button'>
<Position Units='Pixels' X='402' Y='428' />
<Size Units='Pixels' Width='130' Height='45' />
<VisualStyles>
<VisualStyle State='0' Mode='0'>
<Face Type='2D'>
<Color  R='1' G='1' B='1' A='0' />
</Face>
<Image Id='10' Alpha='1' />
<Text Id='93' FontId='2' Alignment='CenterCenter' Wrap='False'>
<Color  R='1' G='1' B='1' A='1' />
</Text>
</VisualStyle>
<VisualStyle State='1' Mode='0'>
<Face Type='2D'>
<Color  R='1' G='1' B='1' A='0' />
</Face>
<Image Id='11' Alpha='1' />
<Text Id='93' FontId='2' Alignment='CenterCenter' Wrap='False'>
<Color  R='1' G='1' B='1' A='1' />
</Text>
</VisualStyle>
</VisualStyles>
<Bindings>
<Binding Id='1103' Type='Digital' Property='State'/>
</Bindings>
<Commands>
<Command Action='TouchDown' Id='1103' Type='Digital' Value='True' />
<Command Action='TouchUp' Id='1103' Type='Digital' Value='False' />
</Commands>
</Control>
<Control Type='Button' Name='Button'>
<Position Units='Pixels' X='249' Y='367' />
<Size Units='Pixels' Width='130' Height='45' />
<VisualStyles>
<VisualStyle State='0' Mode='0'>
<Face Type='2D'>
<Color  R='1' G='1' B='1' A='0' />
</Face>
<Image Id='10' Alpha='1' />
<Text Id='94' FontId='2' Alignment='CenterCenter' Wrap='False'>
<Color  R='1' G='1' B='1' A='1' />
</Text>
</VisualStyle>
<VisualStyle State='1' Mode='0'>
<Face Type='2D'>
<Color  R='1' G='1' B='1' A='0' />
</Face>
<Image Id='11' Alpha='1' />
<Text Id='94' FontId='2' Alignment='CenterCenter' Wrap='False'>
<Color  R='1' G='1' B='1' A='1' />
</Text>
</VisualStyle>
</VisualStyles>
<Bindings>
<Binding Id='1114' Type='Digital' Property='State'/>
</Bindings>
<Commands>
<Command Action='TouchDown' Id='1114' Type='Digital' Value='True' />
<Command Action='TouchUp' Id='1114' Type='Digital' Value='False' />
</Commands>
</Control>
<Control Type='Button' Name='Button'>
<Position Units='Pixels' X='96' Y='493' />
<Size Units='Pixels' Width='130' Height='45' />
<VisualStyles>
<VisualStyle State='0' Mode='0'>
<Face Type='2D'>
<Color  R='1' G='1' B='1' A='0' />
</Face>
<Image Id='10' Alpha='1' />
<Text Id='95' FontId='2' Alignment='CenterCenter' Wrap='False'>
<Color  R='1' G='1' B='1' A='1' />
</Text>
</VisualStyle>
<VisualStyle State='1' Mode='0'>
<Face Type='2D'>
<Color  R='1' G='1' B='1' A='0' />
</Face>
<Image Id='11' Alpha='1' />
<Text Id='95' FontId='2' Alignment='CenterCenter' Wrap='False'>
<Color  R='1' G='1' B='1' A='1' />
</Text>
</VisualStyle>
</VisualStyles>
<Bindings>
<Binding Id='1108' Type='Digital' Property='State'/>
</Bindings>
<Commands>
<Command Action='TouchDown' Id='1108' Type='Digital' Value='True' />
<Command Action='TouchUp' Id='1108' Type='Digital' Value='False' />
</Commands>
</Control>
<Control Type='Button' Name='Button'>
<Position Units='Pixels' X='402' Y='493' />
<Size Units='Pixels' Width='130' Height='45' />
<VisualStyles>
<VisualStyle State='0' Mode='0'>
<Face Type='2D'>
<Color  R='1' G='1' B='1' A='0' />
</Face>
<Image Id='10' Alpha='1' />
<Text Id='96' FontId='2' Alignment='CenterCenter' Wrap='False'>
<Color  R='1' G='1' B='1' A='1' />
</Text>
</VisualStyle>
<VisualStyle State='1' Mode='0'>
<Face Type='2D'>
<Color  R='1' G='1' B='1' A='0' />
</Face>
<Image Id='11' Alpha='1' />
<Text Id='96' FontId='2' Alignment='CenterCenter' Wrap='False'>
<Color  R='1' G='1' B='1' A='1' />
</Text>
</VisualStyle>
</VisualStyles>
<Bindings>
<Binding Id='1104' Type='Digital' Property='State'/>
</Bindings>
<Commands>
<Command Action='TouchDown' Id='1104' Type='Digital' Value='True' />
<Command Action='TouchUp' Id='1104' Type='Digital' Value='False' />
</Commands>
</Control>
<Control Type='Button' Name='Button'>
<Position Units='Pixels' X='249' Y='428' />
<Size Units='Pixels' Width='130' Height='45' />
<VisualStyles>
<VisualStyle State='0' Mode='0'>
<Face Type='2D'>
<Color  R='1' G='1' B='1' A='0' />
</Face>
<Image Id='10' Alpha='1' />
<Text Id='97' FontId='2' Alignment='CenterCenter' Wrap='False'>
<Color  R='1' G='1' B='1' A='1' />
</Text>
</VisualStyle>
<VisualStyle State='1' Mode='0'>
<Face Type='2D'>
<Color  R='1' G='1' B='1' A='0' />
</Face>
<Image Id='11' Alpha='1' />
<Text Id='97' FontId='2' Alignment='CenterCenter' Wrap='False'>
<Color  R='1' G='1' B='1' A='1' />
</Text>
</VisualStyle>
</VisualStyles>
<Bindings>
<Binding Id='1121' Type='Digital' Property='State'/>
</Bindings>
<Commands>
<Command Action='TouchDown' Id='1121' Type='Digital' Value='True' />
<Command Action='TouchUp' Id='1121' Type='Digital' Value='False' />
</Commands>
</Control>
<Control Type='Gauge' Name='DigitalGauge'>
<Position Units='Pixels' X='402' Y='364' />
<Size Units='Pixels' Width='130' Height='45' />
<VisualStyles>
<VisualStyle State='0' Mode='0'>
<Format Type='3' Signed='False'>
<Digital DecimalPosition='0' Digits='3' />
</Format>
<Face Type='2D'>
<Color  R='1' G='1' B='1' A='0' />
</Face>
<Text FontId='2' Alignment='CenterCenter' Wrap='False'>
<Color  R='1' G='1' B='1' A='1' />
</Text>
</VisualStyle>
</VisualStyles>
<Bindings>
<Binding Id='1103' Type='Analog' Property='Mode'/>
</Bindings>
</Control>
<Control Type='Button' Name='Button'>
<Position Units='Pixels' X='249' Y='493' />
<Size Units='Pixels' Width='130' Height='45' />
<VisualStyles>
<VisualStyle State='0' Mode='0'>
<Face Type='2D'>
<Color  R='1' G='1' B='1' A='0' />
</Face>
<Image Id='10' Alpha='1' />
<Text Id='98' FontId='2' Alignment='CenterCenter' Wrap='False'>
<Color  R='1' G='1' B='1' A='1' />
</Text>
</VisualStyle>
<VisualStyle State='1' Mode='0'>
<Face Type='2D'>
<Color  R='1' G='1' B='1' A='0' />
</Face>
<Image Id='11' Alpha='1' />
<Text Id='98' FontId='2' Alignment='CenterCenter' Wrap='False'>
<Color  R='1' G='1' B='1' A='1' />
</Text>
</VisualStyle>
</VisualStyles>
<Bindings>
<Binding Id='1132' Type='Digital' Property='State'/>
</Bindings>
<Commands>
<Command Action='TouchDown' Id='1132' Type='Digital' Value='True' />
<Command Action='TouchUp' Id='1132' Type='Digital' Value='False' />
</Commands>
</Control>
<Control Type='Button' Name='Button'>
<Position Units='Pixels' X='555' Y='493' />
<Size Units='Pixels' Width='130' Height='45' />
<VisualStyles>
<VisualStyle State='0' Mode='0'>
<Face Type='2D'>
<Color  R='1' G='1' B='1' A='0' />
</Face>
<Image Id='10' Alpha='1' />
<Text Id='96' FontId='2' Alignment='CenterCenter' Wrap='False'>
<Color  R='1' G='1' B='1' A='1' />
</Text>
</VisualStyle>
<VisualStyle State='1' Mode='0'>
<Face Type='2D'>
<Color  R='1' G='1' B='1' A='0' />
</Face>
<Image Id='11' Alpha='1' />
<Text Id='96' FontId='2' Alignment='CenterCenter' Wrap='False'>
<Color  R='1' G='1' B='1' A='1' />
</Text>
</VisualStyle>
</VisualStyles>
<Bindings>
<Binding Id='1102' Type='Digital' Property='State'/>
</Bindings>
<Commands>
<Command Action='TouchDown' Id='1102' Type='Digital' Value='True' />
<Command Action='TouchUp' Id='1102' Type='Digital' Value='False' />
</Commands>
</Control>
<Control Type='Button' Name='Button'>
<Position Units='Pixels' X='555' Y='428' />
<Size Units='Pixels' Width='130' Height='45' />
<VisualStyles>
<VisualStyle State='0' Mode='0'>
<Face Type='2D'>
<Color  R='1' G='1' B='1' A='0' />
</Face>
<Image Id='10' Alpha='1' />
<Text Id='93' FontId='2' Alignment='CenterCenter' Wrap='False'>
<Color  R='1' G='1' B='1' A='1' />
</Text>
</VisualStyle>
<VisualStyle State='1' Mode='0'>
<Face Type='2D'>
<Color  R='1' G='1' B='1' A='0' />
</Face>
<Image Id='11' Alpha='1' />
<Text Id='93' FontId='2' Alignment='CenterCenter' Wrap='False'>
<Color  R='1' G='1' B='1' A='1' />
</Text>
</VisualStyle>
</VisualStyles>
<Bindings>
<Binding Id='1101' Type='Digital' Property='State'/>
</Bindings>
<Commands>
<Command Action='TouchDown' Id='1101' Type='Digital' Value='True' />
<Command Action='TouchUp' Id='1101' Type='Digital' Value='False' />
</Commands>
</Control>
<Control Type='Gauge' Name='DigitalGauge'>
<Position Units='Pixels' X='555' Y='364' />
<Size Units='Pixels' Width='130' Height='45' />
<VisualStyles>
<VisualStyle State='0' Mode='0'>
<Format Type='3' Signed='False'>
<Digital DecimalPosition='0' Digits='3' />
</Format>
<Face Type='2D'>
<Color  R='1' G='1' B='1' A='0' />
</Face>
<Text FontId='2' Alignment='CenterCenter' Wrap='False'>
<Color  R='1' G='1' B='1' A='1' />
</Text>
</VisualStyle>
</VisualStyles>
<Bindings>
<Binding Id='1101' Type='Analog' Property='Mode'/>
</Bindings>
</Control>
<Control Type='Button' Name='Text'>
<Position Units='Pixels' X='402' Y='304' />
<Size Units='Pixels' Width='130' Height='45' />
<VisualStyles>
<VisualStyle State='0' Mode='0'>
<Text Id='99' FontId='4' Alignment='CenterCenter' Wrap='False'>
<Color  R='1' G='0.501961' B='0.501961' A='1' />
</Text>
</VisualStyle>
</VisualStyles>
</Control>
<Control Type='Button' Name='Text'>
<Position Units='Pixels' X='555' Y='304' />
<Size Units='Pixels' Width='130' Height='45' />
<VisualStyles>
<VisualStyle State='0' Mode='0'>
<Text Id='100' FontId='4' Alignment='CenterCenter' Wrap='False'>
<Color  R='0.501961' G='1' B='1' A='1' />
</Text>
</VisualStyle>
</VisualStyles>
</Control>
<Control Type='Button' Name='Text'>
<Position Units='Pixels' X='240' Y='116' />
<Size Units='Pixels' Width='324' Height='64' />
<VisualStyles>
<VisualStyle State='0' Mode='0'>
<Text Id='101' FontId='10' Alignment='CenterCenter' Wrap='False'>
<Color  R='1' G='1' B='1' A='1' />
</Text>
</VisualStyle>
</VisualStyles>
</Control>
<Control Type='Gauge' Name='DigitalGauge'>
<Position Units='Pixels' X='556' Y='116' />
<Size Units='Pixels' Width='112' Height='64' />
<VisualStyles>
<VisualStyle State='0' Mode='0'>
<Format Type='3' Signed='False'>
<Digital DecimalPosition='0' Digits='3' />
</Format>
<Face Type='2D'>
<Color  R='1' G='1' B='1' A='0' />
</Face>
<Text FontId='10' Alignment='CenterCenter' Wrap='False'>
<Color  R='1' G='1' B='1' A='1' />
</Text>
</VisualStyle>
</VisualStyles>
<Bindings>
<Binding Id='1104' Type='Analog' Property='Mode'/>
</Bindings>
</Control>
<Control Type='Button' Name='Image'>
<Position Units='Pixels' X='264' Y='118' />
<Size Units='Pixels' Width='353' Height='8' />
<VisualStyles>
<VisualStyle State='0' Mode='0'>
<Image Id='81' Alpha='1' />
</VisualStyle>
</VisualStyles>
</Control>
<Control Type='Button' Name='Button'>
<Position Units='Pixels' X='207' Y='389' />
<Size Units='Pixels' Width='19' Height='23' />
<VisualStyles>
<VisualStyle State='0' Mode='0'>
<Face Type='2D'>
<Color  R='0.752941' G='0.752941' B='0.752941' A='0' />
</Face>
<Text Id='36' FontId='11' Alignment='CenterCenter' Wrap='False'>
<Color  R='0' G='1' B='0' A='1' />
</Text>
</VisualStyle>
<VisualStyle State='1' Mode='0'>
<Face Type='2D'>
<Color  R='0.752941' G='0.752941' B='0.752941' A='0' />
</Face>
</VisualStyle>
</VisualStyles>
<Bindings>
<Binding Id='1107' Type='Digital' Property='State'/>
</Bindings>
<Commands>
<Command Action='TouchDown' Id='1107' Type='Digital' Value='True' />
<Command Action='TouchUp' Id='1107' Type='Digital' Value='False' />
</Commands>
</Control>
<Control Type='Button' Name='Button'>
<Position Units='Pixels' X='207' Y='452' />
<Size Units='Pixels' Width='19' Height='23' />
<VisualStyles>
<VisualStyle State='0' Mode='0'>
<Face Type='2D'>
<Color  R='0.752941' G='0.752941' B='0.752941' A='0' />
</Face>
</VisualStyle>
<VisualStyle State='1' Mode='0'>
<Face Type='2D'>
<Color  R='0.752941' G='0.752941' B='0.752941' A='0' />
</Face>
<Text Id='36' FontId='11' Alignment='CenterCenter' Wrap='False'>
<Color  R='0' G='1' B='0' A='1' />
</Text>
</VisualStyle>
</VisualStyles>
<Bindings>
<Binding Id='1118' Type='Digital' Property='State'/>
</Bindings>
<Commands>
<Command Action='TouchDown' Id='1118' Type='Digital' Value='True' />
<Command Action='TouchUp' Id='1118' Type='Digital' Value='False' />
</Commands>
</Control>
<Control Type='Button' Name='Button'>
<Position Units='Pixels' X='207' Y='515' />
<Size Units='Pixels' Width='19' Height='23' />
<VisualStyles>
<VisualStyle State='0' Mode='0'>
<Face Type='2D'>
<Color  R='0.752941' G='0.752941' B='0.752941' A='0' />
</Face>
</VisualStyle>
<VisualStyle State='1' Mode='0'>
<Face Type='2D'>
<Color  R='0.752941' G='0.752941' B='0.752941' A='0' />
</Face>
<Text Id='36' FontId='11' Alignment='CenterCenter' Wrap='False'>
<Color  R='0' G='1' B='0' A='1' />
</Text>
</VisualStyle>
</VisualStyles>
<Bindings>
<Binding Id='1109' Type='Digital' Property='State'/>
</Bindings>
<Commands>
<Command Action='TouchDown' Id='1109' Type='Digital' Value='True' />
<Command Action='TouchUp' Id='1109' Type='Digital' Value='False' />
</Commands>
</Control>
<Control Type='Button' Name='Button'>
<Position Units='Pixels' X='360' Y='389' />
<Size Units='Pixels' Width='19' Height='23' />
<VisualStyles>
<VisualStyle State='0' Mode='0'>
<Face Type='2D'>
<Color  R='0.752941' G='0.752941' B='0.752941' A='0' />
</Face>
<Text Id='36' FontId='11' Alignment='CenterCenter' Wrap='False'>
<Color  R='0' G='1' B='0' A='1' />
</Text>
</VisualStyle>
<VisualStyle State='1' Mode='0'>
<Face Type='2D'>
<Color  R='0.752941' G='0.752941' B='0.752941' A='0' />
</Face>
</VisualStyle>
</VisualStyles>
<Bindings>
<Binding Id='1116' Type='Digital' Property='State'/>
</Bindings>
<Commands>
<Command Action='TouchDown' Id='1116' Type='Digital' Value='True' />
<Command Action='TouchUp' Id='1116' Type='Digital' Value='False' />
</Commands>
</Control>
<Control Type='Button' Name='Button'>
<Position Units='Pixels' X='360' Y='450' />
<Size Units='Pixels' Width='19' Height='23' />
<VisualStyles>
<VisualStyle State='0' Mode='0'>
<Face Type='2D'>
<Color  R='0.752941' G='0.752941' B='0.752941' A='0' />
</Face>
</VisualStyle>
<VisualStyle State='1' Mode='0'>
<Face Type='2D'>
<Color  R='0.752941' G='0.752941' B='0.752941' A='0' />
</Face>
<Text Id='36' FontId='11' Alignment='CenterCenter' Wrap='False'>
<Color  R='0' G='1' B='0' A='1' />
</Text>
</VisualStyle>
</VisualStyles>
<Bindings>
<Binding Id='1122' Type='Digital' Property='State'/>
</Bindings>
<Commands>
<Command Action='TouchDown' Id='1122' Type='Digital' Value='True' />
<Command Action='TouchUp' Id='1122' Type='Digital' Value='False' />
</Commands>
</Control>
<Control Type='Button' Name='Button'>
<Position Units='Pixels' X='360' Y='515' />
<Size Units='Pixels' Width='19' Height='23' />
<VisualStyles>
<VisualStyle State='0' Mode='0'>
<Face Type='2D'>
<Color  R='0.752941' G='0.752941' B='0.752941' A='0' />
</Face>
</VisualStyle>
<VisualStyle State='1' Mode='0'>
<Face Type='2D'>
<Color  R='0.752941' G='0.752941' B='0.752941' A='0' />
</Face>
<Text Id='36' FontId='11' Alignment='CenterCenter' Wrap='False'>
<Color  R='0' G='1' B='0' A='1' />
</Text>
</VisualStyle>
</VisualStyles>
<Bindings>
<Binding Id='1133' Type='Digital' Property='State'/>
</Bindings>
<Commands>
<Command Action='TouchDown' Id='1133' Type='Digital' Value='True' />
<Command Action='TouchUp' Id='1133' Type='Digital' Value='False' />
</Commands>
</Control>
<Control Type='Button' Name='Button'>
<Position Units='Pixels' X='207' Y='367' />
<Size Units='Pixels' Width='19' Height='23' />
<VisualStyles>
<VisualStyle State='0' Mode='0'>
<Face Type='2D'>
<Color  R='0.752941' G='0.752941' B='0.752941' A='0' />
</Face>
</VisualStyle>
<VisualStyle State='1' Mode='0'>
<Face Type='2D'>
<Color  R='0.752941' G='0.752941' B='0.752941' A='0' />
</Face>
<Text Id='36' FontId='11' Alignment='CenterCenter' Wrap='False'>
<Color  R='1' G='0' B='0' A='1' />
</Text>
</VisualStyle>
</VisualStyles>
<Bindings>
<Binding Id='1106' Type='Digital' Property='State'/>
</Bindings>
<Commands>
<Command Action='TouchDown' Id='1106' Type='Digital' Value='True' />
<Command Action='TouchUp' Id='1106' Type='Digital' Value='False' />
</Commands>
</Control>
<Control Type='Button' Name='Button'>
<Position Units='Pixels' X='207' Y='430' />
<Size Units='Pixels' Width='19' Height='23' />
<VisualStyles>
<VisualStyle State='0' Mode='0'>
<Face Type='2D'>
<Color  R='0.752941' G='0.752941' B='0.752941' A='0' />
</Face>
</VisualStyle>
<VisualStyle State='1' Mode='0'>
<Face Type='2D'>
<Color  R='0.752941' G='0.752941' B='0.752941' A='0' />
</Face>
<Text Id='36' FontId='11' Alignment='CenterCenter' Wrap='False'>
<Color  R='1' G='0' B='0' A='1' />
</Text>
</VisualStyle>
</VisualStyles>
<Bindings>
<Binding Id='1119' Type='Digital' Property='State'/>
</Bindings>
<Commands>
<Command Action='TouchDown' Id='1119' Type='Digital' Value='True' />
<Command Action='TouchUp' Id='1119' Type='Digital' Value='False' />
</Commands>
</Control>
<Control Type='Button' Name='Button'>
<Position Units='Pixels' X='360' Y='428' />
<Size Units='Pixels' Width='19' Height='23' />
<VisualStyles>
<VisualStyle State='0' Mode='0'>
<Face Type='2D'>
<Color  R='0.752941' G='0.752941' B='0.752941' A='0' />
</Face>
</VisualStyle>
<VisualStyle State='1' Mode='0'>
<Face Type='2D'>
<Color  R='0.752941' G='0.752941' B='0.752941' A='0' />
</Face>
<Text Id='36' FontId='11' Alignment='CenterCenter' Wrap='False'>
<Color  R='1' G='0' B='0' A='1' />
</Text>
</VisualStyle>
</VisualStyles>
<Bindings>
<Binding Id='1123' Type='Digital' Property='State'/>
</Bindings>
<Commands>
<Command Action='TouchDown' Id='1123' Type='Digital' Value='True' />
<Command Action='TouchUp' Id='1123' Type='Digital' Value='False' />
</Commands>
</Control>
<Control Type='Button' Name='Button'>
<Position Units='Pixels' X='360' Y='367' />
<Size Units='Pixels' Width='19' Height='23' />
<VisualStyles>
<VisualStyle State='0' Mode='0'>
<Face Type='2D'>
<Color  R='0.752941' G='0.752941' B='0.752941' A='0' />
</Face>
</VisualStyle>
<VisualStyle State='1' Mode='0'>
<Face Type='2D'>
<Color  R='0.752941' G='0.752941' B='0.752941' A='0' />
</Face>
<Text Id='36' FontId='11' Alignment='CenterCenter' Wrap='False'>
<Color  R='1' G='0' B='0' A='1' />
</Text>
</VisualStyle>
</VisualStyles>
<Bindings>
<Binding Id='1115' Type='Digital' Property='State'/>
</Bindings>
<Commands>
<Command Action='TouchDown' Id='1115' Type='Digital' Value='True' />
<Command Action='TouchUp' Id='1115' Type='Digital' Value='False' />
</Commands>
</Control>
</Control>
</File>
