<?xml version='1.0' encoding='ISO-8859-1' ?>
<File Type='Page' Version='5.1.0'>
<Control Type='Subpage' Name='Source (21 XM - 1Main)'>
<Position Units='Pixels' X='0' Y='0' />
<Size Units='Pixels' Width='774' Height='623' />
<VisualStyles>
<VisualStyle>
<Background>
<Color  R='0' G='0' B='0' A='0' />
</Background>
</VisualStyle>
</VisualStyles>
<Control Type='Button' Name='Image'>
<Position Units='Pixels' X='256' Y='132' />
<Size Units='Pixels' Width='277' Height='30' />
<VisualStyles>
<VisualStyle State='0' Mode='0'>
<Image Id='26' Alpha='1' />
</VisualStyle>
</VisualStyles>
</Control>
<Control Type='Button' Name='Image'>
<Position Units='Pixels' X='32' Y='32' />
<Size Units='Pixels' Width='180' Height='180' />
<VisualStyles>
<VisualStyle State='0' Mode='0'>
<Image Id='124' Alpha='1' />
</VisualStyle>
</VisualStyles>
</Control>
<Control Type='Button' Name='Text'>
<Position Units='Pixels' X='227' Y='36' />
<Size Units='Pixels' Width='320' Height='160' />
<VisualStyles>
<VisualStyle State='0' Mode='0'>
<Text FontId='5' Alignment='CenterCenter' Wrap='False'>
<Bindings>
<Binding Id='72' Type='Serial' Property='Text'/>
</Bindings>
<Color  R='1' G='1' B='1' A='1' />
</Text>
</VisualStyle>
</VisualStyles>
</Control>
<Control Type='Button' Name='Button'>
<Position Units='Pixels' X='20' Y='320' />
<Size Units='Pixels' Width='120' Height='45' />
<VisualStyles>
<VisualStyle State='0' Mode='0'>
<Face Type='2D'>
<Color  R='1' G='1' B='1' A='0' />
</Face>
<Image Id='10' Alpha='1' />
<Text Id='11' FontId='2' Alignment='CenterCenter' Wrap='False'>
<Color  R='1' G='1' B='1' A='1' />
</Text>
</VisualStyle>
<VisualStyle State='1' Mode='0'>
<Face Type='2D'>
<Color  R='1' G='1' B='1' A='0' />
</Face>
<Image Id='11' Alpha='1' />
<Text Id='11' FontId='2' Alignment='CenterCenter' Wrap='False'>
<Color  R='1' G='1' B='1' A='1' />
</Text>
</VisualStyle>
</VisualStyles>
<Bindings>
<Binding Id='99' Type='Digital' Property='State'/>
</Bindings>
<Commands>
<Command Action='TouchDown' Id='99' Type='Digital' Value='True' />
<Command Action='TouchUp' Id='99' Type='Digital' Value='False' />
</Commands>
</Control>
<Control Type='Button' Name='Button'>
<Position Units='Pixels' X='20' Y='400' />
<Size Units='Pixels' Width='120' Height='45' />
<VisualStyles>
<VisualStyle State='0' Mode='0'>
<Face Type='2D'>
<Color  R='1' G='1' B='1' A='0' />
</Face>
<Image Id='10' Alpha='1' />
<Text Id='104' FontId='2' Alignment='CenterCenter' Wrap='False'>
<Color  R='1' G='1' B='1' A='1' />
</Text>
</VisualStyle>
<VisualStyle State='1' Mode='0'>
<Face Type='2D'>
<Color  R='1' G='1' B='1' A='0' />
</Face>
<Image Id='11' Alpha='1' />
<Text Id='104' FontId='2' Alignment='CenterCenter' Wrap='False'>
<Color  R='1' G='1' B='1' A='1' />
</Text>
</VisualStyle>
</VisualStyles>
<Bindings>
<Binding Id='100' Type='Digital' Property='State'/>
</Bindings>
<Commands>
<Command Action='TouchDown' Id='100' Type='Digital' Value='True' />
<Command Action='TouchUp' Id='100' Type='Digital' Value='False' />
</Commands>
</Control>
<Control Type='Button' Name='Button'>
<Position Units='Pixels' X='20' Y='480' />
<Size Units='Pixels' Width='120' Height='45' />
<VisualStyles>
<VisualStyle State='0' Mode='0'>
<Face Type='2D'>
<Color  R='1' G='1' B='1' A='0' />
</Face>
<Image Id='10' Alpha='1' />
<Text Id='88' FontId='2' Alignment='CenterCenter' Wrap='False'>
<Color  R='1' G='1' B='1' A='1' />
</Text>
</VisualStyle>
<VisualStyle State='1' Mode='0'>
<Face Type='2D'>
<Color  R='1' G='1' B='1' A='0' />
</Face>
<Image Id='11' Alpha='1' />
<Text Id='88' FontId='2' Alignment='CenterCenter' Wrap='False'>
<Color  R='1' G='1' B='1' A='1' />
</Text>
</VisualStyle>
</VisualStyles>
<Bindings>
<Binding Id='98' Type='Digital' Property='State'/>
</Bindings>
<Commands>
<Command Action='TouchDown' Id='98' Type='Digital' Value='True' />
<Command Action='TouchUp' Id='98' Type='Digital' Value='False' />
</Commands>
</Control>
<Control Type='Button' Name='Text'>
<Position Units='Pixels' X='596' Y='36' />
<Size Units='Pixels' Width='160' Height='32' />
<VisualStyles>
<VisualStyle State='0' Mode='0'>
<Text Id='105' FontId='2' Alignment='CenterLeft' Wrap='False'>
<Color  R='0.752941' G='0.752941' B='0.752941' A='1' />
</Text>
</VisualStyle>
</VisualStyles>
</Control>
<Control Type='Button' Name='Text'>
<Position Units='Pixels' X='604' Y='60' />
<Size Units='Pixels' Width='160' Height='32' />
<VisualStyles>
<VisualStyle State='0' Mode='0'>
<Text FontId='2' Alignment='CenterLeft' Wrap='False'>
<Bindings>
<Binding Id='73' Type='Serial' Property='Text'/>
</Bindings>
<Color  R='1' G='1' B='1' A='1' />
</Text>
</VisualStyle>
</VisualStyles>
</Control>
<Control Type='Button' Name='Text'>
<Position Units='Pixels' X='596' Y='88' />
<Size Units='Pixels' Width='160' Height='32' />
<VisualStyles>
<VisualStyle State='0' Mode='0'>
<Text Id='106' FontId='2' Alignment='CenterLeft' Wrap='False'>
<Color  R='0.752941' G='0.752941' B='0.752941' A='1' />
</Text>
</VisualStyle>
</VisualStyles>
</Control>
<Control Type='Button' Name='Text'>
<Position Units='Pixels' X='604' Y='112' />
<Size Units='Pixels' Width='160' Height='32' />
<VisualStyles>
<VisualStyle State='0' Mode='0'>
<Text FontId='2' Alignment='CenterLeft' Wrap='False'>
<Bindings>
<Binding Id='75' Type='Serial' Property='Text'/>
</Bindings>
<Color  R='1' G='1' B='1' A='1' />
</Text>
</VisualStyle>
</VisualStyles>
</Control>
<Control Type='Button' Name='Text'>
<Position Units='Pixels' X='596' Y='140' />
<Size Units='Pixels' Width='160' Height='32' />
<VisualStyles>
<VisualStyle State='0' Mode='0'>
<Text Id='107' FontId='2' Alignment='CenterLeft' Wrap='False'>
<Color  R='0.752941' G='0.752941' B='0.752941' A='1' />
</Text>
</VisualStyle>
</VisualStyles>
</Control>
<Control Type='Button' Name='Text'>
<Position Units='Pixels' X='604' Y='164' />
<Size Units='Pixels' Width='160' Height='32' />
<VisualStyles>
<VisualStyle State='0' Mode='0'>
<Text FontId='2' Alignment='CenterLeft' Wrap='False'>
<Bindings>
<Binding Id='74' Type='Serial' Property='Text'/>
</Bindings>
<Color  R='1' G='1' B='1' A='1' />
</Text>
</VisualStyle>
</VisualStyles>
</Control>
</Control>
</File>
