<?xml version='1.0' encoding='ISO-8859-1' ?>
<File Type='Page' Version='5.1.0'>
<Control Type='Subpage' Name='Source (21 XM - 3Channels)'>
<Position Units='Pixels' X='0' Y='0' />
<Size Units='Pixels' Width='600' Height='400' />
<VisualStyles>
<VisualStyle>
<Background>
<Color  R='0' G='0' B='0' A='0' />
</Background>
</VisualStyle>
</VisualStyles>
<Control Type='Button' Name='Text'>
<Position Units='Pixels' X='28' Y='12' />
<Size Units='Pixels' Width='160' Height='32' />
<VisualStyles>
<VisualStyle State='0' Mode='0'>
<Text Id='111' FontId='4' Alignment='CenterLeft' Wrap='False'>
<Color  R='0.752941' G='0.752941' B='0.752941' A='1' />
</Text>
</VisualStyle>
</VisualStyles>
</Control>
<Control Type='Button' Name='Image'>
<Position Units='Pixels' X='12' Y='56' />
<Size Units='Pixels' Width='492' Height='336' />
<VisualStyles>
<VisualStyle State='0' Mode='0'>
<Image Id='28' Alpha='1' />
</VisualStyle>
</VisualStyles>
</Control>
<Control Type='Button' Name='Button'>
<Position Units='Pixels' X='24' Y='66' />
<Size Units='Pixels' Width='70' Height='32' />
<VisualStyles>
<VisualStyle State='0' Mode='0'>
<Face Type='2D'>
<Color  R='1' G='1' B='1' A='0' />
</Face>
<Text FontId='2' Alignment='CenterCenter' Wrap='False'>
<Bindings>
<Binding Id='124' Type='Serial' Property='Text'/>
</Bindings>
<Color  R='1' G='1' B='1' A='1' />
</Text>
</VisualStyle>
<VisualStyle State='1' Mode='0'>
<Face Type='2D'>
<Color  R='1' G='1' B='1' A='0' />
</Face>
<Text FontId='2' Alignment='CenterCenter' Wrap='False'>
<Bindings>
<Binding Id='124' Type='Serial' Property='Text'/>
</Bindings>
<Color  R='1' G='1' B='0.501961' A='1' />
</Text>
</VisualStyle>
</VisualStyles>
<Bindings>
<Binding Id='81' Type='Digital' Property='State'/>
</Bindings>
<Commands>
<Command Action='TouchDown' Id='81' Type='Digital' Value='True' />
<Command Action='TouchUp' Id='81' Type='Digital' Value='False' />
</Commands>
</Control>
<Control Type='Button' Name='Button'>
<Position Units='Pixels' X='24' Y='106' />
<Size Units='Pixels' Width='70' Height='32' />
<VisualStyles>
<VisualStyle State='0' Mode='0'>
<Face Type='2D'>
<Color  R='1' G='1' B='1' A='0' />
</Face>
<Text FontId='2' Alignment='CenterCenter' Wrap='False'>
<Bindings>
<Binding Id='124' Type='Serial' Property='Text'/>
</Bindings>
<Color  R='1' G='1' B='1' A='1' />
</Text>
</VisualStyle>
<VisualStyle State='1' Mode='0'>
<Face Type='2D'>
<Color  R='1' G='1' B='1' A='0' />
</Face>
<Text FontId='2' Alignment='CenterCenter' Wrap='False'>
<Bindings>
<Binding Id='124' Type='Serial' Property='Text'/>
</Bindings>
<Color  R='1' G='1' B='0.501961' A='1' />
</Text>
</VisualStyle>
</VisualStyles>
<Bindings>
<Binding Id='82' Type='Digital' Property='State'/>
</Bindings>
<Commands>
<Command Action='TouchDown' Id='82' Type='Digital' Value='True' />
<Command Action='TouchUp' Id='82' Type='Digital' Value='False' />
</Commands>
</Control>
<Control Type='Button' Name='Button'>
<Position Units='Pixels' X='24' Y='146' />
<Size Units='Pixels' Width='70' Height='32' />
<VisualStyles>
<VisualStyle State='0' Mode='0'>
<Face Type='2D'>
<Color  R='1' G='1' B='1' A='0' />
</Face>
<Text FontId='2' Alignment='CenterCenter' Wrap='False'>
<Bindings>
<Binding Id='124' Type='Serial' Property='Text'/>
</Bindings>
<Color  R='1' G='1' B='1' A='1' />
</Text>
</VisualStyle>
<VisualStyle State='1' Mode='0'>
<Face Type='2D'>
<Color  R='1' G='1' B='1' A='0' />
</Face>
<Text FontId='2' Alignment='CenterCenter' Wrap='False'>
<Bindings>
<Binding Id='124' Type='Serial' Property='Text'/>
</Bindings>
<Color  R='1' G='1' B='0.501961' A='1' />
</Text>
</VisualStyle>
</VisualStyles>
<Bindings>
<Binding Id='83' Type='Digital' Property='State'/>
</Bindings>
<Commands>
<Command Action='TouchDown' Id='83' Type='Digital' Value='True' />
<Command Action='TouchUp' Id='83' Type='Digital' Value='False' />
</Commands>
</Control>
<Control Type='Button' Name='Button'>
<Position Units='Pixels' X='24' Y='186' />
<Size Units='Pixels' Width='70' Height='32' />
<VisualStyles>
<VisualStyle State='0' Mode='0'>
<Face Type='2D'>
<Color  R='1' G='1' B='1' A='0' />
</Face>
<Text FontId='2' Alignment='CenterCenter' Wrap='False'>
<Bindings>
<Binding Id='124' Type='Serial' Property='Text'/>
</Bindings>
<Color  R='1' G='1' B='1' A='1' />
</Text>
</VisualStyle>
<VisualStyle State='1' Mode='0'>
<Face Type='2D'>
<Color  R='1' G='1' B='1' A='0' />
</Face>
<Text FontId='2' Alignment='CenterCenter' Wrap='False'>
<Bindings>
<Binding Id='124' Type='Serial' Property='Text'/>
</Bindings>
<Color  R='1' G='1' B='0.501961' A='1' />
</Text>
</VisualStyle>
</VisualStyles>
<Bindings>
<Binding Id='84' Type='Digital' Property='State'/>
</Bindings>
<Commands>
<Command Action='TouchDown' Id='84' Type='Digital' Value='True' />
<Command Action='TouchUp' Id='84' Type='Digital' Value='False' />
</Commands>
</Control>
<Control Type='Button' Name='Button'>
<Position Units='Pixels' X='24' Y='226' />
<Size Units='Pixels' Width='70' Height='32' />
<VisualStyles>
<VisualStyle State='0' Mode='0'>
<Face Type='2D'>
<Color  R='1' G='1' B='1' A='0' />
</Face>
<Text FontId='2' Alignment='CenterCenter' Wrap='False'>
<Bindings>
<Binding Id='124' Type='Serial' Property='Text'/>
</Bindings>
<Color  R='1' G='1' B='1' A='1' />
</Text>
</VisualStyle>
<VisualStyle State='1' Mode='0'>
<Face Type='2D'>
<Color  R='1' G='1' B='1' A='0' />
</Face>
<Text FontId='2' Alignment='CenterCenter' Wrap='False'>
<Bindings>
<Binding Id='124' Type='Serial' Property='Text'/>
</Bindings>
<Color  R='1' G='1' B='0.501961' A='1' />
</Text>
</VisualStyle>
</VisualStyles>
<Bindings>
<Binding Id='85' Type='Digital' Property='State'/>
</Bindings>
<Commands>
<Command Action='TouchDown' Id='85' Type='Digital' Value='True' />
<Command Action='TouchUp' Id='85' Type='Digital' Value='False' />
</Commands>
</Control>
<Control Type='Button' Name='Button'>
<Position Units='Pixels' X='24' Y='266' />
<Size Units='Pixels' Width='70' Height='32' />
<VisualStyles>
<VisualStyle State='0' Mode='0'>
<Face Type='2D'>
<Color  R='1' G='1' B='1' A='0' />
</Face>
<Text FontId='2' Alignment='CenterCenter' Wrap='False'>
<Bindings>
<Binding Id='124' Type='Serial' Property='Text'/>
</Bindings>
<Color  R='1' G='1' B='1' A='1' />
</Text>
</VisualStyle>
<VisualStyle State='1' Mode='0'>
<Face Type='2D'>
<Color  R='1' G='1' B='1' A='0' />
</Face>
<Text FontId='2' Alignment='CenterCenter' Wrap='False'>
<Bindings>
<Binding Id='124' Type='Serial' Property='Text'/>
</Bindings>
<Color  R='1' G='1' B='0.501961' A='1' />
</Text>
</VisualStyle>
</VisualStyles>
<Bindings>
<Binding Id='86' Type='Digital' Property='State'/>
</Bindings>
<Commands>
<Command Action='TouchDown' Id='86' Type='Digital' Value='True' />
<Command Action='TouchUp' Id='86' Type='Digital' Value='False' />
</Commands>
</Control>
<Control Type='Button' Name='Button'>
<Position Units='Pixels' X='24' Y='306' />
<Size Units='Pixels' Width='70' Height='32' />
<VisualStyles>
<VisualStyle State='0' Mode='0'>
<Face Type='2D'>
<Color  R='1' G='1' B='1' A='0' />
</Face>
<Text FontId='2' Alignment='CenterCenter' Wrap='False'>
<Bindings>
<Binding Id='124' Type='Serial' Property='Text'/>
</Bindings>
<Color  R='1' G='1' B='1' A='1' />
</Text>
</VisualStyle>
<VisualStyle State='1' Mode='0'>
<Face Type='2D'>
<Color  R='1' G='1' B='1' A='0' />
</Face>
<Text FontId='2' Alignment='CenterCenter' Wrap='False'>
<Bindings>
<Binding Id='124' Type='Serial' Property='Text'/>
</Bindings>
<Color  R='1' G='1' B='0.501961' A='1' />
</Text>
</VisualStyle>
</VisualStyles>
<Bindings>
<Binding Id='87' Type='Digital' Property='State'/>
</Bindings>
<Commands>
<Command Action='TouchDown' Id='87' Type='Digital' Value='True' />
<Command Action='TouchUp' Id='87' Type='Digital' Value='False' />
</Commands>
</Control>
<Control Type='Button' Name='Button'>
<Position Units='Pixels' X='24' Y='346' />
<Size Units='Pixels' Width='70' Height='32' />
<VisualStyles>
<VisualStyle State='0' Mode='0'>
<Face Type='2D'>
<Color  R='1' G='1' B='1' A='0' />
</Face>
<Text FontId='2' Alignment='CenterCenter' Wrap='False'>
<Bindings>
<Binding Id='124' Type='Serial' Property='Text'/>
</Bindings>
<Color  R='1' G='1' B='1' A='1' />
</Text>
</VisualStyle>
<VisualStyle State='1' Mode='0'>
<Face Type='2D'>
<Color  R='1' G='1' B='1' A='0' />
</Face>
<Text FontId='2' Alignment='CenterCenter' Wrap='False'>
<Bindings>
<Binding Id='124' Type='Serial' Property='Text'/>
</Bindings>
<Color  R='1' G='1' B='0.501961' A='1' />
</Text>
</VisualStyle>
</VisualStyles>
<Bindings>
<Binding Id='88' Type='Digital' Property='State'/>
</Bindings>
<Commands>
<Command Action='TouchDown' Id='88' Type='Digital' Value='True' />
<Command Action='TouchUp' Id='88' Type='Digital' Value='False' />
</Commands>
</Control>
<Control Type='Button' Name='Button'>
<Position Units='Pixels' X='96' Y='66' />
<Size Units='Pixels' Width='126' Height='32' />
<VisualStyles>
<VisualStyle State='0' Mode='0'>
<Face Type='2D'>
<Color  R='1' G='1' B='1' A='0' />
</Face>
<Text FontId='2' Alignment='CenterLeft' Wrap='False'>
<Bindings>
<Binding Id='76' Type='Serial' Property='Text'/>
</Bindings>
<Color  R='1' G='1' B='1' A='1' />
</Text>
</VisualStyle>
<VisualStyle State='1' Mode='0'>
<Face Type='2D'>
<Color  R='1' G='1' B='1' A='0' />
</Face>
<Text FontId='2' Alignment='CenterLeft' Wrap='False'>
<Bindings>
<Binding Id='76' Type='Serial' Property='Text'/>
</Bindings>
<Color  R='1' G='1' B='0.501961' A='1' />
</Text>
</VisualStyle>
</VisualStyles>
<Bindings>
<Binding Id='81' Type='Digital' Property='State'/>
</Bindings>
<Commands>
<Command Action='TouchDown' Id='81' Type='Digital' Value='True' />
<Command Action='TouchUp' Id='81' Type='Digital' Value='False' />
</Commands>
</Control>
<Control Type='Button' Name='Button'>
<Position Units='Pixels' X='224' Y='66' />
<Size Units='Pixels' Width='126' Height='32' />
<VisualStyles>
<VisualStyle State='0' Mode='0'>
<Face Type='2D'>
<Color  R='1' G='1' B='1' A='0' />
</Face>
<Text FontId='2' Alignment='CenterLeft' Wrap='False'>
<Bindings>
<Binding Id='88' Type='Serial' Property='Text'/>
</Bindings>
<Color  R='1' G='1' B='1' A='1' />
</Text>
</VisualStyle>
<VisualStyle State='1' Mode='0'>
<Face Type='2D'>
<Color  R='1' G='1' B='1' A='0' />
</Face>
<Text FontId='2' Alignment='CenterLeft' Wrap='False'>
<Bindings>
<Binding Id='88' Type='Serial' Property='Text'/>
</Bindings>
<Color  R='1' G='1' B='0.501961' A='1' />
</Text>
</VisualStyle>
</VisualStyles>
<Bindings>
<Binding Id='81' Type='Digital' Property='State'/>
</Bindings>
<Commands>
<Command Action='TouchDown' Id='81' Type='Digital' Value='True' />
<Command Action='TouchUp' Id='81' Type='Digital' Value='False' />
</Commands>
</Control>
<Control Type='Button' Name='Button'>
<Position Units='Pixels' X='352' Y='66' />
<Size Units='Pixels' Width='126' Height='32' />
<VisualStyles>
<VisualStyle State='0' Mode='0'>
<Face Type='2D'>
<Color  R='1' G='1' B='1' A='0' />
</Face>
<Text FontId='2' Alignment='CenterLeft' Wrap='False'>
<Bindings>
<Binding Id='100' Type='Serial' Property='Text'/>
</Bindings>
<Color  R='1' G='1' B='1' A='1' />
</Text>
</VisualStyle>
<VisualStyle State='1' Mode='0'>
<Face Type='2D'>
<Color  R='1' G='1' B='1' A='0' />
</Face>
<Text FontId='2' Alignment='CenterLeft' Wrap='False'>
<Bindings>
<Binding Id='100' Type='Serial' Property='Text'/>
</Bindings>
<Color  R='1' G='1' B='0.501961' A='1' />
</Text>
</VisualStyle>
</VisualStyles>
<Bindings>
<Binding Id='81' Type='Digital' Property='State'/>
</Bindings>
<Commands>
<Command Action='TouchDown' Id='81' Type='Digital' Value='True' />
<Command Action='TouchUp' Id='81' Type='Digital' Value='False' />
</Commands>
</Control>
<Control Type='Button' Name='Button'>
<Position Units='Pixels' X='96' Y='106' />
<Size Units='Pixels' Width='126' Height='32' />
<VisualStyles>
<VisualStyle State='0' Mode='0'>
<Face Type='2D'>
<Color  R='1' G='1' B='1' A='0' />
</Face>
<Text FontId='2' Alignment='CenterLeft' Wrap='False'>
<Bindings>
<Binding Id='77' Type='Serial' Property='Text'/>
</Bindings>
<Color  R='1' G='1' B='1' A='1' />
</Text>
</VisualStyle>
<VisualStyle State='1' Mode='0'>
<Face Type='2D'>
<Color  R='1' G='1' B='1' A='0' />
</Face>
<Text FontId='2' Alignment='CenterLeft' Wrap='False'>
<Bindings>
<Binding Id='77' Type='Serial' Property='Text'/>
</Bindings>
<Color  R='1' G='1' B='0.501961' A='1' />
</Text>
</VisualStyle>
</VisualStyles>
<Bindings>
<Binding Id='82' Type='Digital' Property='State'/>
</Bindings>
<Commands>
<Command Action='TouchDown' Id='82' Type='Digital' Value='True' />
<Command Action='TouchUp' Id='82' Type='Digital' Value='False' />
</Commands>
</Control>
<Control Type='Button' Name='Button'>
<Position Units='Pixels' X='224' Y='106' />
<Size Units='Pixels' Width='126' Height='32' />
<VisualStyles>
<VisualStyle State='0' Mode='0'>
<Face Type='2D'>
<Color  R='1' G='1' B='1' A='0' />
</Face>
<Text FontId='2' Alignment='CenterLeft' Wrap='False'>
<Bindings>
<Binding Id='89' Type='Serial' Property='Text'/>
</Bindings>
<Color  R='1' G='1' B='1' A='1' />
</Text>
</VisualStyle>
<VisualStyle State='1' Mode='0'>
<Face Type='2D'>
<Color  R='1' G='1' B='1' A='0' />
</Face>
<Text FontId='2' Alignment='CenterLeft' Wrap='False'>
<Bindings>
<Binding Id='89' Type='Serial' Property='Text'/>
</Bindings>
<Color  R='1' G='1' B='0.501961' A='1' />
</Text>
</VisualStyle>
</VisualStyles>
<Bindings>
<Binding Id='82' Type='Digital' Property='State'/>
</Bindings>
<Commands>
<Command Action='TouchDown' Id='82' Type='Digital' Value='True' />
<Command Action='TouchUp' Id='82' Type='Digital' Value='False' />
</Commands>
</Control>
<Control Type='Button' Name='Button'>
<Position Units='Pixels' X='352' Y='106' />
<Size Units='Pixels' Width='126' Height='32' />
<VisualStyles>
<VisualStyle State='0' Mode='0'>
<Face Type='2D'>
<Color  R='1' G='1' B='1' A='0' />
</Face>
<Text FontId='2' Alignment='CenterLeft' Wrap='False'>
<Bindings>
<Binding Id='101' Type='Serial' Property='Text'/>
</Bindings>
<Color  R='1' G='1' B='1' A='1' />
</Text>
</VisualStyle>
<VisualStyle State='1' Mode='0'>
<Face Type='2D'>
<Color  R='1' G='1' B='1' A='0' />
</Face>
<Text FontId='2' Alignment='CenterLeft' Wrap='False'>
<Bindings>
<Binding Id='101' Type='Serial' Property='Text'/>
</Bindings>
<Color  R='1' G='1' B='0.501961' A='1' />
</Text>
</VisualStyle>
</VisualStyles>
<Bindings>
<Binding Id='82' Type='Digital' Property='State'/>
</Bindings>
<Commands>
<Command Action='TouchDown' Id='82' Type='Digital' Value='True' />
<Command Action='TouchUp' Id='82' Type='Digital' Value='False' />
</Commands>
</Control>
<Control Type='Button' Name='Button'>
<Position Units='Pixels' X='96' Y='146' />
<Size Units='Pixels' Width='126' Height='32' />
<VisualStyles>
<VisualStyle State='0' Mode='0'>
<Face Type='2D'>
<Color  R='1' G='1' B='1' A='0' />
</Face>
<Text FontId='2' Alignment='CenterLeft' Wrap='False'>
<Bindings>
<Binding Id='78' Type='Serial' Property='Text'/>
</Bindings>
<Color  R='1' G='1' B='1' A='1' />
</Text>
</VisualStyle>
<VisualStyle State='1' Mode='0'>
<Face Type='2D'>
<Color  R='1' G='1' B='1' A='0' />
</Face>
<Text FontId='2' Alignment='CenterLeft' Wrap='False'>
<Bindings>
<Binding Id='78' Type='Serial' Property='Text'/>
</Bindings>
<Color  R='1' G='1' B='0.501961' A='1' />
</Text>
</VisualStyle>
</VisualStyles>
<Bindings>
<Binding Id='83' Type='Digital' Property='State'/>
</Bindings>
<Commands>
<Command Action='TouchDown' Id='83' Type='Digital' Value='True' />
<Command Action='TouchUp' Id='83' Type='Digital' Value='False' />
</Commands>
</Control>
<Control Type='Button' Name='Button'>
<Position Units='Pixels' X='224' Y='146' />
<Size Units='Pixels' Width='126' Height='32' />
<VisualStyles>
<VisualStyle State='0' Mode='0'>
<Face Type='2D'>
<Color  R='1' G='1' B='1' A='0' />
</Face>
<Text FontId='2' Alignment='CenterLeft' Wrap='False'>
<Bindings>
<Binding Id='90' Type='Serial' Property='Text'/>
</Bindings>
<Color  R='1' G='1' B='1' A='1' />
</Text>
</VisualStyle>
<VisualStyle State='1' Mode='0'>
<Face Type='2D'>
<Color  R='1' G='1' B='1' A='0' />
</Face>
<Text FontId='2' Alignment='CenterLeft' Wrap='False'>
<Bindings>
<Binding Id='90' Type='Serial' Property='Text'/>
</Bindings>
<Color  R='1' G='1' B='0.501961' A='1' />
</Text>
</VisualStyle>
</VisualStyles>
<Bindings>
<Binding Id='83' Type='Digital' Property='State'/>
</Bindings>
<Commands>
<Command Action='TouchDown' Id='83' Type='Digital' Value='True' />
<Command Action='TouchUp' Id='83' Type='Digital' Value='False' />
</Commands>
</Control>
<Control Type='Button' Name='Button'>
<Position Units='Pixels' X='352' Y='146' />
<Size Units='Pixels' Width='126' Height='32' />
<VisualStyles>
<VisualStyle State='0' Mode='0'>
<Face Type='2D'>
<Color  R='1' G='1' B='1' A='0' />
</Face>
<Text FontId='2' Alignment='CenterLeft' Wrap='False'>
<Bindings>
<Binding Id='102' Type='Serial' Property='Text'/>
</Bindings>
<Color  R='1' G='1' B='1' A='1' />
</Text>
</VisualStyle>
<VisualStyle State='1' Mode='0'>
<Face Type='2D'>
<Color  R='1' G='1' B='1' A='0' />
</Face>
<Text FontId='2' Alignment='CenterLeft' Wrap='False'>
<Bindings>
<Binding Id='102' Type='Serial' Property='Text'/>
</Bindings>
<Color  R='1' G='1' B='0.501961' A='1' />
</Text>
</VisualStyle>
</VisualStyles>
<Bindings>
<Binding Id='83' Type='Digital' Property='State'/>
</Bindings>
<Commands>
<Command Action='TouchDown' Id='83' Type='Digital' Value='True' />
<Command Action='TouchUp' Id='83' Type='Digital' Value='False' />
</Commands>
</Control>
<Control Type='Button' Name='Button'>
<Position Units='Pixels' X='96' Y='186' />
<Size Units='Pixels' Width='126' Height='32' />
<VisualStyles>
<VisualStyle State='0' Mode='0'>
<Face Type='2D'>
<Color  R='1' G='1' B='1' A='0' />
</Face>
<Text FontId='2' Alignment='CenterLeft' Wrap='False'>
<Bindings>
<Binding Id='79' Type='Serial' Property='Text'/>
</Bindings>
<Color  R='1' G='1' B='1' A='1' />
</Text>
</VisualStyle>
<VisualStyle State='1' Mode='0'>
<Face Type='2D'>
<Color  R='1' G='1' B='1' A='0' />
</Face>
<Text FontId='2' Alignment='CenterLeft' Wrap='False'>
<Bindings>
<Binding Id='79' Type='Serial' Property='Text'/>
</Bindings>
<Color  R='1' G='1' B='0.501961' A='1' />
</Text>
</VisualStyle>
</VisualStyles>
<Bindings>
<Binding Id='84' Type='Digital' Property='State'/>
</Bindings>
<Commands>
<Command Action='TouchDown' Id='84' Type='Digital' Value='True' />
<Command Action='TouchUp' Id='84' Type='Digital' Value='False' />
</Commands>
</Control>
<Control Type='Button' Name='Button'>
<Position Units='Pixels' X='224' Y='186' />
<Size Units='Pixels' Width='126' Height='32' />
<VisualStyles>
<VisualStyle State='0' Mode='0'>
<Face Type='2D'>
<Color  R='1' G='1' B='1' A='0' />
</Face>
<Text FontId='2' Alignment='CenterLeft' Wrap='False'>
<Bindings>
<Binding Id='91' Type='Serial' Property='Text'/>
</Bindings>
<Color  R='1' G='1' B='1' A='1' />
</Text>
</VisualStyle>
<VisualStyle State='1' Mode='0'>
<Face Type='2D'>
<Color  R='1' G='1' B='1' A='0' />
</Face>
<Text FontId='2' Alignment='CenterLeft' Wrap='False'>
<Bindings>
<Binding Id='91' Type='Serial' Property='Text'/>
</Bindings>
<Color  R='1' G='1' B='0.501961' A='1' />
</Text>
</VisualStyle>
</VisualStyles>
<Bindings>
<Binding Id='84' Type='Digital' Property='State'/>
</Bindings>
<Commands>
<Command Action='TouchDown' Id='84' Type='Digital' Value='True' />
<Command Action='TouchUp' Id='84' Type='Digital' Value='False' />
</Commands>
</Control>
<Control Type='Button' Name='Button'>
<Position Units='Pixels' X='352' Y='186' />
<Size Units='Pixels' Width='126' Height='32' />
<VisualStyles>
<VisualStyle State='0' Mode='0'>
<Face Type='2D'>
<Color  R='1' G='1' B='1' A='0' />
</Face>
<Text FontId='2' Alignment='CenterLeft' Wrap='False'>
<Bindings>
<Binding Id='103' Type='Serial' Property='Text'/>
</Bindings>
<Color  R='1' G='1' B='1' A='1' />
</Text>
</VisualStyle>
<VisualStyle State='1' Mode='0'>
<Face Type='2D'>
<Color  R='1' G='1' B='1' A='0' />
</Face>
<Text FontId='2' Alignment='CenterLeft' Wrap='False'>
<Bindings>
<Binding Id='103' Type='Serial' Property='Text'/>
</Bindings>
<Color  R='1' G='1' B='0.501961' A='1' />
</Text>
</VisualStyle>
</VisualStyles>
<Bindings>
<Binding Id='84' Type='Digital' Property='State'/>
</Bindings>
<Commands>
<Command Action='TouchDown' Id='84' Type='Digital' Value='True' />
<Command Action='TouchUp' Id='84' Type='Digital' Value='False' />
</Commands>
</Control>
<Control Type='Button' Name='Button'>
<Position Units='Pixels' X='96' Y='226' />
<Size Units='Pixels' Width='126' Height='32' />
<VisualStyles>
<VisualStyle State='0' Mode='0'>
<Face Type='2D'>
<Color  R='1' G='1' B='1' A='0' />
</Face>
<Text FontId='2' Alignment='CenterLeft' Wrap='False'>
<Bindings>
<Binding Id='80' Type='Serial' Property='Text'/>
</Bindings>
<Color  R='1' G='1' B='1' A='1' />
</Text>
</VisualStyle>
<VisualStyle State='1' Mode='0'>
<Face Type='2D'>
<Color  R='1' G='1' B='1' A='0' />
</Face>
<Text FontId='2' Alignment='CenterLeft' Wrap='False'>
<Bindings>
<Binding Id='80' Type='Serial' Property='Text'/>
</Bindings>
<Color  R='1' G='1' B='0.501961' A='1' />
</Text>
</VisualStyle>
</VisualStyles>
<Bindings>
<Binding Id='85' Type='Digital' Property='State'/>
</Bindings>
<Commands>
<Command Action='TouchDown' Id='85' Type='Digital' Value='True' />
<Command Action='TouchUp' Id='85' Type='Digital' Value='False' />
</Commands>
</Control>
<Control Type='Button' Name='Button'>
<Position Units='Pixels' X='224' Y='226' />
<Size Units='Pixels' Width='126' Height='32' />
<VisualStyles>
<VisualStyle State='0' Mode='0'>
<Face Type='2D'>
<Color  R='1' G='1' B='1' A='0' />
</Face>
<Text FontId='2' Alignment='CenterLeft' Wrap='False'>
<Bindings>
<Binding Id='92' Type='Serial' Property='Text'/>
</Bindings>
<Color  R='1' G='1' B='1' A='1' />
</Text>
</VisualStyle>
<VisualStyle State='1' Mode='0'>
<Face Type='2D'>
<Color  R='1' G='1' B='1' A='0' />
</Face>
<Text FontId='2' Alignment='CenterLeft' Wrap='False'>
<Bindings>
<Binding Id='92' Type='Serial' Property='Text'/>
</Bindings>
<Color  R='1' G='1' B='0.501961' A='1' />
</Text>
</VisualStyle>
</VisualStyles>
<Bindings>
<Binding Id='85' Type='Digital' Property='State'/>
</Bindings>
<Commands>
<Command Action='TouchDown' Id='85' Type='Digital' Value='True' />
<Command Action='TouchUp' Id='85' Type='Digital' Value='False' />
</Commands>
</Control>
<Control Type='Button' Name='Button'>
<Position Units='Pixels' X='352' Y='226' />
<Size Units='Pixels' Width='126' Height='32' />
<VisualStyles>
<VisualStyle State='0' Mode='0'>
<Face Type='2D'>
<Color  R='1' G='1' B='1' A='0' />
</Face>
<Text FontId='2' Alignment='CenterLeft' Wrap='False'>
<Bindings>
<Binding Id='104' Type='Serial' Property='Text'/>
</Bindings>
<Color  R='1' G='1' B='1' A='1' />
</Text>
</VisualStyle>
<VisualStyle State='1' Mode='0'>
<Face Type='2D'>
<Color  R='1' G='1' B='1' A='0' />
</Face>
<Text FontId='2' Alignment='CenterLeft' Wrap='False'>
<Bindings>
<Binding Id='104' Type='Serial' Property='Text'/>
</Bindings>
<Color  R='1' G='1' B='0.501961' A='1' />
</Text>
</VisualStyle>
</VisualStyles>
<Bindings>
<Binding Id='85' Type='Digital' Property='State'/>
</Bindings>
<Commands>
<Command Action='TouchDown' Id='85' Type='Digital' Value='True' />
<Command Action='TouchUp' Id='85' Type='Digital' Value='False' />
</Commands>
</Control>
<Control Type='Button' Name='Button'>
<Position Units='Pixels' X='96' Y='266' />
<Size Units='Pixels' Width='126' Height='32' />
<VisualStyles>
<VisualStyle State='0' Mode='0'>
<Face Type='2D'>
<Color  R='1' G='1' B='1' A='0' />
</Face>
<Text FontId='2' Alignment='CenterLeft' Wrap='False'>
<Bindings>
<Binding Id='81' Type='Serial' Property='Text'/>
</Bindings>
<Color  R='1' G='1' B='1' A='1' />
</Text>
</VisualStyle>
<VisualStyle State='1' Mode='0'>
<Face Type='2D'>
<Color  R='1' G='1' B='1' A='0' />
</Face>
<Text FontId='2' Alignment='CenterLeft' Wrap='False'>
<Bindings>
<Binding Id='81' Type='Serial' Property='Text'/>
</Bindings>
<Color  R='1' G='1' B='0.501961' A='1' />
</Text>
</VisualStyle>
</VisualStyles>
<Bindings>
<Binding Id='86' Type='Digital' Property='State'/>
</Bindings>
<Commands>
<Command Action='TouchDown' Id='86' Type='Digital' Value='True' />
<Command Action='TouchUp' Id='86' Type='Digital' Value='False' />
</Commands>
</Control>
<Control Type='Button' Name='Button'>
<Position Units='Pixels' X='224' Y='266' />
<Size Units='Pixels' Width='126' Height='32' />
<VisualStyles>
<VisualStyle State='0' Mode='0'>
<Face Type='2D'>
<Color  R='1' G='1' B='1' A='0' />
</Face>
<Text FontId='2' Alignment='CenterLeft' Wrap='False'>
<Bindings>
<Binding Id='93' Type='Serial' Property='Text'/>
</Bindings>
<Color  R='1' G='1' B='1' A='1' />
</Text>
</VisualStyle>
<VisualStyle State='1' Mode='0'>
<Face Type='2D'>
<Color  R='1' G='1' B='1' A='0' />
</Face>
<Text FontId='2' Alignment='CenterLeft' Wrap='False'>
<Bindings>
<Binding Id='93' Type='Serial' Property='Text'/>
</Bindings>
<Color  R='1' G='1' B='0.501961' A='1' />
</Text>
</VisualStyle>
</VisualStyles>
<Bindings>
<Binding Id='86' Type='Digital' Property='State'/>
</Bindings>
<Commands>
<Command Action='TouchDown' Id='86' Type='Digital' Value='True' />
<Command Action='TouchUp' Id='86' Type='Digital' Value='False' />
</Commands>
</Control>
<Control Type='Button' Name='Button'>
<Position Units='Pixels' X='352' Y='266' />
<Size Units='Pixels' Width='126' Height='32' />
<VisualStyles>
<VisualStyle State='0' Mode='0'>
<Face Type='2D'>
<Color  R='1' G='1' B='1' A='0' />
</Face>
<Text FontId='2' Alignment='CenterLeft' Wrap='False'>
<Bindings>
<Binding Id='105' Type='Serial' Property='Text'/>
</Bindings>
<Color  R='1' G='1' B='1' A='1' />
</Text>
</VisualStyle>
<VisualStyle State='1' Mode='0'>
<Face Type='2D'>
<Color  R='1' G='1' B='1' A='0' />
</Face>
<Text FontId='2' Alignment='CenterLeft' Wrap='False'>
<Bindings>
<Binding Id='105' Type='Serial' Property='Text'/>
</Bindings>
<Color  R='1' G='1' B='0.501961' A='1' />
</Text>
</VisualStyle>
</VisualStyles>
<Bindings>
<Binding Id='86' Type='Digital' Property='State'/>
</Bindings>
<Commands>
<Command Action='TouchDown' Id='86' Type='Digital' Value='True' />
<Command Action='TouchUp' Id='86' Type='Digital' Value='False' />
</Commands>
</Control>
<Control Type='Button' Name='Button'>
<Position Units='Pixels' X='96' Y='306' />
<Size Units='Pixels' Width='126' Height='32' />
<VisualStyles>
<VisualStyle State='0' Mode='0'>
<Face Type='2D'>
<Color  R='1' G='1' B='1' A='0' />
</Face>
<Text FontId='2' Alignment='CenterLeft' Wrap='False'>
<Bindings>
<Binding Id='82' Type='Serial' Property='Text'/>
</Bindings>
<Color  R='1' G='1' B='1' A='1' />
</Text>
</VisualStyle>
<VisualStyle State='1' Mode='0'>
<Face Type='2D'>
<Color  R='1' G='1' B='1' A='0' />
</Face>
<Text FontId='2' Alignment='CenterLeft' Wrap='False'>
<Bindings>
<Binding Id='82' Type='Serial' Property='Text'/>
</Bindings>
<Color  R='1' G='1' B='0.501961' A='1' />
</Text>
</VisualStyle>
</VisualStyles>
<Bindings>
<Binding Id='87' Type='Digital' Property='State'/>
</Bindings>
<Commands>
<Command Action='TouchDown' Id='87' Type='Digital' Value='True' />
<Command Action='TouchUp' Id='87' Type='Digital' Value='False' />
</Commands>
</Control>
<Control Type='Button' Name='Button'>
<Position Units='Pixels' X='224' Y='306' />
<Size Units='Pixels' Width='126' Height='32' />
<VisualStyles>
<VisualStyle State='0' Mode='0'>
<Face Type='2D'>
<Color  R='1' G='1' B='1' A='0' />
</Face>
<Text FontId='2' Alignment='CenterLeft' Wrap='False'>
<Bindings>
<Binding Id='94' Type='Serial' Property='Text'/>
</Bindings>
<Color  R='1' G='1' B='1' A='1' />
</Text>
</VisualStyle>
<VisualStyle State='1' Mode='0'>
<Face Type='2D'>
<Color  R='1' G='1' B='1' A='0' />
</Face>
<Text FontId='2' Alignment='CenterLeft' Wrap='False'>
<Bindings>
<Binding Id='94' Type='Serial' Property='Text'/>
</Bindings>
<Color  R='1' G='1' B='0.501961' A='1' />
</Text>
</VisualStyle>
</VisualStyles>
<Bindings>
<Binding Id='87' Type='Digital' Property='State'/>
</Bindings>
<Commands>
<Command Action='TouchDown' Id='87' Type='Digital' Value='True' />
<Command Action='TouchUp' Id='87' Type='Digital' Value='False' />
</Commands>
</Control>
<Control Type='Button' Name='Button'>
<Position Units='Pixels' X='352' Y='306' />
<Size Units='Pixels' Width='126' Height='32' />
<VisualStyles>
<VisualStyle State='0' Mode='0'>
<Face Type='2D'>
<Color  R='1' G='1' B='1' A='0' />
</Face>
<Text FontId='2' Alignment='CenterLeft' Wrap='False'>
<Bindings>
<Binding Id='106' Type='Serial' Property='Text'/>
</Bindings>
<Color  R='1' G='1' B='1' A='1' />
</Text>
</VisualStyle>
<VisualStyle State='1' Mode='0'>
<Face Type='2D'>
<Color  R='1' G='1' B='1' A='0' />
</Face>
<Text FontId='2' Alignment='CenterLeft' Wrap='False'>
<Bindings>
<Binding Id='106' Type='Serial' Property='Text'/>
</Bindings>
<Color  R='1' G='1' B='0.501961' A='1' />
</Text>
</VisualStyle>
</VisualStyles>
<Bindings>
<Binding Id='87' Type='Digital' Property='State'/>
</Bindings>
<Commands>
<Command Action='TouchDown' Id='87' Type='Digital' Value='True' />
<Command Action='TouchUp' Id='87' Type='Digital' Value='False' />
</Commands>
</Control>
<Control Type='Button' Name='Button'>
<Position Units='Pixels' X='96' Y='346' />
<Size Units='Pixels' Width='126' Height='32' />
<VisualStyles>
<VisualStyle State='0' Mode='0'>
<Face Type='2D'>
<Color  R='1' G='1' B='1' A='0' />
</Face>
<Text FontId='2' Alignment='CenterLeft' Wrap='False'>
<Bindings>
<Binding Id='83' Type='Serial' Property='Text'/>
</Bindings>
<Color  R='1' G='1' B='1' A='1' />
</Text>
</VisualStyle>
<VisualStyle State='1' Mode='0'>
<Face Type='2D'>
<Color  R='1' G='1' B='1' A='0' />
</Face>
<Text FontId='2' Alignment='CenterLeft' Wrap='False'>
<Bindings>
<Binding Id='83' Type='Serial' Property='Text'/>
</Bindings>
<Color  R='1' G='1' B='0.501961' A='1' />
</Text>
</VisualStyle>
</VisualStyles>
<Bindings>
<Binding Id='88' Type='Digital' Property='State'/>
</Bindings>
<Commands>
<Command Action='TouchDown' Id='88' Type='Digital' Value='True' />
<Command Action='TouchUp' Id='88' Type='Digital' Value='False' />
</Commands>
</Control>
<Control Type='Button' Name='Button'>
<Position Units='Pixels' X='224' Y='346' />
<Size Units='Pixels' Width='126' Height='32' />
<VisualStyles>
<VisualStyle State='0' Mode='0'>
<Face Type='2D'>
<Color  R='1' G='1' B='1' A='0' />
</Face>
<Text FontId='2' Alignment='CenterLeft' Wrap='False'>
<Bindings>
<Binding Id='95' Type='Serial' Property='Text'/>
</Bindings>
<Color  R='1' G='1' B='1' A='1' />
</Text>
</VisualStyle>
<VisualStyle State='1' Mode='0'>
<Face Type='2D'>
<Color  R='1' G='1' B='1' A='0' />
</Face>
<Text FontId='2' Alignment='CenterLeft' Wrap='False'>
<Bindings>
<Binding Id='95' Type='Serial' Property='Text'/>
</Bindings>
<Color  R='1' G='1' B='0.501961' A='1' />
</Text>
</VisualStyle>
</VisualStyles>
<Bindings>
<Binding Id='88' Type='Digital' Property='State'/>
</Bindings>
<Commands>
<Command Action='TouchDown' Id='88' Type='Digital' Value='True' />
<Command Action='TouchUp' Id='88' Type='Digital' Value='False' />
</Commands>
</Control>
<Control Type='Button' Name='Button'>
<Position Units='Pixels' X='352' Y='346' />
<Size Units='Pixels' Width='126' Height='32' />
<VisualStyles>
<VisualStyle State='0' Mode='0'>
<Face Type='2D'>
<Color  R='1' G='1' B='1' A='0' />
</Face>
<Text FontId='2' Alignment='CenterLeft' Wrap='False'>
<Bindings>
<Binding Id='107' Type='Serial' Property='Text'/>
</Bindings>
<Color  R='1' G='1' B='1' A='1' />
</Text>
</VisualStyle>
<VisualStyle State='1' Mode='0'>
<Face Type='2D'>
<Color  R='1' G='1' B='1' A='0' />
</Face>
<Text FontId='2' Alignment='CenterLeft' Wrap='False'>
<Bindings>
<Binding Id='107' Type='Serial' Property='Text'/>
</Bindings>
<Color  R='1' G='1' B='0.501961' A='1' />
</Text>
</VisualStyle>
</VisualStyles>
<Bindings>
<Binding Id='88' Type='Digital' Property='State'/>
</Bindings>
<Commands>
<Command Action='TouchDown' Id='88' Type='Digital' Value='True' />
<Command Action='TouchUp' Id='88' Type='Digital' Value='False' />
</Commands>
</Control>
<Control Type='Button' Name='Button'>
<Position Units='Pixels' X='521' Y='117' />
<Size Units='Pixels' Width='66' Height='45' />
<VisualStyles>
<VisualStyle State='0' Mode='0'>
<Face Type='2D'>
<Color  R='1' G='1' B='1' A='0' />
</Face>
<Image Id='38' Alpha='1' />
<Text Id='117' FontId='2' Alignment='CenterCenter' Wrap='False'>
<Color  R='1' G='1' B='1' A='1' />
</Text>
</VisualStyle>
<VisualStyle State='1' Mode='0'>
<Face Type='2D'>
<Color  R='1' G='1' B='1' A='0' />
</Face>
<Image Id='39' Alpha='1' />
<Text Id='117' FontId='2' Alignment='CenterCenter' Wrap='False'>
<Color  R='1' G='1' B='1' A='1' />
</Text>
</VisualStyle>
</VisualStyles>
<Bindings>
<Binding Id='131' Type='Digital' Property='State'/>
</Bindings>
<Commands>
<Command Action='TouchDown' Id='131' Type='Digital' Value='True' />
<Command Action='TouchUp' Id='131' Type='Digital' Value='False' />
</Commands>
</Control>
<Control Type='Button' Name='Button'>
<Position Units='Pixels' X='521' Y='65' />
<Size Units='Pixels' Width='66' Height='45' />
<VisualStyles>
<VisualStyle State='0' Mode='0'>
<Face Type='2D'>
<Color  R='1' G='1' B='1' A='0' />
</Face>
<Image Id='38' Alpha='1' />
<Text Id='121' FontId='2' Alignment='CenterCenter' Wrap='False'>
<Color  R='1' G='1' B='1' A='1' />
</Text>
</VisualStyle>
<VisualStyle State='1' Mode='0'>
<Face Type='2D'>
<Color  R='1' G='1' B='1' A='0' />
</Face>
<Image Id='39' Alpha='1' />
<Text Id='121' FontId='2' Alignment='CenterCenter' Wrap='False'>
<Color  R='1' G='1' B='1' A='1' />
</Text>
</VisualStyle>
</VisualStyles>
<Bindings>
<Binding Id='133' Type='Digital' Property='State'/>
</Bindings>
<Commands>
<Command Action='TouchDown' Id='133' Type='Digital' Value='True' />
<Command Action='TouchUp' Id='133' Type='Digital' Value='False' />
</Commands>
</Control>
<Control Type='Button' Name='Button'>
<Position Units='Pixels' X='521' Y='287' />
<Size Units='Pixels' Width='66' Height='45' />
<VisualStyles>
<VisualStyle State='0' Mode='0'>
<Face Type='2D'>
<Color  R='1' G='1' B='1' A='0' />
</Face>
<Image Id='38' Alpha='1' />
<Text Id='118' FontId='2' Alignment='CenterCenter' Wrap='False'>
<Color  R='1' G='1' B='1' A='1' />
</Text>
</VisualStyle>
<VisualStyle State='1' Mode='0'>
<Face Type='2D'>
<Color  R='1' G='1' B='1' A='0' />
</Face>
<Image Id='39' Alpha='1' />
<Text Id='118' FontId='2' Alignment='CenterCenter' Wrap='False'>
<Color  R='1' G='1' B='1' A='1' />
</Text>
</VisualStyle>
</VisualStyles>
<Bindings>
<Binding Id='132' Type='Digital' Property='State'/>
</Bindings>
<Commands>
<Command Action='TouchDown' Id='132' Type='Digital' Value='True' />
<Command Action='TouchUp' Id='132' Type='Digital' Value='False' />
</Commands>
</Control>
<Control Type='Button' Name='Button'>
<Position Units='Pixels' X='521' Y='339' />
<Size Units='Pixels' Width='66' Height='45' />
<VisualStyles>
<VisualStyle State='0' Mode='0'>
<Face Type='2D'>
<Color  R='1' G='1' B='1' A='0' />
</Face>
<Image Id='38' Alpha='1' />
<Text Id='122' FontId='2' Alignment='CenterCenter' Wrap='False'>
<Color  R='1' G='1' B='1' A='1' />
</Text>
</VisualStyle>
<VisualStyle State='1' Mode='0'>
<Face Type='2D'>
<Color  R='1' G='1' B='1' A='0' />
</Face>
<Image Id='39' Alpha='1' />
<Text Id='122' FontId='2' Alignment='CenterCenter' Wrap='False'>
<Color  R='1' G='1' B='1' A='1' />
</Text>
</VisualStyle>
</VisualStyles>
<Bindings>
<Binding Id='134' Type='Digital' Property='State'/>
</Bindings>
<Commands>
<Command Action='TouchDown' Id='134' Type='Digital' Value='True' />
<Command Action='TouchUp' Id='134' Type='Digital' Value='False' />
</Commands>
</Control>
</Control>
</File>
