<?xml version='1.0' encoding='ISO-8859-1' ?>
<File Type='Page' Version='5.1.0'>
<Control Type='Subpage' Name='Zones (01 - Default)'>
<Position Units='Pixels' X='0' Y='0' />
<Size Units='Pixels' Width='774' Height='500' />
<VisualStyles>
<VisualStyle>
<Background>
<Color  R='1' G='0.501961' B='0.501961' A='0' />
</Background>
</VisualStyle>
</VisualStyles>
<Control Type='Button' Name='Button'>
<Position Units='Pixels' X='56' Y='95' />
<Size Units='Pixels' Width='150' Height='40' />
<VisualStyles>
<VisualStyle State='0' Mode='0'>
<Face Type='2D'>
<Color  R='1' G='1' B='1' A='0' />
</Face>
<Text FontId='2' Alignment='CenterLeft' Wrap='False'>
<Bindings>
<Binding Id='201' Type='Serial' Property='Text'/>
</Bindings>
<Color  R='1' G='1' B='1' A='1' />
</Text>
</VisualStyle>
<VisualStyle State='1' Mode='0'>
<Face Type='2D'>
<Color  R='1' G='1' B='1' A='0' />
</Face>
<Text FontId='2' Alignment='CenterLeft' Wrap='False'>
<Bindings>
<Binding Id='201' Type='Serial' Property='Text'/>
</Bindings>
<Color  R='1' G='1' B='0' A='1' />
</Text>
</VisualStyle>
</VisualStyles>
<Bindings>
<Binding Id='201' Type='Digital' Property='State'/>
</Bindings>
<Commands>
<Command Action='TouchDown' Id='201' Type='Digital' Value='True' />
<Command Action='TouchUp' Id='201' Type='Digital' Value='False' />
</Commands>
</Control>
<Control Type='Button' Name='Button'>
<Position Units='Pixels' X='32' Y='109' />
<Size Units='Pixels' Width='12' Height='12' />
<VisualStyles>
<VisualStyle State='0' Mode='0'>
<Face Type='2D'>
<Color  R='0.752941' G='0.752941' B='0.752941' A='0' />
</Face>
<Image Id='168' Alpha='1' />
</VisualStyle>
<VisualStyle State='1' Mode='0'>
<Face Type='2D'>
<Color  R='0.752941' G='0.752941' B='0.752941' A='0' />
</Face>
<Image Id='169' Alpha='1' />
</VisualStyle>
</VisualStyles>
<Bindings>
<Binding Id='201' Type='Digital' Property='State'/>
</Bindings>
<Commands>
<Command Action='TouchDown' Id='201' Type='Digital' Value='True' />
<Command Action='TouchUp' Id='201' Type='Digital' Value='False' />
</Commands>
</Control>
<Control Type='Button' Name='Button'>
<Position Units='Pixels' X='216' Y='95' />
<Size Units='Pixels' Width='150' Height='40' />
<VisualStyles>
<VisualStyle State='0' Mode='0'>
<Face Type='2D'>
<Color  R='1' G='1' B='1' A='0' />
</Face>
<Text FontId='2' Alignment='CenterLeft' Wrap='False'>
<Bindings>
<Binding Id='251' Type='Serial' Property='Text'/>
</Bindings>
<Color  R='1' G='1' B='1' A='1' />
</Text>
</VisualStyle>
<VisualStyle State='1' Mode='0'>
<Face Type='2D'>
<Color  R='1' G='1' B='1' A='0' />
</Face>
<Text FontId='2' Alignment='CenterLeft' Wrap='False'>
<Bindings>
<Binding Id='251' Type='Serial' Property='Text'/>
</Bindings>
<Color  R='1' G='1' B='0' A='1' />
</Text>
</VisualStyle>
</VisualStyles>
<Bindings>
<Binding Id='251' Type='Digital' Property='State'/>
</Bindings>
<Commands>
<Command Action='TouchDown' Id='251' Type='Digital' Value='True' />
<Command Action='TouchUp' Id='251' Type='Digital' Value='False' />
</Commands>
</Control>
<Control Type='Button' Name='GaugeBackdrop'>
<Position Units='Pixels' X='56' Y='94' />
<Size Units='Pixels' Width='150' Height='2' />
<VisualStyles>
<VisualStyle State='0' Mode='0'>
<Face Type='2D'>
<Color  R='1' G='1' B='1' A='1' />
</Face>
<Text FontId='15' Alignment='CenterCenter' Wrap='False'>
<Color  R='0' G='0' B='0' A='1' />
</Text>
</VisualStyle>
</VisualStyles>
</Control>
<Control Type='Slider' Name='Analog Gauge'>
<Position Units='Pixels' X='56' Y='94' />
<Size Units='Pixels' Width='150' Height='2' />
<VisualStyles>
<VisualStyle State='0' Mode='0'>
<Format Type='2' Signed='False'>
<Slider Direction='0' />
</Format>
<Face Type='2D'>
<Color  R='0.501961' G='0.501961' B='0.501961' A='1' />
</Face>
<Text FontId='15' Alignment='CenterCenter' Wrap='False'>
<Color  R='0' G='0' B='0' A='1' />
</Text>
</VisualStyle>
</VisualStyles>
<Bindings>
<Binding Id='201' Type='Analog' Property='Mode'/>
</Bindings>
</Control>
<Control Type='Button' Name='Button'>
<Position Units='Pixels' X='428' Y='95' />
<Size Units='Pixels' Width='150' Height='40' />
<VisualStyles>
<VisualStyle State='0' Mode='0'>
<Face Type='2D'>
<Color  R='1' G='1' B='1' A='0' />
</Face>
<Text FontId='2' Alignment='CenterLeft' Wrap='False'>
<Bindings>
<Binding Id='209' Type='Serial' Property='Text'/>
</Bindings>
<Color  R='1' G='1' B='1' A='1' />
</Text>
</VisualStyle>
<VisualStyle State='1' Mode='0'>
<Face Type='2D'>
<Color  R='1' G='1' B='1' A='0' />
</Face>
<Text FontId='2' Alignment='CenterLeft' Wrap='False'>
<Bindings>
<Binding Id='209' Type='Serial' Property='Text'/>
</Bindings>
<Color  R='1' G='1' B='0' A='1' />
</Text>
</VisualStyle>
</VisualStyles>
<Bindings>
<Binding Id='209' Type='Digital' Property='State'/>
</Bindings>
<Commands>
<Command Action='TouchDown' Id='209' Type='Digital' Value='True' />
<Command Action='TouchUp' Id='209' Type='Digital' Value='False' />
</Commands>
</Control>
<Control Type='Button' Name='Button'>
<Position Units='Pixels' X='404' Y='109' />
<Size Units='Pixels' Width='12' Height='12' />
<VisualStyles>
<VisualStyle State='0' Mode='0'>
<Face Type='2D'>
<Color  R='0.752941' G='0.752941' B='0.752941' A='0' />
</Face>
<Image Id='168' Alpha='1' />
</VisualStyle>
<VisualStyle State='1' Mode='0'>
<Face Type='2D'>
<Color  R='0.752941' G='0.752941' B='0.752941' A='0' />
</Face>
<Image Id='169' Alpha='1' />
</VisualStyle>
</VisualStyles>
<Bindings>
<Binding Id='209' Type='Digital' Property='State'/>
</Bindings>
<Commands>
<Command Action='TouchDown' Id='209' Type='Digital' Value='True' />
<Command Action='TouchUp' Id='209' Type='Digital' Value='False' />
</Commands>
</Control>
<Control Type='Button' Name='Button'>
<Position Units='Pixels' X='588' Y='95' />
<Size Units='Pixels' Width='150' Height='40' />
<VisualStyles>
<VisualStyle State='0' Mode='0'>
<Face Type='2D'>
<Color  R='1' G='1' B='1' A='0' />
</Face>
<Text FontId='2' Alignment='CenterLeft' Wrap='False'>
<Bindings>
<Binding Id='259' Type='Serial' Property='Text'/>
</Bindings>
<Color  R='1' G='1' B='1' A='1' />
</Text>
</VisualStyle>
<VisualStyle State='1' Mode='0'>
<Face Type='2D'>
<Color  R='1' G='1' B='1' A='0' />
</Face>
<Text FontId='2' Alignment='CenterLeft' Wrap='False'>
<Bindings>
<Binding Id='259' Type='Serial' Property='Text'/>
</Bindings>
<Color  R='1' G='1' B='0' A='1' />
</Text>
</VisualStyle>
</VisualStyles>
<Bindings>
<Binding Id='259' Type='Digital' Property='State'/>
</Bindings>
<Commands>
<Command Action='TouchDown' Id='259' Type='Digital' Value='True' />
<Command Action='TouchUp' Id='259' Type='Digital' Value='False' />
</Commands>
</Control>
<Control Type='Button' Name='GaugeBackdrop'>
<Position Units='Pixels' X='428' Y='94' />
<Size Units='Pixels' Width='150' Height='2' />
<VisualStyles>
<VisualStyle State='0' Mode='0'>
<Face Type='2D'>
<Color  R='1' G='1' B='1' A='1' />
</Face>
<Text FontId='15' Alignment='CenterCenter' Wrap='False'>
<Color  R='0' G='0' B='0' A='1' />
</Text>
</VisualStyle>
</VisualStyles>
</Control>
<Control Type='Slider' Name='Analog Gauge'>
<Position Units='Pixels' X='428' Y='94' />
<Size Units='Pixels' Width='150' Height='2' />
<VisualStyles>
<VisualStyle State='0' Mode='0'>
<Format Type='2' Signed='False'>
<Slider Direction='0' />
</Format>
<Face Type='2D'>
<Color  R='0.501961' G='0.501961' B='0.501961' A='1' />
</Face>
<Text FontId='15' Alignment='CenterCenter' Wrap='False'>
<Color  R='0' G='0' B='0' A='1' />
</Text>
</VisualStyle>
</VisualStyles>
<Bindings>
<Binding Id='209' Type='Analog' Property='Mode'/>
</Bindings>
</Control>
<Control Type='Button' Name='Button'>
<Position Units='Pixels' X='56' Y='143' />
<Size Units='Pixels' Width='150' Height='40' />
<VisualStyles>
<VisualStyle State='0' Mode='0'>
<Face Type='2D'>
<Color  R='1' G='1' B='1' A='0' />
</Face>
<Text FontId='2' Alignment='CenterLeft' Wrap='False'>
<Bindings>
<Binding Id='202' Type='Serial' Property='Text'/>
</Bindings>
<Color  R='1' G='1' B='1' A='1' />
</Text>
</VisualStyle>
<VisualStyle State='1' Mode='0'>
<Face Type='2D'>
<Color  R='1' G='1' B='1' A='0' />
</Face>
<Text FontId='2' Alignment='CenterLeft' Wrap='False'>
<Bindings>
<Binding Id='202' Type='Serial' Property='Text'/>
</Bindings>
<Color  R='1' G='1' B='0' A='1' />
</Text>
</VisualStyle>
</VisualStyles>
<Bindings>
<Binding Id='202' Type='Digital' Property='State'/>
</Bindings>
<Commands>
<Command Action='TouchDown' Id='202' Type='Digital' Value='True' />
<Command Action='TouchUp' Id='202' Type='Digital' Value='False' />
</Commands>
</Control>
<Control Type='Button' Name='Button'>
<Position Units='Pixels' X='32' Y='157' />
<Size Units='Pixels' Width='12' Height='12' />
<VisualStyles>
<VisualStyle State='0' Mode='0'>
<Face Type='2D'>
<Color  R='0.752941' G='0.752941' B='0.752941' A='0' />
</Face>
<Image Id='168' Alpha='1' />
</VisualStyle>
<VisualStyle State='1' Mode='0'>
<Face Type='2D'>
<Color  R='0.752941' G='0.752941' B='0.752941' A='0' />
</Face>
<Image Id='169' Alpha='1' />
</VisualStyle>
</VisualStyles>
<Bindings>
<Binding Id='202' Type='Digital' Property='State'/>
</Bindings>
<Commands>
<Command Action='TouchDown' Id='202' Type='Digital' Value='True' />
<Command Action='TouchUp' Id='202' Type='Digital' Value='False' />
</Commands>
</Control>
<Control Type='Button' Name='Button'>
<Position Units='Pixels' X='216' Y='143' />
<Size Units='Pixels' Width='150' Height='40' />
<VisualStyles>
<VisualStyle State='0' Mode='0'>
<Face Type='2D'>
<Color  R='1' G='1' B='1' A='0' />
</Face>
<Text FontId='2' Alignment='CenterLeft' Wrap='False'>
<Bindings>
<Binding Id='252' Type='Serial' Property='Text'/>
</Bindings>
<Color  R='1' G='1' B='1' A='1' />
</Text>
</VisualStyle>
<VisualStyle State='1' Mode='0'>
<Face Type='2D'>
<Color  R='1' G='1' B='1' A='0' />
</Face>
<Text FontId='2' Alignment='CenterLeft' Wrap='False'>
<Bindings>
<Binding Id='252' Type='Serial' Property='Text'/>
</Bindings>
<Color  R='1' G='1' B='0' A='1' />
</Text>
</VisualStyle>
</VisualStyles>
<Bindings>
<Binding Id='252' Type='Digital' Property='State'/>
</Bindings>
<Commands>
<Command Action='TouchDown' Id='252' Type='Digital' Value='True' />
<Command Action='TouchUp' Id='252' Type='Digital' Value='False' />
</Commands>
</Control>
<Control Type='Button' Name='GaugeBackdrop'>
<Position Units='Pixels' X='56' Y='142' />
<Size Units='Pixels' Width='150' Height='2' />
<VisualStyles>
<VisualStyle State='0' Mode='0'>
<Face Type='2D'>
<Color  R='1' G='1' B='1' A='1' />
</Face>
<Text FontId='15' Alignment='CenterCenter' Wrap='False'>
<Color  R='0' G='0' B='0' A='1' />
</Text>
</VisualStyle>
</VisualStyles>
</Control>
<Control Type='Slider' Name='Analog Gauge'>
<Position Units='Pixels' X='56' Y='142' />
<Size Units='Pixels' Width='150' Height='2' />
<VisualStyles>
<VisualStyle State='0' Mode='0'>
<Format Type='2' Signed='False'>
<Slider Direction='0' />
</Format>
<Face Type='2D'>
<Color  R='0.501961' G='0.501961' B='0.501961' A='1' />
</Face>
<Text FontId='15' Alignment='CenterCenter' Wrap='False'>
<Color  R='0' G='0' B='0' A='1' />
</Text>
</VisualStyle>
</VisualStyles>
<Bindings>
<Binding Id='202' Type='Analog' Property='Mode'/>
</Bindings>
</Control>
<Control Type='Button' Name='Button'>
<Position Units='Pixels' X='428' Y='143' />
<Size Units='Pixels' Width='150' Height='40' />
<VisualStyles>
<VisualStyle State='0' Mode='0'>
<Face Type='2D'>
<Color  R='1' G='1' B='1' A='0' />
</Face>
<Text FontId='2' Alignment='CenterLeft' Wrap='False'>
<Bindings>
<Binding Id='210' Type='Serial' Property='Text'/>
</Bindings>
<Color  R='1' G='1' B='1' A='1' />
</Text>
</VisualStyle>
<VisualStyle State='1' Mode='0'>
<Face Type='2D'>
<Color  R='1' G='1' B='1' A='0' />
</Face>
<Text FontId='2' Alignment='CenterLeft' Wrap='False'>
<Bindings>
<Binding Id='210' Type='Serial' Property='Text'/>
</Bindings>
<Color  R='1' G='1' B='0' A='1' />
</Text>
</VisualStyle>
</VisualStyles>
<Bindings>
<Binding Id='210' Type='Digital' Property='State'/>
</Bindings>
<Commands>
<Command Action='TouchDown' Id='210' Type='Digital' Value='True' />
<Command Action='TouchUp' Id='210' Type='Digital' Value='False' />
</Commands>
</Control>
<Control Type='Button' Name='Button'>
<Position Units='Pixels' X='404' Y='157' />
<Size Units='Pixels' Width='12' Height='12' />
<VisualStyles>
<VisualStyle State='0' Mode='0'>
<Face Type='2D'>
<Color  R='0.752941' G='0.752941' B='0.752941' A='0' />
</Face>
<Image Id='168' Alpha='1' />
</VisualStyle>
<VisualStyle State='1' Mode='0'>
<Face Type='2D'>
<Color  R='0.752941' G='0.752941' B='0.752941' A='0' />
</Face>
<Image Id='169' Alpha='1' />
</VisualStyle>
</VisualStyles>
<Bindings>
<Binding Id='210' Type='Digital' Property='State'/>
</Bindings>
<Commands>
<Command Action='TouchDown' Id='210' Type='Digital' Value='True' />
<Command Action='TouchUp' Id='210' Type='Digital' Value='False' />
</Commands>
</Control>
<Control Type='Button' Name='Button'>
<Position Units='Pixels' X='588' Y='143' />
<Size Units='Pixels' Width='150' Height='40' />
<VisualStyles>
<VisualStyle State='0' Mode='0'>
<Face Type='2D'>
<Color  R='1' G='1' B='1' A='0' />
</Face>
<Text FontId='2' Alignment='CenterLeft' Wrap='False'>
<Bindings>
<Binding Id='260' Type='Serial' Property='Text'/>
</Bindings>
<Color  R='1' G='1' B='1' A='1' />
</Text>
</VisualStyle>
<VisualStyle State='1' Mode='0'>
<Face Type='2D'>
<Color  R='1' G='1' B='1' A='0' />
</Face>
<Text FontId='2' Alignment='CenterLeft' Wrap='False'>
<Bindings>
<Binding Id='260' Type='Serial' Property='Text'/>
</Bindings>
<Color  R='1' G='1' B='0' A='1' />
</Text>
</VisualStyle>
</VisualStyles>
<Bindings>
<Binding Id='260' Type='Digital' Property='State'/>
</Bindings>
<Commands>
<Command Action='TouchDown' Id='260' Type='Digital' Value='True' />
<Command Action='TouchUp' Id='260' Type='Digital' Value='False' />
</Commands>
</Control>
<Control Type='Button' Name='GaugeBackdrop'>
<Position Units='Pixels' X='428' Y='142' />
<Size Units='Pixels' Width='150' Height='2' />
<VisualStyles>
<VisualStyle State='0' Mode='0'>
<Face Type='2D'>
<Color  R='1' G='1' B='1' A='1' />
</Face>
<Text FontId='15' Alignment='CenterCenter' Wrap='False'>
<Color  R='0' G='0' B='0' A='1' />
</Text>
</VisualStyle>
</VisualStyles>
</Control>
<Control Type='Slider' Name='Analog Gauge'>
<Position Units='Pixels' X='428' Y='142' />
<Size Units='Pixels' Width='150' Height='2' />
<VisualStyles>
<VisualStyle State='0' Mode='0'>
<Format Type='2' Signed='False'>
<Slider Direction='0' />
</Format>
<Face Type='2D'>
<Color  R='0.501961' G='0.501961' B='0.501961' A='1' />
</Face>
<Text FontId='15' Alignment='CenterCenter' Wrap='False'>
<Color  R='0' G='0' B='0' A='1' />
</Text>
</VisualStyle>
</VisualStyles>
<Bindings>
<Binding Id='210' Type='Analog' Property='Mode'/>
</Bindings>
</Control>
<Control Type='Button' Name='Button'>
<Position Units='Pixels' X='56' Y='191' />
<Size Units='Pixels' Width='150' Height='40' />
<VisualStyles>
<VisualStyle State='0' Mode='0'>
<Face Type='2D'>
<Color  R='1' G='1' B='1' A='0' />
</Face>
<Text FontId='2' Alignment='CenterLeft' Wrap='False'>
<Bindings>
<Binding Id='203' Type='Serial' Property='Text'/>
</Bindings>
<Color  R='1' G='1' B='1' A='1' />
</Text>
</VisualStyle>
<VisualStyle State='1' Mode='0'>
<Face Type='2D'>
<Color  R='1' G='1' B='1' A='0' />
</Face>
<Text FontId='2' Alignment='CenterLeft' Wrap='False'>
<Bindings>
<Binding Id='203' Type='Serial' Property='Text'/>
</Bindings>
<Color  R='1' G='1' B='0' A='1' />
</Text>
</VisualStyle>
</VisualStyles>
<Bindings>
<Binding Id='203' Type='Digital' Property='State'/>
</Bindings>
<Commands>
<Command Action='TouchDown' Id='203' Type='Digital' Value='True' />
<Command Action='TouchUp' Id='203' Type='Digital' Value='False' />
</Commands>
</Control>
<Control Type='Button' Name='Button'>
<Position Units='Pixels' X='32' Y='205' />
<Size Units='Pixels' Width='12' Height='12' />
<VisualStyles>
<VisualStyle State='0' Mode='0'>
<Face Type='2D'>
<Color  R='0.752941' G='0.752941' B='0.752941' A='0' />
</Face>
<Image Id='168' Alpha='1' />
</VisualStyle>
<VisualStyle State='1' Mode='0'>
<Face Type='2D'>
<Color  R='0.752941' G='0.752941' B='0.752941' A='0' />
</Face>
<Image Id='169' Alpha='1' />
</VisualStyle>
</VisualStyles>
<Bindings>
<Binding Id='203' Type='Digital' Property='State'/>
</Bindings>
<Commands>
<Command Action='TouchDown' Id='203' Type='Digital' Value='True' />
<Command Action='TouchUp' Id='203' Type='Digital' Value='False' />
</Commands>
</Control>
<Control Type='Button' Name='Button'>
<Position Units='Pixels' X='216' Y='191' />
<Size Units='Pixels' Width='150' Height='40' />
<VisualStyles>
<VisualStyle State='0' Mode='0'>
<Face Type='2D'>
<Color  R='1' G='1' B='1' A='0' />
</Face>
<Text FontId='2' Alignment='CenterLeft' Wrap='False'>
<Bindings>
<Binding Id='253' Type='Serial' Property='Text'/>
</Bindings>
<Color  R='1' G='1' B='1' A='1' />
</Text>
</VisualStyle>
<VisualStyle State='1' Mode='0'>
<Face Type='2D'>
<Color  R='1' G='1' B='1' A='0' />
</Face>
<Text FontId='2' Alignment='CenterLeft' Wrap='False'>
<Bindings>
<Binding Id='253' Type='Serial' Property='Text'/>
</Bindings>
<Color  R='1' G='1' B='0' A='1' />
</Text>
</VisualStyle>
</VisualStyles>
<Bindings>
<Binding Id='253' Type='Digital' Property='State'/>
</Bindings>
<Commands>
<Command Action='TouchDown' Id='253' Type='Digital' Value='True' />
<Command Action='TouchUp' Id='253' Type='Digital' Value='False' />
</Commands>
</Control>
<Control Type='Button' Name='GaugeBackdrop'>
<Position Units='Pixels' X='56' Y='190' />
<Size Units='Pixels' Width='150' Height='2' />
<VisualStyles>
<VisualStyle State='0' Mode='0'>
<Face Type='2D'>
<Color  R='1' G='1' B='1' A='1' />
</Face>
<Text FontId='15' Alignment='CenterCenter' Wrap='False'>
<Color  R='0' G='0' B='0' A='1' />
</Text>
</VisualStyle>
</VisualStyles>
</Control>
<Control Type='Slider' Name='Analog Gauge'>
<Position Units='Pixels' X='56' Y='190' />
<Size Units='Pixels' Width='150' Height='2' />
<VisualStyles>
<VisualStyle State='0' Mode='0'>
<Format Type='2' Signed='False'>
<Slider Direction='0' />
</Format>
<Face Type='2D'>
<Color  R='0.501961' G='0.501961' B='0.501961' A='1' />
</Face>
<Text FontId='15' Alignment='CenterCenter' Wrap='False'>
<Color  R='0' G='0' B='0' A='1' />
</Text>
</VisualStyle>
</VisualStyles>
<Bindings>
<Binding Id='203' Type='Analog' Property='Mode'/>
</Bindings>
</Control>
<Control Type='Button' Name='Button'>
<Position Units='Pixels' X='428' Y='191' />
<Size Units='Pixels' Width='150' Height='40' />
<VisualStyles>
<VisualStyle State='0' Mode='0'>
<Face Type='2D'>
<Color  R='1' G='1' B='1' A='0' />
</Face>
<Text FontId='2' Alignment='CenterLeft' Wrap='False'>
<Bindings>
<Binding Id='211' Type='Serial' Property='Text'/>
</Bindings>
<Color  R='1' G='1' B='1' A='1' />
</Text>
</VisualStyle>
<VisualStyle State='1' Mode='0'>
<Face Type='2D'>
<Color  R='1' G='1' B='1' A='0' />
</Face>
<Text FontId='2' Alignment='CenterLeft' Wrap='False'>
<Bindings>
<Binding Id='211' Type='Serial' Property='Text'/>
</Bindings>
<Color  R='1' G='1' B='0' A='1' />
</Text>
</VisualStyle>
</VisualStyles>
<Bindings>
<Binding Id='211' Type='Digital' Property='State'/>
</Bindings>
<Commands>
<Command Action='TouchDown' Id='211' Type='Digital' Value='True' />
<Command Action='TouchUp' Id='211' Type='Digital' Value='False' />
</Commands>
</Control>
<Control Type='Button' Name='Button'>
<Position Units='Pixels' X='404' Y='205' />
<Size Units='Pixels' Width='12' Height='12' />
<VisualStyles>
<VisualStyle State='0' Mode='0'>
<Face Type='2D'>
<Color  R='0.752941' G='0.752941' B='0.752941' A='0' />
</Face>
<Image Id='168' Alpha='1' />
</VisualStyle>
<VisualStyle State='1' Mode='0'>
<Face Type='2D'>
<Color  R='0.752941' G='0.752941' B='0.752941' A='0' />
</Face>
<Image Id='169' Alpha='1' />
</VisualStyle>
</VisualStyles>
<Bindings>
<Binding Id='211' Type='Digital' Property='State'/>
</Bindings>
<Commands>
<Command Action='TouchDown' Id='211' Type='Digital' Value='True' />
<Command Action='TouchUp' Id='211' Type='Digital' Value='False' />
</Commands>
</Control>
<Control Type='Button' Name='Button'>
<Position Units='Pixels' X='588' Y='191' />
<Size Units='Pixels' Width='150' Height='40' />
<VisualStyles>
<VisualStyle State='0' Mode='0'>
<Face Type='2D'>
<Color  R='1' G='1' B='1' A='0' />
</Face>
<Text FontId='2' Alignment='CenterLeft' Wrap='False'>
<Bindings>
<Binding Id='261' Type='Serial' Property='Text'/>
</Bindings>
<Color  R='1' G='1' B='1' A='1' />
</Text>
</VisualStyle>
<VisualStyle State='1' Mode='0'>
<Face Type='2D'>
<Color  R='1' G='1' B='1' A='0' />
</Face>
<Text FontId='2' Alignment='CenterLeft' Wrap='False'>
<Bindings>
<Binding Id='261' Type='Serial' Property='Text'/>
</Bindings>
<Color  R='1' G='1' B='0' A='1' />
</Text>
</VisualStyle>
</VisualStyles>
<Bindings>
<Binding Id='261' Type='Digital' Property='State'/>
</Bindings>
<Commands>
<Command Action='TouchDown' Id='261' Type='Digital' Value='True' />
<Command Action='TouchUp' Id='261' Type='Digital' Value='False' />
</Commands>
</Control>
<Control Type='Button' Name='GaugeBackdrop'>
<Position Units='Pixels' X='428' Y='190' />
<Size Units='Pixels' Width='150' Height='2' />
<VisualStyles>
<VisualStyle State='0' Mode='0'>
<Face Type='2D'>
<Color  R='1' G='1' B='1' A='1' />
</Face>
<Text FontId='15' Alignment='CenterCenter' Wrap='False'>
<Color  R='0' G='0' B='0' A='1' />
</Text>
</VisualStyle>
</VisualStyles>
</Control>
<Control Type='Slider' Name='Analog Gauge'>
<Position Units='Pixels' X='428' Y='190' />
<Size Units='Pixels' Width='150' Height='2' />
<VisualStyles>
<VisualStyle State='0' Mode='0'>
<Format Type='2' Signed='False'>
<Slider Direction='0' />
</Format>
<Face Type='2D'>
<Color  R='0.501961' G='0.501961' B='0.501961' A='1' />
</Face>
<Text FontId='15' Alignment='CenterCenter' Wrap='False'>
<Color  R='0' G='0' B='0' A='1' />
</Text>
</VisualStyle>
</VisualStyles>
<Bindings>
<Binding Id='211' Type='Analog' Property='Mode'/>
</Bindings>
</Control>
<Control Type='Button' Name='Button'>
<Position Units='Pixels' X='56' Y='239' />
<Size Units='Pixels' Width='150' Height='40' />
<VisualStyles>
<VisualStyle State='0' Mode='0'>
<Face Type='2D'>
<Color  R='1' G='1' B='1' A='0' />
</Face>
<Text FontId='2' Alignment='CenterLeft' Wrap='False'>
<Bindings>
<Binding Id='204' Type='Serial' Property='Text'/>
</Bindings>
<Color  R='1' G='1' B='1' A='1' />
</Text>
</VisualStyle>
<VisualStyle State='1' Mode='0'>
<Face Type='2D'>
<Color  R='1' G='1' B='1' A='0' />
</Face>
<Text FontId='2' Alignment='CenterLeft' Wrap='False'>
<Bindings>
<Binding Id='204' Type='Serial' Property='Text'/>
</Bindings>
<Color  R='1' G='1' B='0' A='1' />
</Text>
</VisualStyle>
</VisualStyles>
<Bindings>
<Binding Id='204' Type='Digital' Property='State'/>
</Bindings>
<Commands>
<Command Action='TouchDown' Id='204' Type='Digital' Value='True' />
<Command Action='TouchUp' Id='204' Type='Digital' Value='False' />
</Commands>
</Control>
<Control Type='Button' Name='Button'>
<Position Units='Pixels' X='32' Y='253' />
<Size Units='Pixels' Width='12' Height='12' />
<VisualStyles>
<VisualStyle State='0' Mode='0'>
<Face Type='2D'>
<Color  R='0.752941' G='0.752941' B='0.752941' A='0' />
</Face>
<Image Id='168' Alpha='1' />
</VisualStyle>
<VisualStyle State='1' Mode='0'>
<Face Type='2D'>
<Color  R='0.752941' G='0.752941' B='0.752941' A='0' />
</Face>
<Image Id='169' Alpha='1' />
</VisualStyle>
</VisualStyles>
<Bindings>
<Binding Id='204' Type='Digital' Property='State'/>
</Bindings>
<Commands>
<Command Action='TouchDown' Id='204' Type='Digital' Value='True' />
<Command Action='TouchUp' Id='204' Type='Digital' Value='False' />
</Commands>
</Control>
<Control Type='Button' Name='Button'>
<Position Units='Pixels' X='216' Y='239' />
<Size Units='Pixels' Width='150' Height='40' />
<VisualStyles>
<VisualStyle State='0' Mode='0'>
<Face Type='2D'>
<Color  R='1' G='1' B='1' A='0' />
</Face>
<Text FontId='2' Alignment='CenterLeft' Wrap='False'>
<Bindings>
<Binding Id='254' Type='Serial' Property='Text'/>
</Bindings>
<Color  R='1' G='1' B='1' A='1' />
</Text>
</VisualStyle>
<VisualStyle State='1' Mode='0'>
<Face Type='2D'>
<Color  R='1' G='1' B='1' A='0' />
</Face>
<Text FontId='2' Alignment='CenterLeft' Wrap='False'>
<Bindings>
<Binding Id='254' Type='Serial' Property='Text'/>
</Bindings>
<Color  R='1' G='1' B='0' A='1' />
</Text>
</VisualStyle>
</VisualStyles>
<Bindings>
<Binding Id='254' Type='Digital' Property='State'/>
</Bindings>
<Commands>
<Command Action='TouchDown' Id='254' Type='Digital' Value='True' />
<Command Action='TouchUp' Id='254' Type='Digital' Value='False' />
</Commands>
</Control>
<Control Type='Button' Name='GaugeBackdrop'>
<Position Units='Pixels' X='56' Y='238' />
<Size Units='Pixels' Width='150' Height='2' />
<VisualStyles>
<VisualStyle State='0' Mode='0'>
<Face Type='2D'>
<Color  R='1' G='1' B='1' A='1' />
</Face>
<Text FontId='15' Alignment='CenterCenter' Wrap='False'>
<Color  R='0' G='0' B='0' A='1' />
</Text>
</VisualStyle>
</VisualStyles>
</Control>
<Control Type='Slider' Name='Analog Gauge'>
<Position Units='Pixels' X='56' Y='238' />
<Size Units='Pixels' Width='150' Height='2' />
<VisualStyles>
<VisualStyle State='0' Mode='0'>
<Format Type='2' Signed='False'>
<Slider Direction='0' />
</Format>
<Face Type='2D'>
<Color  R='0.501961' G='0.501961' B='0.501961' A='1' />
</Face>
<Text FontId='15' Alignment='CenterCenter' Wrap='False'>
<Color  R='0' G='0' B='0' A='1' />
</Text>
</VisualStyle>
</VisualStyles>
<Bindings>
<Binding Id='204' Type='Analog' Property='Mode'/>
</Bindings>
</Control>
<Control Type='Button' Name='Button'>
<Position Units='Pixels' X='428' Y='239' />
<Size Units='Pixels' Width='150' Height='40' />
<VisualStyles>
<VisualStyle State='0' Mode='0'>
<Face Type='2D'>
<Color  R='1' G='1' B='1' A='0' />
</Face>
<Text FontId='2' Alignment='CenterLeft' Wrap='False'>
<Bindings>
<Binding Id='212' Type='Serial' Property='Text'/>
</Bindings>
<Color  R='1' G='1' B='1' A='1' />
</Text>
</VisualStyle>
<VisualStyle State='1' Mode='0'>
<Face Type='2D'>
<Color  R='1' G='1' B='1' A='0' />
</Face>
<Text FontId='2' Alignment='CenterLeft' Wrap='False'>
<Bindings>
<Binding Id='212' Type='Serial' Property='Text'/>
</Bindings>
<Color  R='1' G='1' B='0' A='1' />
</Text>
</VisualStyle>
</VisualStyles>
<Bindings>
<Binding Id='212' Type='Digital' Property='State'/>
</Bindings>
<Commands>
<Command Action='TouchDown' Id='212' Type='Digital' Value='True' />
<Command Action='TouchUp' Id='212' Type='Digital' Value='False' />
</Commands>
</Control>
<Control Type='Button' Name='Button'>
<Position Units='Pixels' X='404' Y='253' />
<Size Units='Pixels' Width='12' Height='12' />
<VisualStyles>
<VisualStyle State='0' Mode='0'>
<Face Type='2D'>
<Color  R='0.752941' G='0.752941' B='0.752941' A='0' />
</Face>
<Image Id='168' Alpha='1' />
</VisualStyle>
<VisualStyle State='1' Mode='0'>
<Face Type='2D'>
<Color  R='0.752941' G='0.752941' B='0.752941' A='0' />
</Face>
<Image Id='169' Alpha='1' />
</VisualStyle>
</VisualStyles>
<Bindings>
<Binding Id='212' Type='Digital' Property='State'/>
</Bindings>
<Commands>
<Command Action='TouchDown' Id='212' Type='Digital' Value='True' />
<Command Action='TouchUp' Id='212' Type='Digital' Value='False' />
</Commands>
</Control>
<Control Type='Button' Name='Button'>
<Position Units='Pixels' X='588' Y='239' />
<Size Units='Pixels' Width='150' Height='40' />
<VisualStyles>
<VisualStyle State='0' Mode='0'>
<Face Type='2D'>
<Color  R='1' G='1' B='1' A='0' />
</Face>
<Text FontId='2' Alignment='CenterLeft' Wrap='False'>
<Bindings>
<Binding Id='262' Type='Serial' Property='Text'/>
</Bindings>
<Color  R='1' G='1' B='1' A='1' />
</Text>
</VisualStyle>
<VisualStyle State='1' Mode='0'>
<Face Type='2D'>
<Color  R='1' G='1' B='1' A='0' />
</Face>
<Text FontId='2' Alignment='CenterLeft' Wrap='False'>
<Bindings>
<Binding Id='262' Type='Serial' Property='Text'/>
</Bindings>
<Color  R='1' G='1' B='0' A='1' />
</Text>
</VisualStyle>
</VisualStyles>
<Bindings>
<Binding Id='262' Type='Digital' Property='State'/>
</Bindings>
<Commands>
<Command Action='TouchDown' Id='262' Type='Digital' Value='True' />
<Command Action='TouchUp' Id='262' Type='Digital' Value='False' />
</Commands>
</Control>
<Control Type='Button' Name='GaugeBackdrop'>
<Position Units='Pixels' X='428' Y='238' />
<Size Units='Pixels' Width='150' Height='2' />
<VisualStyles>
<VisualStyle State='0' Mode='0'>
<Face Type='2D'>
<Color  R='1' G='1' B='1' A='1' />
</Face>
<Text FontId='15' Alignment='CenterCenter' Wrap='False'>
<Color  R='0' G='0' B='0' A='1' />
</Text>
</VisualStyle>
</VisualStyles>
</Control>
<Control Type='Slider' Name='Analog Gauge'>
<Position Units='Pixels' X='428' Y='238' />
<Size Units='Pixels' Width='150' Height='2' />
<VisualStyles>
<VisualStyle State='0' Mode='0'>
<Format Type='2' Signed='False'>
<Slider Direction='0' />
</Format>
<Face Type='2D'>
<Color  R='0.501961' G='0.501961' B='0.501961' A='1' />
</Face>
<Text FontId='15' Alignment='CenterCenter' Wrap='False'>
<Color  R='0' G='0' B='0' A='1' />
</Text>
</VisualStyle>
</VisualStyles>
<Bindings>
<Binding Id='212' Type='Analog' Property='Mode'/>
</Bindings>
</Control>
<Control Type='Button' Name='Button'>
<Position Units='Pixels' X='56' Y='287' />
<Size Units='Pixels' Width='150' Height='40' />
<VisualStyles>
<VisualStyle State='0' Mode='0'>
<Face Type='2D'>
<Color  R='1' G='1' B='1' A='0' />
</Face>
<Text FontId='2' Alignment='CenterLeft' Wrap='False'>
<Bindings>
<Binding Id='205' Type='Serial' Property='Text'/>
</Bindings>
<Color  R='1' G='1' B='1' A='1' />
</Text>
</VisualStyle>
<VisualStyle State='1' Mode='0'>
<Face Type='2D'>
<Color  R='1' G='1' B='1' A='0' />
</Face>
<Text FontId='2' Alignment='CenterLeft' Wrap='False'>
<Bindings>
<Binding Id='205' Type='Serial' Property='Text'/>
</Bindings>
<Color  R='1' G='1' B='0' A='1' />
</Text>
</VisualStyle>
</VisualStyles>
<Bindings>
<Binding Id='205' Type='Digital' Property='State'/>
</Bindings>
<Commands>
<Command Action='TouchDown' Id='205' Type='Digital' Value='True' />
<Command Action='TouchUp' Id='205' Type='Digital' Value='False' />
</Commands>
</Control>
<Control Type='Button' Name='Button'>
<Position Units='Pixels' X='32' Y='301' />
<Size Units='Pixels' Width='12' Height='12' />
<VisualStyles>
<VisualStyle State='0' Mode='0'>
<Face Type='2D'>
<Color  R='0.752941' G='0.752941' B='0.752941' A='0' />
</Face>
<Image Id='168' Alpha='1' />
</VisualStyle>
<VisualStyle State='1' Mode='0'>
<Face Type='2D'>
<Color  R='0.752941' G='0.752941' B='0.752941' A='0' />
</Face>
<Image Id='169' Alpha='1' />
</VisualStyle>
</VisualStyles>
<Bindings>
<Binding Id='205' Type='Digital' Property='State'/>
</Bindings>
<Commands>
<Command Action='TouchDown' Id='205' Type='Digital' Value='True' />
<Command Action='TouchUp' Id='205' Type='Digital' Value='False' />
</Commands>
</Control>
<Control Type='Button' Name='Button'>
<Position Units='Pixels' X='216' Y='287' />
<Size Units='Pixels' Width='150' Height='40' />
<VisualStyles>
<VisualStyle State='0' Mode='0'>
<Face Type='2D'>
<Color  R='1' G='1' B='1' A='0' />
</Face>
<Text FontId='2' Alignment='CenterLeft' Wrap='False'>
<Bindings>
<Binding Id='255' Type='Serial' Property='Text'/>
</Bindings>
<Color  R='1' G='1' B='1' A='1' />
</Text>
</VisualStyle>
<VisualStyle State='1' Mode='0'>
<Face Type='2D'>
<Color  R='1' G='1' B='1' A='0' />
</Face>
<Text FontId='2' Alignment='CenterLeft' Wrap='False'>
<Bindings>
<Binding Id='255' Type='Serial' Property='Text'/>
</Bindings>
<Color  R='1' G='1' B='0' A='1' />
</Text>
</VisualStyle>
</VisualStyles>
<Bindings>
<Binding Id='255' Type='Digital' Property='State'/>
</Bindings>
<Commands>
<Command Action='TouchDown' Id='255' Type='Digital' Value='True' />
<Command Action='TouchUp' Id='255' Type='Digital' Value='False' />
</Commands>
</Control>
<Control Type='Button' Name='GaugeBackdrop'>
<Position Units='Pixels' X='56' Y='286' />
<Size Units='Pixels' Width='150' Height='2' />
<VisualStyles>
<VisualStyle State='0' Mode='0'>
<Face Type='2D'>
<Color  R='1' G='1' B='1' A='1' />
</Face>
<Text FontId='15' Alignment='CenterCenter' Wrap='False'>
<Color  R='0' G='0' B='0' A='1' />
</Text>
</VisualStyle>
</VisualStyles>
</Control>
<Control Type='Slider' Name='Analog Gauge'>
<Position Units='Pixels' X='56' Y='286' />
<Size Units='Pixels' Width='150' Height='2' />
<VisualStyles>
<VisualStyle State='0' Mode='0'>
<Format Type='2' Signed='False'>
<Slider Direction='0' />
</Format>
<Face Type='2D'>
<Color  R='0.501961' G='0.501961' B='0.501961' A='1' />
</Face>
<Text FontId='15' Alignment='CenterCenter' Wrap='False'>
<Color  R='0' G='0' B='0' A='1' />
</Text>
</VisualStyle>
</VisualStyles>
<Bindings>
<Binding Id='205' Type='Analog' Property='Mode'/>
</Bindings>
</Control>
<Control Type='Button' Name='Button'>
<Position Units='Pixels' X='428' Y='287' />
<Size Units='Pixels' Width='150' Height='40' />
<VisualStyles>
<VisualStyle State='0' Mode='0'>
<Face Type='2D'>
<Color  R='1' G='1' B='1' A='0' />
</Face>
<Text FontId='2' Alignment='CenterLeft' Wrap='False'>
<Bindings>
<Binding Id='213' Type='Serial' Property='Text'/>
</Bindings>
<Color  R='1' G='1' B='1' A='1' />
</Text>
</VisualStyle>
<VisualStyle State='1' Mode='0'>
<Face Type='2D'>
<Color  R='1' G='1' B='1' A='0' />
</Face>
<Text FontId='2' Alignment='CenterLeft' Wrap='False'>
<Bindings>
<Binding Id='213' Type='Serial' Property='Text'/>
</Bindings>
<Color  R='1' G='1' B='0' A='1' />
</Text>
</VisualStyle>
</VisualStyles>
<Bindings>
<Binding Id='213' Type='Digital' Property='State'/>
</Bindings>
<Commands>
<Command Action='TouchDown' Id='213' Type='Digital' Value='True' />
<Command Action='TouchUp' Id='213' Type='Digital' Value='False' />
</Commands>
</Control>
<Control Type='Button' Name='Button'>
<Position Units='Pixels' X='404' Y='301' />
<Size Units='Pixels' Width='12' Height='12' />
<VisualStyles>
<VisualStyle State='0' Mode='0'>
<Face Type='2D'>
<Color  R='0.752941' G='0.752941' B='0.752941' A='0' />
</Face>
<Image Id='168' Alpha='1' />
</VisualStyle>
<VisualStyle State='1' Mode='0'>
<Face Type='2D'>
<Color  R='0.752941' G='0.752941' B='0.752941' A='0' />
</Face>
<Image Id='169' Alpha='1' />
</VisualStyle>
</VisualStyles>
<Bindings>
<Binding Id='213' Type='Digital' Property='State'/>
</Bindings>
<Commands>
<Command Action='TouchDown' Id='213' Type='Digital' Value='True' />
<Command Action='TouchUp' Id='213' Type='Digital' Value='False' />
</Commands>
</Control>
<Control Type='Button' Name='Button'>
<Position Units='Pixels' X='588' Y='287' />
<Size Units='Pixels' Width='150' Height='40' />
<VisualStyles>
<VisualStyle State='0' Mode='0'>
<Face Type='2D'>
<Color  R='1' G='1' B='1' A='0' />
</Face>
<Text FontId='2' Alignment='CenterLeft' Wrap='False'>
<Bindings>
<Binding Id='263' Type='Serial' Property='Text'/>
</Bindings>
<Color  R='1' G='1' B='1' A='1' />
</Text>
</VisualStyle>
<VisualStyle State='1' Mode='0'>
<Face Type='2D'>
<Color  R='1' G='1' B='1' A='0' />
</Face>
<Text FontId='2' Alignment='CenterLeft' Wrap='False'>
<Bindings>
<Binding Id='263' Type='Serial' Property='Text'/>
</Bindings>
<Color  R='1' G='1' B='0' A='1' />
</Text>
</VisualStyle>
</VisualStyles>
<Bindings>
<Binding Id='263' Type='Digital' Property='State'/>
</Bindings>
<Commands>
<Command Action='TouchDown' Id='263' Type='Digital' Value='True' />
<Command Action='TouchUp' Id='263' Type='Digital' Value='False' />
</Commands>
</Control>
<Control Type='Button' Name='GaugeBackdrop'>
<Position Units='Pixels' X='428' Y='286' />
<Size Units='Pixels' Width='150' Height='2' />
<VisualStyles>
<VisualStyle State='0' Mode='0'>
<Face Type='2D'>
<Color  R='1' G='1' B='1' A='1' />
</Face>
<Text FontId='15' Alignment='CenterCenter' Wrap='False'>
<Color  R='0' G='0' B='0' A='1' />
</Text>
</VisualStyle>
</VisualStyles>
</Control>
<Control Type='Slider' Name='Analog Gauge'>
<Position Units='Pixels' X='428' Y='286' />
<Size Units='Pixels' Width='150' Height='2' />
<VisualStyles>
<VisualStyle State='0' Mode='0'>
<Format Type='2' Signed='False'>
<Slider Direction='0' />
</Format>
<Face Type='2D'>
<Color  R='0.501961' G='0.501961' B='0.501961' A='1' />
</Face>
<Text FontId='15' Alignment='CenterCenter' Wrap='False'>
<Color  R='0' G='0' B='0' A='1' />
</Text>
</VisualStyle>
</VisualStyles>
<Bindings>
<Binding Id='213' Type='Analog' Property='Mode'/>
</Bindings>
</Control>
<Control Type='Button' Name='Button'>
<Position Units='Pixels' X='56' Y='335' />
<Size Units='Pixels' Width='150' Height='40' />
<VisualStyles>
<VisualStyle State='0' Mode='0'>
<Face Type='2D'>
<Color  R='1' G='1' B='1' A='0' />
</Face>
<Text FontId='2' Alignment='CenterLeft' Wrap='False'>
<Bindings>
<Binding Id='206' Type='Serial' Property='Text'/>
</Bindings>
<Color  R='1' G='1' B='1' A='1' />
</Text>
</VisualStyle>
<VisualStyle State='1' Mode='0'>
<Face Type='2D'>
<Color  R='1' G='1' B='1' A='0' />
</Face>
<Text FontId='2' Alignment='CenterLeft' Wrap='False'>
<Bindings>
<Binding Id='206' Type='Serial' Property='Text'/>
</Bindings>
<Color  R='1' G='1' B='0' A='1' />
</Text>
</VisualStyle>
</VisualStyles>
<Bindings>
<Binding Id='206' Type='Digital' Property='State'/>
</Bindings>
<Commands>
<Command Action='TouchDown' Id='206' Type='Digital' Value='True' />
<Command Action='TouchUp' Id='206' Type='Digital' Value='False' />
</Commands>
</Control>
<Control Type='Button' Name='Button'>
<Position Units='Pixels' X='32' Y='349' />
<Size Units='Pixels' Width='12' Height='12' />
<VisualStyles>
<VisualStyle State='0' Mode='0'>
<Face Type='2D'>
<Color  R='0.752941' G='0.752941' B='0.752941' A='0' />
</Face>
<Image Id='168' Alpha='1' />
</VisualStyle>
<VisualStyle State='1' Mode='0'>
<Face Type='2D'>
<Color  R='0.752941' G='0.752941' B='0.752941' A='0' />
</Face>
<Image Id='169' Alpha='1' />
</VisualStyle>
</VisualStyles>
<Bindings>
<Binding Id='206' Type='Digital' Property='State'/>
</Bindings>
<Commands>
<Command Action='TouchDown' Id='206' Type='Digital' Value='True' />
<Command Action='TouchUp' Id='206' Type='Digital' Value='False' />
</Commands>
</Control>
<Control Type='Button' Name='Button'>
<Position Units='Pixels' X='216' Y='335' />
<Size Units='Pixels' Width='150' Height='40' />
<VisualStyles>
<VisualStyle State='0' Mode='0'>
<Face Type='2D'>
<Color  R='1' G='1' B='1' A='0' />
</Face>
<Text FontId='2' Alignment='CenterLeft' Wrap='False'>
<Bindings>
<Binding Id='256' Type='Serial' Property='Text'/>
</Bindings>
<Color  R='1' G='1' B='1' A='1' />
</Text>
</VisualStyle>
<VisualStyle State='1' Mode='0'>
<Face Type='2D'>
<Color  R='1' G='1' B='1' A='0' />
</Face>
<Text FontId='2' Alignment='CenterLeft' Wrap='False'>
<Bindings>
<Binding Id='256' Type='Serial' Property='Text'/>
</Bindings>
<Color  R='1' G='1' B='0' A='1' />
</Text>
</VisualStyle>
</VisualStyles>
<Bindings>
<Binding Id='256' Type='Digital' Property='State'/>
</Bindings>
<Commands>
<Command Action='TouchDown' Id='256' Type='Digital' Value='True' />
<Command Action='TouchUp' Id='256' Type='Digital' Value='False' />
</Commands>
</Control>
<Control Type='Button' Name='GaugeBackdrop'>
<Position Units='Pixels' X='56' Y='334' />
<Size Units='Pixels' Width='150' Height='2' />
<VisualStyles>
<VisualStyle State='0' Mode='0'>
<Face Type='2D'>
<Color  R='1' G='1' B='1' A='1' />
</Face>
<Text FontId='15' Alignment='CenterCenter' Wrap='False'>
<Color  R='0' G='0' B='0' A='1' />
</Text>
</VisualStyle>
</VisualStyles>
</Control>
<Control Type='Slider' Name='Analog Gauge'>
<Position Units='Pixels' X='56' Y='334' />
<Size Units='Pixels' Width='150' Height='2' />
<VisualStyles>
<VisualStyle State='0' Mode='0'>
<Format Type='2' Signed='False'>
<Slider Direction='0' />
</Format>
<Face Type='2D'>
<Color  R='0.501961' G='0.501961' B='0.501961' A='1' />
</Face>
<Text FontId='15' Alignment='CenterCenter' Wrap='False'>
<Color  R='0' G='0' B='0' A='1' />
</Text>
</VisualStyle>
</VisualStyles>
<Bindings>
<Binding Id='206' Type='Analog' Property='Mode'/>
</Bindings>
</Control>
<Control Type='Button' Name='Button'>
<Position Units='Pixels' X='56' Y='383' />
<Size Units='Pixels' Width='150' Height='40' />
<VisualStyles>
<VisualStyle State='0' Mode='0'>
<Face Type='2D'>
<Color  R='1' G='1' B='1' A='0' />
</Face>
<Text FontId='2' Alignment='CenterLeft' Wrap='False'>
<Bindings>
<Binding Id='207' Type='Serial' Property='Text'/>
</Bindings>
<Color  R='1' G='1' B='1' A='1' />
</Text>
</VisualStyle>
<VisualStyle State='1' Mode='0'>
<Face Type='2D'>
<Color  R='1' G='1' B='1' A='0' />
</Face>
<Text FontId='2' Alignment='CenterLeft' Wrap='False'>
<Bindings>
<Binding Id='207' Type='Serial' Property='Text'/>
</Bindings>
<Color  R='1' G='1' B='0' A='1' />
</Text>
</VisualStyle>
</VisualStyles>
<Bindings>
<Binding Id='207' Type='Digital' Property='State'/>
</Bindings>
<Commands>
<Command Action='TouchDown' Id='207' Type='Digital' Value='True' />
<Command Action='TouchUp' Id='207' Type='Digital' Value='False' />
</Commands>
</Control>
<Control Type='Button' Name='Button'>
<Position Units='Pixels' X='32' Y='397' />
<Size Units='Pixels' Width='12' Height='12' />
<VisualStyles>
<VisualStyle State='0' Mode='0'>
<Face Type='2D'>
<Color  R='0.752941' G='0.752941' B='0.752941' A='0' />
</Face>
<Image Id='168' Alpha='1' />
</VisualStyle>
<VisualStyle State='1' Mode='0'>
<Face Type='2D'>
<Color  R='0.752941' G='0.752941' B='0.752941' A='0' />
</Face>
<Image Id='169' Alpha='1' />
</VisualStyle>
</VisualStyles>
<Bindings>
<Binding Id='207' Type='Digital' Property='State'/>
</Bindings>
<Commands>
<Command Action='TouchDown' Id='207' Type='Digital' Value='True' />
<Command Action='TouchUp' Id='207' Type='Digital' Value='False' />
</Commands>
</Control>
<Control Type='Button' Name='Button'>
<Position Units='Pixels' X='216' Y='383' />
<Size Units='Pixels' Width='150' Height='40' />
<VisualStyles>
<VisualStyle State='0' Mode='0'>
<Face Type='2D'>
<Color  R='1' G='1' B='1' A='0' />
</Face>
<Text FontId='2' Alignment='CenterLeft' Wrap='False'>
<Bindings>
<Binding Id='257' Type='Serial' Property='Text'/>
</Bindings>
<Color  R='1' G='1' B='1' A='1' />
</Text>
</VisualStyle>
<VisualStyle State='1' Mode='0'>
<Face Type='2D'>
<Color  R='1' G='1' B='1' A='0' />
</Face>
<Text FontId='2' Alignment='CenterLeft' Wrap='False'>
<Bindings>
<Binding Id='257' Type='Serial' Property='Text'/>
</Bindings>
<Color  R='1' G='1' B='0' A='1' />
</Text>
</VisualStyle>
</VisualStyles>
<Bindings>
<Binding Id='257' Type='Digital' Property='State'/>
</Bindings>
<Commands>
<Command Action='TouchDown' Id='257' Type='Digital' Value='True' />
<Command Action='TouchUp' Id='257' Type='Digital' Value='False' />
</Commands>
</Control>
<Control Type='Button' Name='GaugeBackdrop'>
<Position Units='Pixels' X='56' Y='382' />
<Size Units='Pixels' Width='150' Height='2' />
<VisualStyles>
<VisualStyle State='0' Mode='0'>
<Face Type='2D'>
<Color  R='1' G='1' B='1' A='1' />
</Face>
<Text FontId='15' Alignment='CenterCenter' Wrap='False'>
<Color  R='0' G='0' B='0' A='1' />
</Text>
</VisualStyle>
</VisualStyles>
</Control>
<Control Type='Slider' Name='Analog Gauge'>
<Position Units='Pixels' X='56' Y='382' />
<Size Units='Pixels' Width='150' Height='2' />
<VisualStyles>
<VisualStyle State='0' Mode='0'>
<Format Type='2' Signed='False'>
<Slider Direction='0' />
</Format>
<Face Type='2D'>
<Color  R='0.501961' G='0.501961' B='0.501961' A='1' />
</Face>
<Text FontId='15' Alignment='CenterCenter' Wrap='False'>
<Color  R='0' G='0' B='0' A='1' />
</Text>
</VisualStyle>
</VisualStyles>
<Bindings>
<Binding Id='207' Type='Analog' Property='Mode'/>
</Bindings>
</Control>
<Control Type='Button' Name='Button'>
<Position Units='Pixels' X='56' Y='431' />
<Size Units='Pixels' Width='150' Height='40' />
<VisualStyles>
<VisualStyle State='0' Mode='0'>
<Face Type='2D'>
<Color  R='1' G='1' B='1' A='0' />
</Face>
<Text FontId='2' Alignment='CenterLeft' Wrap='False'>
<Bindings>
<Binding Id='208' Type='Serial' Property='Text'/>
</Bindings>
<Color  R='1' G='1' B='1' A='1' />
</Text>
</VisualStyle>
<VisualStyle State='1' Mode='0'>
<Face Type='2D'>
<Color  R='1' G='1' B='1' A='0' />
</Face>
<Text FontId='2' Alignment='CenterLeft' Wrap='False'>
<Bindings>
<Binding Id='208' Type='Serial' Property='Text'/>
</Bindings>
<Color  R='1' G='1' B='0' A='1' />
</Text>
</VisualStyle>
</VisualStyles>
<Bindings>
<Binding Id='208' Type='Digital' Property='State'/>
</Bindings>
<Commands>
<Command Action='TouchDown' Id='208' Type='Digital' Value='True' />
<Command Action='TouchUp' Id='208' Type='Digital' Value='False' />
</Commands>
</Control>
<Control Type='Button' Name='Button'>
<Position Units='Pixels' X='32' Y='445' />
<Size Units='Pixels' Width='12' Height='12' />
<VisualStyles>
<VisualStyle State='0' Mode='0'>
<Face Type='2D'>
<Color  R='0.752941' G='0.752941' B='0.752941' A='0' />
</Face>
<Image Id='168' Alpha='1' />
</VisualStyle>
<VisualStyle State='1' Mode='0'>
<Face Type='2D'>
<Color  R='0.752941' G='0.752941' B='0.752941' A='0' />
</Face>
<Image Id='169' Alpha='1' />
</VisualStyle>
</VisualStyles>
<Bindings>
<Binding Id='208' Type='Digital' Property='State'/>
</Bindings>
<Commands>
<Command Action='TouchDown' Id='208' Type='Digital' Value='True' />
<Command Action='TouchUp' Id='208' Type='Digital' Value='False' />
</Commands>
</Control>
<Control Type='Button' Name='Button'>
<Position Units='Pixels' X='216' Y='431' />
<Size Units='Pixels' Width='150' Height='40' />
<VisualStyles>
<VisualStyle State='0' Mode='0'>
<Face Type='2D'>
<Color  R='1' G='1' B='1' A='0' />
</Face>
<Text FontId='2' Alignment='CenterLeft' Wrap='False'>
<Bindings>
<Binding Id='258' Type='Serial' Property='Text'/>
</Bindings>
<Color  R='1' G='1' B='1' A='1' />
</Text>
</VisualStyle>
<VisualStyle State='1' Mode='0'>
<Face Type='2D'>
<Color  R='1' G='1' B='1' A='0' />
</Face>
<Text FontId='2' Alignment='CenterLeft' Wrap='False'>
<Bindings>
<Binding Id='258' Type='Serial' Property='Text'/>
</Bindings>
<Color  R='1' G='1' B='0' A='1' />
</Text>
</VisualStyle>
</VisualStyles>
<Bindings>
<Binding Id='258' Type='Digital' Property='State'/>
</Bindings>
<Commands>
<Command Action='TouchDown' Id='258' Type='Digital' Value='True' />
<Command Action='TouchUp' Id='258' Type='Digital' Value='False' />
</Commands>
</Control>
<Control Type='Button' Name='GaugeBackdrop'>
<Position Units='Pixels' X='56' Y='430' />
<Size Units='Pixels' Width='150' Height='2' />
<VisualStyles>
<VisualStyle State='0' Mode='0'>
<Face Type='2D'>
<Color  R='1' G='1' B='1' A='1' />
</Face>
<Text FontId='15' Alignment='CenterCenter' Wrap='False'>
<Color  R='0' G='0' B='0' A='1' />
</Text>
</VisualStyle>
</VisualStyles>
</Control>
<Control Type='Slider' Name='Analog Gauge'>
<Position Units='Pixels' X='56' Y='430' />
<Size Units='Pixels' Width='150' Height='2' />
<VisualStyles>
<VisualStyle State='0' Mode='0'>
<Format Type='2' Signed='False'>
<Slider Direction='0' />
</Format>
<Face Type='2D'>
<Color  R='0.501961' G='0.501961' B='0.501961' A='1' />
</Face>
<Text FontId='15' Alignment='CenterCenter' Wrap='False'>
<Color  R='0' G='0' B='0' A='1' />
</Text>
</VisualStyle>
</VisualStyles>
<Bindings>
<Binding Id='208' Type='Analog' Property='Mode'/>
</Bindings>
</Control>
<Control Type='Button' Name='Button'>
<Position Units='Pixels' X='428' Y='335' />
<Size Units='Pixels' Width='150' Height='40' />
<VisualStyles>
<VisualStyle State='0' Mode='0'>
<Face Type='2D'>
<Color  R='1' G='1' B='1' A='0' />
</Face>
<Text FontId='2' Alignment='CenterLeft' Wrap='False'>
<Bindings>
<Binding Id='214' Type='Serial' Property='Text'/>
</Bindings>
<Color  R='1' G='1' B='1' A='1' />
</Text>
</VisualStyle>
<VisualStyle State='1' Mode='0'>
<Face Type='2D'>
<Color  R='1' G='1' B='1' A='0' />
</Face>
<Text FontId='2' Alignment='CenterLeft' Wrap='False'>
<Bindings>
<Binding Id='214' Type='Serial' Property='Text'/>
</Bindings>
<Color  R='1' G='1' B='0' A='1' />
</Text>
</VisualStyle>
</VisualStyles>
<Bindings>
<Binding Id='214' Type='Digital' Property='State'/>
</Bindings>
<Commands>
<Command Action='TouchDown' Id='214' Type='Digital' Value='True' />
<Command Action='TouchUp' Id='214' Type='Digital' Value='False' />
</Commands>
</Control>
<Control Type='Button' Name='Button'>
<Position Units='Pixels' X='404' Y='349' />
<Size Units='Pixels' Width='12' Height='12' />
<VisualStyles>
<VisualStyle State='0' Mode='0'>
<Face Type='2D'>
<Color  R='0.752941' G='0.752941' B='0.752941' A='0' />
</Face>
<Image Id='168' Alpha='1' />
</VisualStyle>
<VisualStyle State='1' Mode='0'>
<Face Type='2D'>
<Color  R='0.752941' G='0.752941' B='0.752941' A='0' />
</Face>
<Image Id='169' Alpha='1' />
</VisualStyle>
</VisualStyles>
<Bindings>
<Binding Id='214' Type='Digital' Property='State'/>
</Bindings>
<Commands>
<Command Action='TouchDown' Id='214' Type='Digital' Value='True' />
<Command Action='TouchUp' Id='214' Type='Digital' Value='False' />
</Commands>
</Control>
<Control Type='Button' Name='Button'>
<Position Units='Pixels' X='588' Y='335' />
<Size Units='Pixels' Width='150' Height='40' />
<VisualStyles>
<VisualStyle State='0' Mode='0'>
<Face Type='2D'>
<Color  R='1' G='1' B='1' A='0' />
</Face>
<Text FontId='2' Alignment='CenterLeft' Wrap='False'>
<Bindings>
<Binding Id='264' Type='Serial' Property='Text'/>
</Bindings>
<Color  R='1' G='1' B='1' A='1' />
</Text>
</VisualStyle>
<VisualStyle State='1' Mode='0'>
<Face Type='2D'>
<Color  R='1' G='1' B='1' A='0' />
</Face>
<Text FontId='2' Alignment='CenterLeft' Wrap='False'>
<Bindings>
<Binding Id='264' Type='Serial' Property='Text'/>
</Bindings>
<Color  R='1' G='1' B='0' A='1' />
</Text>
</VisualStyle>
</VisualStyles>
<Bindings>
<Binding Id='264' Type='Digital' Property='State'/>
</Bindings>
<Commands>
<Command Action='TouchDown' Id='264' Type='Digital' Value='True' />
<Command Action='TouchUp' Id='264' Type='Digital' Value='False' />
</Commands>
</Control>
<Control Type='Button' Name='GaugeBackdrop'>
<Position Units='Pixels' X='428' Y='334' />
<Size Units='Pixels' Width='150' Height='2' />
<VisualStyles>
<VisualStyle State='0' Mode='0'>
<Face Type='2D'>
<Color  R='1' G='1' B='1' A='1' />
</Face>
<Text FontId='15' Alignment='CenterCenter' Wrap='False'>
<Color  R='0' G='0' B='0' A='1' />
</Text>
</VisualStyle>
</VisualStyles>
</Control>
<Control Type='Slider' Name='Analog Gauge'>
<Position Units='Pixels' X='428' Y='334' />
<Size Units='Pixels' Width='150' Height='2' />
<VisualStyles>
<VisualStyle State='0' Mode='0'>
<Format Type='2' Signed='False'>
<Slider Direction='0' />
</Format>
<Face Type='2D'>
<Color  R='0.501961' G='0.501961' B='0.501961' A='1' />
</Face>
<Text FontId='15' Alignment='CenterCenter' Wrap='False'>
<Color  R='0' G='0' B='0' A='1' />
</Text>
</VisualStyle>
</VisualStyles>
<Bindings>
<Binding Id='214' Type='Analog' Property='Mode'/>
</Bindings>
</Control>
<Control Type='Button' Name='Button'>
<Position Units='Pixels' X='428' Y='383' />
<Size Units='Pixels' Width='150' Height='40' />
<VisualStyles>
<VisualStyle State='0' Mode='0'>
<Face Type='2D'>
<Color  R='1' G='1' B='1' A='0' />
</Face>
<Text FontId='2' Alignment='CenterLeft' Wrap='False'>
<Bindings>
<Binding Id='215' Type='Serial' Property='Text'/>
</Bindings>
<Color  R='1' G='1' B='1' A='1' />
</Text>
</VisualStyle>
<VisualStyle State='1' Mode='0'>
<Face Type='2D'>
<Color  R='1' G='1' B='1' A='0' />
</Face>
<Text FontId='2' Alignment='CenterLeft' Wrap='False'>
<Bindings>
<Binding Id='215' Type='Serial' Property='Text'/>
</Bindings>
<Color  R='1' G='1' B='0' A='1' />
</Text>
</VisualStyle>
</VisualStyles>
<Bindings>
<Binding Id='215' Type='Digital' Property='State'/>
</Bindings>
<Commands>
<Command Action='TouchDown' Id='215' Type='Digital' Value='True' />
<Command Action='TouchUp' Id='215' Type='Digital' Value='False' />
</Commands>
</Control>
<Control Type='Button' Name='Button'>
<Position Units='Pixels' X='404' Y='397' />
<Size Units='Pixels' Width='12' Height='12' />
<VisualStyles>
<VisualStyle State='0' Mode='0'>
<Face Type='2D'>
<Color  R='0.752941' G='0.752941' B='0.752941' A='0' />
</Face>
<Image Id='168' Alpha='1' />
</VisualStyle>
<VisualStyle State='1' Mode='0'>
<Face Type='2D'>
<Color  R='0.752941' G='0.752941' B='0.752941' A='0' />
</Face>
<Image Id='169' Alpha='1' />
</VisualStyle>
</VisualStyles>
<Bindings>
<Binding Id='215' Type='Digital' Property='State'/>
</Bindings>
<Commands>
<Command Action='TouchDown' Id='215' Type='Digital' Value='True' />
<Command Action='TouchUp' Id='215' Type='Digital' Value='False' />
</Commands>
</Control>
<Control Type='Button' Name='Button'>
<Position Units='Pixels' X='588' Y='383' />
<Size Units='Pixels' Width='150' Height='40' />
<VisualStyles>
<VisualStyle State='0' Mode='0'>
<Face Type='2D'>
<Color  R='1' G='1' B='1' A='0' />
</Face>
<Text FontId='2' Alignment='CenterLeft' Wrap='False'>
<Bindings>
<Binding Id='265' Type='Serial' Property='Text'/>
</Bindings>
<Color  R='1' G='1' B='1' A='1' />
</Text>
</VisualStyle>
<VisualStyle State='1' Mode='0'>
<Face Type='2D'>
<Color  R='1' G='1' B='1' A='0' />
</Face>
<Text FontId='2' Alignment='CenterLeft' Wrap='False'>
<Bindings>
<Binding Id='265' Type='Serial' Property='Text'/>
</Bindings>
<Color  R='1' G='1' B='0' A='1' />
</Text>
</VisualStyle>
</VisualStyles>
<Bindings>
<Binding Id='265' Type='Digital' Property='State'/>
</Bindings>
<Commands>
<Command Action='TouchDown' Id='265' Type='Digital' Value='True' />
<Command Action='TouchUp' Id='265' Type='Digital' Value='False' />
</Commands>
</Control>
<Control Type='Button' Name='GaugeBackdrop'>
<Position Units='Pixels' X='428' Y='382' />
<Size Units='Pixels' Width='150' Height='2' />
<VisualStyles>
<VisualStyle State='0' Mode='0'>
<Face Type='2D'>
<Color  R='1' G='1' B='1' A='1' />
</Face>
<Text FontId='15' Alignment='CenterCenter' Wrap='False'>
<Color  R='0' G='0' B='0' A='1' />
</Text>
</VisualStyle>
</VisualStyles>
</Control>
<Control Type='Slider' Name='Analog Gauge'>
<Position Units='Pixels' X='428' Y='382' />
<Size Units='Pixels' Width='150' Height='2' />
<VisualStyles>
<VisualStyle State='0' Mode='0'>
<Format Type='2' Signed='False'>
<Slider Direction='0' />
</Format>
<Face Type='2D'>
<Color  R='0.501961' G='0.501961' B='0.501961' A='1' />
</Face>
<Text FontId='15' Alignment='CenterCenter' Wrap='False'>
<Color  R='0' G='0' B='0' A='1' />
</Text>
</VisualStyle>
</VisualStyles>
<Bindings>
<Binding Id='215' Type='Analog' Property='Mode'/>
</Bindings>
</Control>
<Control Type='Button' Name='Button'>
<Position Units='Pixels' X='428' Y='431' />
<Size Units='Pixels' Width='150' Height='40' />
<VisualStyles>
<VisualStyle State='0' Mode='0'>
<Face Type='2D'>
<Color  R='1' G='1' B='1' A='0' />
</Face>
<Text FontId='2' Alignment='CenterLeft' Wrap='False'>
<Bindings>
<Binding Id='216' Type='Serial' Property='Text'/>
</Bindings>
<Color  R='1' G='1' B='1' A='1' />
</Text>
</VisualStyle>
<VisualStyle State='1' Mode='0'>
<Face Type='2D'>
<Color  R='1' G='1' B='1' A='0' />
</Face>
<Text FontId='2' Alignment='CenterLeft' Wrap='False'>
<Bindings>
<Binding Id='216' Type='Serial' Property='Text'/>
</Bindings>
<Color  R='1' G='1' B='0' A='1' />
</Text>
</VisualStyle>
</VisualStyles>
<Bindings>
<Binding Id='216' Type='Digital' Property='State'/>
</Bindings>
<Commands>
<Command Action='TouchDown' Id='216' Type='Digital' Value='True' />
<Command Action='TouchUp' Id='216' Type='Digital' Value='False' />
</Commands>
</Control>
<Control Type='Button' Name='Button'>
<Position Units='Pixels' X='404' Y='445' />
<Size Units='Pixels' Width='12' Height='12' />
<VisualStyles>
<VisualStyle State='0' Mode='0'>
<Face Type='2D'>
<Color  R='0.752941' G='0.752941' B='0.752941' A='0' />
</Face>
<Image Id='168' Alpha='1' />
</VisualStyle>
<VisualStyle State='1' Mode='0'>
<Face Type='2D'>
<Color  R='0.752941' G='0.752941' B='0.752941' A='0' />
</Face>
<Image Id='169' Alpha='1' />
</VisualStyle>
</VisualStyles>
<Bindings>
<Binding Id='216' Type='Digital' Property='State'/>
</Bindings>
<Commands>
<Command Action='TouchDown' Id='216' Type='Digital' Value='True' />
<Command Action='TouchUp' Id='216' Type='Digital' Value='False' />
</Commands>
</Control>
<Control Type='Button' Name='Button'>
<Position Units='Pixels' X='588' Y='431' />
<Size Units='Pixels' Width='150' Height='40' />
<VisualStyles>
<VisualStyle State='0' Mode='0'>
<Face Type='2D'>
<Color  R='1' G='1' B='1' A='0' />
</Face>
<Text FontId='2' Alignment='CenterLeft' Wrap='False'>
<Bindings>
<Binding Id='266' Type='Serial' Property='Text'/>
</Bindings>
<Color  R='1' G='1' B='1' A='1' />
</Text>
</VisualStyle>
<VisualStyle State='1' Mode='0'>
<Face Type='2D'>
<Color  R='1' G='1' B='1' A='0' />
</Face>
<Text FontId='2' Alignment='CenterLeft' Wrap='False'>
<Bindings>
<Binding Id='266' Type='Serial' Property='Text'/>
</Bindings>
<Color  R='1' G='1' B='0' A='1' />
</Text>
</VisualStyle>
</VisualStyles>
<Bindings>
<Binding Id='266' Type='Digital' Property='State'/>
</Bindings>
<Commands>
<Command Action='TouchDown' Id='266' Type='Digital' Value='True' />
<Command Action='TouchUp' Id='266' Type='Digital' Value='False' />
</Commands>
</Control>
<Control Type='Button' Name='GaugeBackdrop'>
<Position Units='Pixels' X='428' Y='430' />
<Size Units='Pixels' Width='150' Height='2' />
<VisualStyles>
<VisualStyle State='0' Mode='0'>
<Face Type='2D'>
<Color  R='1' G='1' B='1' A='1' />
</Face>
<Text FontId='15' Alignment='CenterCenter' Wrap='False'>
<Color  R='0' G='0' B='0' A='1' />
</Text>
</VisualStyle>
</VisualStyles>
</Control>
<Control Type='Slider' Name='Analog Gauge'>
<Position Units='Pixels' X='428' Y='430' />
<Size Units='Pixels' Width='150' Height='2' />
<VisualStyles>
<VisualStyle State='0' Mode='0'>
<Format Type='2' Signed='False'>
<Slider Direction='0' />
</Format>
<Face Type='2D'>
<Color  R='0.501961' G='0.501961' B='0.501961' A='1' />
</Face>
<Text FontId='15' Alignment='CenterCenter' Wrap='False'>
<Color  R='0' G='0' B='0' A='1' />
</Text>
</VisualStyle>
</VisualStyles>
<Bindings>
<Binding Id='216' Type='Analog' Property='Mode'/>
</Bindings>
</Control>
</Control>
</File>
