<?xml version='1.0' encoding='ISO-8859-1' ?>
<File Type='Page' Version='5.1.0'>
<Control Type='Subpage' Name='Zones (01 - Group 3)'>
<Position Units='Pixels' X='0' Y='0' />
<Size Units='Pixels' Width='774' Height='500' />
<VisualStyles>
<VisualStyle>
<Background>
<Color  R='1' G='0.501961' B='0.501961' A='0' />
</Background>
</VisualStyle>
</VisualStyles>
<Control Type='Button' Name='Button'>
<Position Units='Pixels' X='232' Y='255' />
<Size Units='Pixels' Width='150' Height='40' />
<VisualStyles>
<VisualStyle State='0' Mode='0'>
<Face Type='2D'>
<Color  R='1' G='1' B='1' A='0' />
</Face>
<Text FontId='2' Alignment='CenterLeft' Wrap='False'>
<Bindings>
<Binding Id='211' Type='Serial' Property='Text'/>
</Bindings>
<Color  R='1' G='1' B='1' A='1' />
</Text>
</VisualStyle>
<VisualStyle State='1' Mode='0'>
<Face Type='2D'>
<Color  R='1' G='1' B='1' A='0' />
</Face>
<Text FontId='2' Alignment='CenterLeft' Wrap='False'>
<Bindings>
<Binding Id='211' Type='Serial' Property='Text'/>
</Bindings>
<Color  R='1' G='1' B='0' A='1' />
</Text>
</VisualStyle>
</VisualStyles>
<Bindings>
<Binding Id='211' Type='Digital' Property='State'/>
</Bindings>
<Commands>
<Command Action='TouchDown' Id='211' Type='Digital' Value='True' />
<Command Action='TouchUp' Id='211' Type='Digital' Value='False' />
</Commands>
</Control>
<Control Type='Button' Name='Button'>
<Position Units='Pixels' X='208' Y='269' />
<Size Units='Pixels' Width='12' Height='12' />
<VisualStyles>
<VisualStyle State='0' Mode='0'>
<Face Type='2D'>
<Color  R='0.752941' G='0.752941' B='0.752941' A='0' />
</Face>
<Image Id='168' Alpha='1' />
</VisualStyle>
<VisualStyle State='1' Mode='0'>
<Face Type='2D'>
<Color  R='0.752941' G='0.752941' B='0.752941' A='0' />
</Face>
<Image Id='169' Alpha='1' />
</VisualStyle>
</VisualStyles>
<Bindings>
<Binding Id='211' Type='Digital' Property='State'/>
</Bindings>
<Commands>
<Command Action='TouchDown' Id='211' Type='Digital' Value='True' />
<Command Action='TouchUp' Id='211' Type='Digital' Value='False' />
</Commands>
</Control>
<Control Type='Button' Name='Button'>
<Position Units='Pixels' X='392' Y='255' />
<Size Units='Pixels' Width='150' Height='40' />
<VisualStyles>
<VisualStyle State='0' Mode='0'>
<Face Type='2D'>
<Color  R='1' G='1' B='1' A='0' />
</Face>
<Text FontId='2' Alignment='CenterLeft' Wrap='False'>
<Bindings>
<Binding Id='261' Type='Serial' Property='Text'/>
</Bindings>
<Color  R='1' G='1' B='1' A='1' />
</Text>
</VisualStyle>
<VisualStyle State='1' Mode='0'>
<Face Type='2D'>
<Color  R='1' G='1' B='1' A='0' />
</Face>
<Text FontId='2' Alignment='CenterLeft' Wrap='False'>
<Bindings>
<Binding Id='261' Type='Serial' Property='Text'/>
</Bindings>
<Color  R='1' G='1' B='0' A='1' />
</Text>
</VisualStyle>
</VisualStyles>
<Bindings>
<Binding Id='261' Type='Digital' Property='State'/>
</Bindings>
<Commands>
<Command Action='TouchDown' Id='261' Type='Digital' Value='True' />
<Command Action='TouchUp' Id='261' Type='Digital' Value='False' />
</Commands>
</Control>
<Control Type='Button' Name='GaugeBackdrop'>
<Position Units='Pixels' X='232' Y='254' />
<Size Units='Pixels' Width='150' Height='2' />
<VisualStyles>
<VisualStyle State='0' Mode='0'>
<Face Type='2D'>
<Color  R='1' G='1' B='1' A='1' />
</Face>
<Text FontId='15' Alignment='CenterCenter' Wrap='False'>
<Color  R='0' G='0' B='0' A='1' />
</Text>
</VisualStyle>
</VisualStyles>
</Control>
<Control Type='Slider' Name='Analog Gauge'>
<Position Units='Pixels' X='232' Y='254' />
<Size Units='Pixels' Width='150' Height='2' />
<VisualStyles>
<VisualStyle State='0' Mode='0'>
<Format Type='2' Signed='False'>
<Slider Direction='0' />
</Format>
<Face Type='2D'>
<Color  R='0.501961' G='0.501961' B='0.501961' A='1' />
</Face>
<Text FontId='15' Alignment='CenterCenter' Wrap='False'>
<Color  R='0' G='0' B='0' A='1' />
</Text>
</VisualStyle>
</VisualStyles>
<Bindings>
<Binding Id='211' Type='Analog' Property='Mode'/>
</Bindings>
</Control>
<Control Type='Button' Name='Button'>
<Position Units='Pixels' X='232' Y='303' />
<Size Units='Pixels' Width='150' Height='40' />
<VisualStyles>
<VisualStyle State='0' Mode='0'>
<Face Type='2D'>
<Color  R='1' G='1' B='1' A='0' />
</Face>
<Text FontId='2' Alignment='CenterLeft' Wrap='False'>
<Bindings>
<Binding Id='212' Type='Serial' Property='Text'/>
</Bindings>
<Color  R='1' G='1' B='1' A='1' />
</Text>
</VisualStyle>
<VisualStyle State='1' Mode='0'>
<Face Type='2D'>
<Color  R='1' G='1' B='1' A='0' />
</Face>
<Text FontId='2' Alignment='CenterLeft' Wrap='False'>
<Bindings>
<Binding Id='212' Type='Serial' Property='Text'/>
</Bindings>
<Color  R='1' G='1' B='0' A='1' />
</Text>
</VisualStyle>
</VisualStyles>
<Bindings>
<Binding Id='212' Type='Digital' Property='State'/>
</Bindings>
<Commands>
<Command Action='TouchDown' Id='212' Type='Digital' Value='True' />
<Command Action='TouchUp' Id='212' Type='Digital' Value='False' />
</Commands>
</Control>
<Control Type='Button' Name='Button'>
<Position Units='Pixels' X='208' Y='317' />
<Size Units='Pixels' Width='12' Height='12' />
<VisualStyles>
<VisualStyle State='0' Mode='0'>
<Face Type='2D'>
<Color  R='0.752941' G='0.752941' B='0.752941' A='0' />
</Face>
<Image Id='168' Alpha='1' />
</VisualStyle>
<VisualStyle State='1' Mode='0'>
<Face Type='2D'>
<Color  R='0.752941' G='0.752941' B='0.752941' A='0' />
</Face>
<Image Id='169' Alpha='1' />
</VisualStyle>
</VisualStyles>
<Bindings>
<Binding Id='212' Type='Digital' Property='State'/>
</Bindings>
<Commands>
<Command Action='TouchDown' Id='212' Type='Digital' Value='True' />
<Command Action='TouchUp' Id='212' Type='Digital' Value='False' />
</Commands>
</Control>
<Control Type='Button' Name='Button'>
<Position Units='Pixels' X='392' Y='303' />
<Size Units='Pixels' Width='150' Height='40' />
<VisualStyles>
<VisualStyle State='0' Mode='0'>
<Face Type='2D'>
<Color  R='1' G='1' B='1' A='0' />
</Face>
<Text FontId='2' Alignment='CenterLeft' Wrap='False'>
<Bindings>
<Binding Id='262' Type='Serial' Property='Text'/>
</Bindings>
<Color  R='1' G='1' B='1' A='1' />
</Text>
</VisualStyle>
<VisualStyle State='1' Mode='0'>
<Face Type='2D'>
<Color  R='1' G='1' B='1' A='0' />
</Face>
<Text FontId='2' Alignment='CenterLeft' Wrap='False'>
<Bindings>
<Binding Id='262' Type='Serial' Property='Text'/>
</Bindings>
<Color  R='1' G='1' B='0' A='1' />
</Text>
</VisualStyle>
</VisualStyles>
<Bindings>
<Binding Id='262' Type='Digital' Property='State'/>
</Bindings>
<Commands>
<Command Action='TouchDown' Id='262' Type='Digital' Value='True' />
<Command Action='TouchUp' Id='262' Type='Digital' Value='False' />
</Commands>
</Control>
<Control Type='Button' Name='GaugeBackdrop'>
<Position Units='Pixels' X='232' Y='302' />
<Size Units='Pixels' Width='150' Height='2' />
<VisualStyles>
<VisualStyle State='0' Mode='0'>
<Face Type='2D'>
<Color  R='1' G='1' B='1' A='1' />
</Face>
<Text FontId='15' Alignment='CenterCenter' Wrap='False'>
<Color  R='0' G='0' B='0' A='1' />
</Text>
</VisualStyle>
</VisualStyles>
</Control>
<Control Type='Slider' Name='Analog Gauge'>
<Position Units='Pixels' X='232' Y='302' />
<Size Units='Pixels' Width='150' Height='2' />
<VisualStyles>
<VisualStyle State='0' Mode='0'>
<Format Type='2' Signed='False'>
<Slider Direction='0' />
</Format>
<Face Type='2D'>
<Color  R='0.501961' G='0.501961' B='0.501961' A='1' />
</Face>
<Text FontId='15' Alignment='CenterCenter' Wrap='False'>
<Color  R='0' G='0' B='0' A='1' />
</Text>
</VisualStyle>
</VisualStyles>
<Bindings>
<Binding Id='212' Type='Analog' Property='Mode'/>
</Bindings>
</Control>
<Control Type='Button' Name='Button'>
<Position Units='Pixels' X='232' Y='159' />
<Size Units='Pixels' Width='150' Height='40' />
<VisualStyles>
<VisualStyle State='0' Mode='0'>
<Face Type='2D'>
<Color  R='1' G='1' B='1' A='0' />
</Face>
<Text FontId='2' Alignment='CenterLeft' Wrap='False'>
<Bindings>
<Binding Id='209' Type='Serial' Property='Text'/>
</Bindings>
<Color  R='1' G='1' B='1' A='1' />
</Text>
</VisualStyle>
<VisualStyle State='1' Mode='0'>
<Face Type='2D'>
<Color  R='1' G='1' B='1' A='0' />
</Face>
<Text FontId='2' Alignment='CenterLeft' Wrap='False'>
<Bindings>
<Binding Id='209' Type='Serial' Property='Text'/>
</Bindings>
<Color  R='1' G='1' B='0' A='1' />
</Text>
</VisualStyle>
</VisualStyles>
<Bindings>
<Binding Id='209' Type='Digital' Property='State'/>
</Bindings>
<Commands>
<Command Action='TouchDown' Id='209' Type='Digital' Value='True' />
<Command Action='TouchUp' Id='209' Type='Digital' Value='False' />
</Commands>
</Control>
<Control Type='Button' Name='Button'>
<Position Units='Pixels' X='208' Y='173' />
<Size Units='Pixels' Width='12' Height='12' />
<VisualStyles>
<VisualStyle State='0' Mode='0'>
<Face Type='2D'>
<Color  R='0.752941' G='0.752941' B='0.752941' A='0' />
</Face>
<Image Id='168' Alpha='1' />
</VisualStyle>
<VisualStyle State='1' Mode='0'>
<Face Type='2D'>
<Color  R='0.752941' G='0.752941' B='0.752941' A='0' />
</Face>
<Image Id='169' Alpha='1' />
</VisualStyle>
</VisualStyles>
<Bindings>
<Binding Id='209' Type='Digital' Property='State'/>
</Bindings>
<Commands>
<Command Action='TouchDown' Id='209' Type='Digital' Value='True' />
<Command Action='TouchUp' Id='209' Type='Digital' Value='False' />
</Commands>
</Control>
<Control Type='Button' Name='Button'>
<Position Units='Pixels' X='392' Y='159' />
<Size Units='Pixels' Width='150' Height='40' />
<VisualStyles>
<VisualStyle State='0' Mode='0'>
<Face Type='2D'>
<Color  R='1' G='1' B='1' A='0' />
</Face>
<Text FontId='2' Alignment='CenterLeft' Wrap='False'>
<Bindings>
<Binding Id='259' Type='Serial' Property='Text'/>
</Bindings>
<Color  R='1' G='1' B='1' A='1' />
</Text>
</VisualStyle>
<VisualStyle State='1' Mode='0'>
<Face Type='2D'>
<Color  R='1' G='1' B='1' A='0' />
</Face>
<Text FontId='2' Alignment='CenterLeft' Wrap='False'>
<Bindings>
<Binding Id='259' Type='Serial' Property='Text'/>
</Bindings>
<Color  R='1' G='1' B='0' A='1' />
</Text>
</VisualStyle>
</VisualStyles>
<Bindings>
<Binding Id='259' Type='Digital' Property='State'/>
</Bindings>
<Commands>
<Command Action='TouchDown' Id='259' Type='Digital' Value='True' />
<Command Action='TouchUp' Id='259' Type='Digital' Value='False' />
</Commands>
</Control>
<Control Type='Button' Name='GaugeBackdrop'>
<Position Units='Pixels' X='232' Y='158' />
<Size Units='Pixels' Width='150' Height='2' />
<VisualStyles>
<VisualStyle State='0' Mode='0'>
<Face Type='2D'>
<Color  R='1' G='1' B='1' A='1' />
</Face>
<Text FontId='15' Alignment='CenterCenter' Wrap='False'>
<Color  R='0' G='0' B='0' A='1' />
</Text>
</VisualStyle>
</VisualStyles>
</Control>
<Control Type='Slider' Name='Analog Gauge'>
<Position Units='Pixels' X='232' Y='158' />
<Size Units='Pixels' Width='150' Height='2' />
<VisualStyles>
<VisualStyle State='0' Mode='0'>
<Format Type='2' Signed='False'>
<Slider Direction='0' />
</Format>
<Face Type='2D'>
<Color  R='0.501961' G='0.501961' B='0.501961' A='1' />
</Face>
<Text FontId='15' Alignment='CenterCenter' Wrap='False'>
<Color  R='0' G='0' B='0' A='1' />
</Text>
</VisualStyle>
</VisualStyles>
<Bindings>
<Binding Id='209' Type='Analog' Property='Mode'/>
</Bindings>
</Control>
<Control Type='Button' Name='Button'>
<Position Units='Pixels' X='232' Y='207' />
<Size Units='Pixels' Width='150' Height='40' />
<VisualStyles>
<VisualStyle State='0' Mode='0'>
<Face Type='2D'>
<Color  R='1' G='1' B='1' A='0' />
</Face>
<Text FontId='2' Alignment='CenterLeft' Wrap='False'>
<Bindings>
<Binding Id='210' Type='Serial' Property='Text'/>
</Bindings>
<Color  R='1' G='1' B='1' A='1' />
</Text>
</VisualStyle>
<VisualStyle State='1' Mode='0'>
<Face Type='2D'>
<Color  R='1' G='1' B='1' A='0' />
</Face>
<Text FontId='2' Alignment='CenterLeft' Wrap='False'>
<Bindings>
<Binding Id='210' Type='Serial' Property='Text'/>
</Bindings>
<Color  R='1' G='1' B='0' A='1' />
</Text>
</VisualStyle>
</VisualStyles>
<Bindings>
<Binding Id='210' Type='Digital' Property='State'/>
</Bindings>
<Commands>
<Command Action='TouchDown' Id='210' Type='Digital' Value='True' />
<Command Action='TouchUp' Id='210' Type='Digital' Value='False' />
</Commands>
</Control>
<Control Type='Button' Name='Button'>
<Position Units='Pixels' X='208' Y='221' />
<Size Units='Pixels' Width='12' Height='12' />
<VisualStyles>
<VisualStyle State='0' Mode='0'>
<Face Type='2D'>
<Color  R='0.752941' G='0.752941' B='0.752941' A='0' />
</Face>
<Image Id='168' Alpha='1' />
</VisualStyle>
<VisualStyle State='1' Mode='0'>
<Face Type='2D'>
<Color  R='0.752941' G='0.752941' B='0.752941' A='0' />
</Face>
<Image Id='169' Alpha='1' />
</VisualStyle>
</VisualStyles>
<Bindings>
<Binding Id='210' Type='Digital' Property='State'/>
</Bindings>
<Commands>
<Command Action='TouchDown' Id='210' Type='Digital' Value='True' />
<Command Action='TouchUp' Id='210' Type='Digital' Value='False' />
</Commands>
</Control>
<Control Type='Button' Name='Button'>
<Position Units='Pixels' X='392' Y='207' />
<Size Units='Pixels' Width='150' Height='40' />
<VisualStyles>
<VisualStyle State='0' Mode='0'>
<Face Type='2D'>
<Color  R='1' G='1' B='1' A='0' />
</Face>
<Text FontId='2' Alignment='CenterLeft' Wrap='False'>
<Bindings>
<Binding Id='260' Type='Serial' Property='Text'/>
</Bindings>
<Color  R='1' G='1' B='1' A='1' />
</Text>
</VisualStyle>
<VisualStyle State='1' Mode='0'>
<Face Type='2D'>
<Color  R='1' G='1' B='1' A='0' />
</Face>
<Text FontId='2' Alignment='CenterLeft' Wrap='False'>
<Bindings>
<Binding Id='260' Type='Serial' Property='Text'/>
</Bindings>
<Color  R='1' G='1' B='0' A='1' />
</Text>
</VisualStyle>
</VisualStyles>
<Bindings>
<Binding Id='260' Type='Digital' Property='State'/>
</Bindings>
<Commands>
<Command Action='TouchDown' Id='260' Type='Digital' Value='True' />
<Command Action='TouchUp' Id='260' Type='Digital' Value='False' />
</Commands>
</Control>
<Control Type='Button' Name='GaugeBackdrop'>
<Position Units='Pixels' X='232' Y='206' />
<Size Units='Pixels' Width='150' Height='2' />
<VisualStyles>
<VisualStyle State='0' Mode='0'>
<Face Type='2D'>
<Color  R='1' G='1' B='1' A='1' />
</Face>
<Text FontId='15' Alignment='CenterCenter' Wrap='False'>
<Color  R='0' G='0' B='0' A='1' />
</Text>
</VisualStyle>
</VisualStyles>
</Control>
<Control Type='Slider' Name='Analog Gauge'>
<Position Units='Pixels' X='232' Y='206' />
<Size Units='Pixels' Width='150' Height='2' />
<VisualStyles>
<VisualStyle State='0' Mode='0'>
<Format Type='2' Signed='False'>
<Slider Direction='0' />
</Format>
<Face Type='2D'>
<Color  R='0.501961' G='0.501961' B='0.501961' A='1' />
</Face>
<Text FontId='15' Alignment='CenterCenter' Wrap='False'>
<Color  R='0' G='0' B='0' A='1' />
</Text>
</VisualStyle>
</VisualStyles>
<Bindings>
<Binding Id='210' Type='Analog' Property='Mode'/>
</Bindings>
</Control>
</Control>
</File>
