<?xml version='1.0' encoding='ISO-8859-1' ?>
<File Type='Page' Version='5.1.0'>
<Control Type='Subpage' Name='Zones (01 - Group 4)'>
<Position Units='Pixels' X='0' Y='0' />
<Size Units='Pixels' Width='774' Height='500' />
<VisualStyles>
<VisualStyle>
<Background>
<Color  R='1' G='0.501961' B='0.501961' A='0' />
</Background>
</VisualStyle>
</VisualStyles>
<Control Type='Button' Name='Button'>
<Position Units='Pixels' X='232' Y='183' />
<Size Units='Pixels' Width='150' Height='40' />
<VisualStyles>
<VisualStyle State='0' Mode='0'>
<Face Type='2D'>
<Color  R='1' G='1' B='1' A='0' />
</Face>
<Text FontId='2' Alignment='CenterLeft' Wrap='False'>
<Bindings>
<Binding Id='213' Type='Serial' Property='Text'/>
</Bindings>
<Color  R='1' G='1' B='1' A='1' />
</Text>
</VisualStyle>
<VisualStyle State='1' Mode='0'>
<Face Type='2D'>
<Color  R='1' G='1' B='1' A='0' />
</Face>
<Text FontId='2' Alignment='CenterLeft' Wrap='False'>
<Bindings>
<Binding Id='213' Type='Serial' Property='Text'/>
</Bindings>
<Color  R='1' G='1' B='0' A='1' />
</Text>
</VisualStyle>
</VisualStyles>
<Bindings>
<Binding Id='213' Type='Digital' Property='State'/>
</Bindings>
<Commands>
<Command Action='TouchDown' Id='213' Type='Digital' Value='True' />
<Command Action='TouchUp' Id='213' Type='Digital' Value='False' />
</Commands>
</Control>
<Control Type='Button' Name='Button'>
<Position Units='Pixels' X='208' Y='197' />
<Size Units='Pixels' Width='12' Height='12' />
<VisualStyles>
<VisualStyle State='0' Mode='0'>
<Face Type='2D'>
<Color  R='0.752941' G='0.752941' B='0.752941' A='0' />
</Face>
<Image Id='168' Alpha='1' />
</VisualStyle>
<VisualStyle State='1' Mode='0'>
<Face Type='2D'>
<Color  R='0.752941' G='0.752941' B='0.752941' A='0' />
</Face>
<Image Id='169' Alpha='1' />
</VisualStyle>
</VisualStyles>
<Bindings>
<Binding Id='213' Type='Digital' Property='State'/>
</Bindings>
<Commands>
<Command Action='TouchDown' Id='213' Type='Digital' Value='True' />
<Command Action='TouchUp' Id='213' Type='Digital' Value='False' />
</Commands>
</Control>
<Control Type='Button' Name='Button'>
<Position Units='Pixels' X='392' Y='183' />
<Size Units='Pixels' Width='150' Height='40' />
<VisualStyles>
<VisualStyle State='0' Mode='0'>
<Face Type='2D'>
<Color  R='1' G='1' B='1' A='0' />
</Face>
<Text FontId='2' Alignment='CenterLeft' Wrap='False'>
<Bindings>
<Binding Id='263' Type='Serial' Property='Text'/>
</Bindings>
<Color  R='1' G='1' B='1' A='1' />
</Text>
</VisualStyle>
<VisualStyle State='1' Mode='0'>
<Face Type='2D'>
<Color  R='1' G='1' B='1' A='0' />
</Face>
<Text FontId='2' Alignment='CenterLeft' Wrap='False'>
<Bindings>
<Binding Id='263' Type='Serial' Property='Text'/>
</Bindings>
<Color  R='1' G='1' B='0' A='1' />
</Text>
</VisualStyle>
</VisualStyles>
<Bindings>
<Binding Id='263' Type='Digital' Property='State'/>
</Bindings>
<Commands>
<Command Action='TouchDown' Id='263' Type='Digital' Value='True' />
<Command Action='TouchUp' Id='263' Type='Digital' Value='False' />
</Commands>
</Control>
<Control Type='Button' Name='GaugeBackdrop'>
<Position Units='Pixels' X='232' Y='182' />
<Size Units='Pixels' Width='150' Height='2' />
<VisualStyles>
<VisualStyle State='0' Mode='0'>
<Face Type='2D'>
<Color  R='1' G='1' B='1' A='1' />
</Face>
<Text FontId='15' Alignment='CenterCenter' Wrap='False'>
<Color  R='0' G='0' B='0' A='1' />
</Text>
</VisualStyle>
</VisualStyles>
</Control>
<Control Type='Slider' Name='Analog Gauge'>
<Position Units='Pixels' X='232' Y='182' />
<Size Units='Pixels' Width='150' Height='2' />
<VisualStyles>
<VisualStyle State='0' Mode='0'>
<Format Type='2' Signed='False'>
<Slider Direction='0' />
</Format>
<Face Type='2D'>
<Color  R='0.501961' G='0.501961' B='0.501961' A='1' />
</Face>
<Text FontId='15' Alignment='CenterCenter' Wrap='False'>
<Color  R='0' G='0' B='0' A='1' />
</Text>
</VisualStyle>
</VisualStyles>
<Bindings>
<Binding Id='213' Type='Analog' Property='Mode'/>
</Bindings>
</Control>
<Control Type='Button' Name='Button'>
<Position Units='Pixels' X='232' Y='231' />
<Size Units='Pixels' Width='150' Height='40' />
<VisualStyles>
<VisualStyle State='0' Mode='0'>
<Face Type='2D'>
<Color  R='1' G='1' B='1' A='0' />
</Face>
<Text FontId='2' Alignment='CenterLeft' Wrap='False'>
<Bindings>
<Binding Id='214' Type='Serial' Property='Text'/>
</Bindings>
<Color  R='1' G='1' B='1' A='1' />
</Text>
</VisualStyle>
<VisualStyle State='1' Mode='0'>
<Face Type='2D'>
<Color  R='1' G='1' B='1' A='0' />
</Face>
<Text FontId='2' Alignment='CenterLeft' Wrap='False'>
<Bindings>
<Binding Id='214' Type='Serial' Property='Text'/>
</Bindings>
<Color  R='1' G='1' B='0' A='1' />
</Text>
</VisualStyle>
</VisualStyles>
<Bindings>
<Binding Id='214' Type='Digital' Property='State'/>
</Bindings>
<Commands>
<Command Action='TouchDown' Id='214' Type='Digital' Value='True' />
<Command Action='TouchUp' Id='214' Type='Digital' Value='False' />
</Commands>
</Control>
<Control Type='Button' Name='Button'>
<Position Units='Pixels' X='208' Y='245' />
<Size Units='Pixels' Width='12' Height='12' />
<VisualStyles>
<VisualStyle State='0' Mode='0'>
<Face Type='2D'>
<Color  R='0.752941' G='0.752941' B='0.752941' A='0' />
</Face>
<Image Id='168' Alpha='1' />
</VisualStyle>
<VisualStyle State='1' Mode='0'>
<Face Type='2D'>
<Color  R='0.752941' G='0.752941' B='0.752941' A='0' />
</Face>
<Image Id='169' Alpha='1' />
</VisualStyle>
</VisualStyles>
<Bindings>
<Binding Id='214' Type='Digital' Property='State'/>
</Bindings>
<Commands>
<Command Action='TouchDown' Id='214' Type='Digital' Value='True' />
<Command Action='TouchUp' Id='214' Type='Digital' Value='False' />
</Commands>
</Control>
<Control Type='Button' Name='Button'>
<Position Units='Pixels' X='392' Y='231' />
<Size Units='Pixels' Width='150' Height='40' />
<VisualStyles>
<VisualStyle State='0' Mode='0'>
<Face Type='2D'>
<Color  R='1' G='1' B='1' A='0' />
</Face>
<Text FontId='2' Alignment='CenterLeft' Wrap='False'>
<Bindings>
<Binding Id='264' Type='Serial' Property='Text'/>
</Bindings>
<Color  R='1' G='1' B='1' A='1' />
</Text>
</VisualStyle>
<VisualStyle State='1' Mode='0'>
<Face Type='2D'>
<Color  R='1' G='1' B='1' A='0' />
</Face>
<Text FontId='2' Alignment='CenterLeft' Wrap='False'>
<Bindings>
<Binding Id='264' Type='Serial' Property='Text'/>
</Bindings>
<Color  R='1' G='1' B='0' A='1' />
</Text>
</VisualStyle>
</VisualStyles>
<Bindings>
<Binding Id='264' Type='Digital' Property='State'/>
</Bindings>
<Commands>
<Command Action='TouchDown' Id='264' Type='Digital' Value='True' />
<Command Action='TouchUp' Id='264' Type='Digital' Value='False' />
</Commands>
</Control>
<Control Type='Button' Name='GaugeBackdrop'>
<Position Units='Pixels' X='232' Y='230' />
<Size Units='Pixels' Width='150' Height='2' />
<VisualStyles>
<VisualStyle State='0' Mode='0'>
<Face Type='2D'>
<Color  R='1' G='1' B='1' A='1' />
</Face>
<Text FontId='15' Alignment='CenterCenter' Wrap='False'>
<Color  R='0' G='0' B='0' A='1' />
</Text>
</VisualStyle>
</VisualStyles>
</Control>
<Control Type='Slider' Name='Analog Gauge'>
<Position Units='Pixels' X='232' Y='230' />
<Size Units='Pixels' Width='150' Height='2' />
<VisualStyles>
<VisualStyle State='0' Mode='0'>
<Format Type='2' Signed='False'>
<Slider Direction='0' />
</Format>
<Face Type='2D'>
<Color  R='0.501961' G='0.501961' B='0.501961' A='1' />
</Face>
<Text FontId='15' Alignment='CenterCenter' Wrap='False'>
<Color  R='0' G='0' B='0' A='1' />
</Text>
</VisualStyle>
</VisualStyles>
<Bindings>
<Binding Id='214' Type='Analog' Property='Mode'/>
</Bindings>
</Control>
<Control Type='Button' Name='Button'>
<Position Units='Pixels' X='232' Y='279' />
<Size Units='Pixels' Width='150' Height='40' />
<VisualStyles>
<VisualStyle State='0' Mode='0'>
<Face Type='2D'>
<Color  R='1' G='1' B='1' A='0' />
</Face>
<Text FontId='2' Alignment='CenterLeft' Wrap='False'>
<Bindings>
<Binding Id='215' Type='Serial' Property='Text'/>
</Bindings>
<Color  R='1' G='1' B='1' A='1' />
</Text>
</VisualStyle>
<VisualStyle State='1' Mode='0'>
<Face Type='2D'>
<Color  R='1' G='1' B='1' A='0' />
</Face>
<Text FontId='2' Alignment='CenterLeft' Wrap='False'>
<Bindings>
<Binding Id='215' Type='Serial' Property='Text'/>
</Bindings>
<Color  R='1' G='1' B='0' A='1' />
</Text>
</VisualStyle>
</VisualStyles>
<Bindings>
<Binding Id='215' Type='Digital' Property='State'/>
</Bindings>
<Commands>
<Command Action='TouchDown' Id='215' Type='Digital' Value='True' />
<Command Action='TouchUp' Id='215' Type='Digital' Value='False' />
</Commands>
</Control>
<Control Type='Button' Name='Button'>
<Position Units='Pixels' X='208' Y='293' />
<Size Units='Pixels' Width='12' Height='12' />
<VisualStyles>
<VisualStyle State='0' Mode='0'>
<Face Type='2D'>
<Color  R='0.752941' G='0.752941' B='0.752941' A='0' />
</Face>
<Image Id='168' Alpha='1' />
</VisualStyle>
<VisualStyle State='1' Mode='0'>
<Face Type='2D'>
<Color  R='0.752941' G='0.752941' B='0.752941' A='0' />
</Face>
<Image Id='169' Alpha='1' />
</VisualStyle>
</VisualStyles>
<Bindings>
<Binding Id='215' Type='Digital' Property='State'/>
</Bindings>
<Commands>
<Command Action='TouchDown' Id='215' Type='Digital' Value='True' />
<Command Action='TouchUp' Id='215' Type='Digital' Value='False' />
</Commands>
</Control>
<Control Type='Button' Name='Button'>
<Position Units='Pixels' X='392' Y='279' />
<Size Units='Pixels' Width='150' Height='40' />
<VisualStyles>
<VisualStyle State='0' Mode='0'>
<Face Type='2D'>
<Color  R='1' G='1' B='1' A='0' />
</Face>
<Text FontId='2' Alignment='CenterLeft' Wrap='False'>
<Bindings>
<Binding Id='265' Type='Serial' Property='Text'/>
</Bindings>
<Color  R='1' G='1' B='1' A='1' />
</Text>
</VisualStyle>
<VisualStyle State='1' Mode='0'>
<Face Type='2D'>
<Color  R='1' G='1' B='1' A='0' />
</Face>
<Text FontId='2' Alignment='CenterLeft' Wrap='False'>
<Bindings>
<Binding Id='265' Type='Serial' Property='Text'/>
</Bindings>
<Color  R='1' G='1' B='0' A='1' />
</Text>
</VisualStyle>
</VisualStyles>
<Bindings>
<Binding Id='265' Type='Digital' Property='State'/>
</Bindings>
<Commands>
<Command Action='TouchDown' Id='265' Type='Digital' Value='True' />
<Command Action='TouchUp' Id='265' Type='Digital' Value='False' />
</Commands>
</Control>
<Control Type='Button' Name='GaugeBackdrop'>
<Position Units='Pixels' X='232' Y='278' />
<Size Units='Pixels' Width='150' Height='2' />
<VisualStyles>
<VisualStyle State='0' Mode='0'>
<Face Type='2D'>
<Color  R='1' G='1' B='1' A='1' />
</Face>
<Text FontId='15' Alignment='CenterCenter' Wrap='False'>
<Color  R='0' G='0' B='0' A='1' />
</Text>
</VisualStyle>
</VisualStyles>
</Control>
<Control Type='Slider' Name='Analog Gauge'>
<Position Units='Pixels' X='232' Y='278' />
<Size Units='Pixels' Width='150' Height='2' />
<VisualStyles>
<VisualStyle State='0' Mode='0'>
<Format Type='2' Signed='False'>
<Slider Direction='0' />
</Format>
<Face Type='2D'>
<Color  R='0.501961' G='0.501961' B='0.501961' A='1' />
</Face>
<Text FontId='15' Alignment='CenterCenter' Wrap='False'>
<Color  R='0' G='0' B='0' A='1' />
</Text>
</VisualStyle>
</VisualStyles>
<Bindings>
<Binding Id='215' Type='Analog' Property='Mode'/>
</Bindings>
</Control>
</Control>
</File>
