<?xml version='1.0' encoding='ISO-8859-1' ?>
<File Type='Page' Version='5.1.0'>
<Control Type='Subpage' Name='Climate (01 Main)'>
<Position Units='Pixels' X='0' Y='0' />
<Size Units='Pixels' Width='774' Height='623' />
<VisualStyles>
<VisualStyle>
<Background>
<Color  R='0' G='0' B='0' A='0' />
</Background>
</VisualStyle>
</VisualStyles>
<Control Type='Button' Name='Image'>
<Position Units='Pixels' X='51' Y='380' />
<Size Units='Pixels' Width='672' Height='216' />
<VisualStyles>
<VisualStyle State='0' Mode='0'>
<Image Id='26' Alpha='1' />
</VisualStyle>
</VisualStyles>
</Control>
<Control Type='Button' Name='Button'>
<Position Units='Pixels' X='552' Y='503' />
<Size Units='Pixels' Width='130' Height='45' />
<VisualStyles>
<VisualStyle State='0' Mode='0'>
<Face Type='2D'>
<Color  R='1' G='1' B='1' A='0' />
</Face>
<Image Id='10' Alpha='1' />
<Text Id='75' FontId='2' Alignment='CenterCenter' Wrap='False'>
<Color  R='1' G='1' B='0' A='1' />
</Text>
</VisualStyle>
<VisualStyle State='1' Mode='0'>
<Face Type='2D'>
<Color  R='1' G='1' B='1' A='0' />
</Face>
<Image Id='11' Alpha='1' />
<Text Id='75' FontId='2' Alignment='CenterCenter' Wrap='False'>
<Color  R='1' G='1' B='0' A='1' />
</Text>
</VisualStyle>
</VisualStyles>
<Bindings>
<Binding Id='769' Type='Digital' Property='State'/>
</Bindings>
<Commands>
<Command Action='TouchDown' Id='769' Type='Digital' Value='True' />
<Command Action='TouchUp' Id='769' Type='Digital' Value='False' />
</Commands>
</Control>
<Control Type='Button' Name='Button'>
<Position Units='Pixels' X='400' Y='503' />
<Size Units='Pixels' Width='130' Height='45' />
<VisualStyles>
<VisualStyle State='0' Mode='0'>
<Face Type='2D'>
<Color  R='1' G='1' B='1' A='0' />
</Face>
<Image Id='10' Alpha='1' />
<Text Id='76' FontId='2' Alignment='CenterCenter' Wrap='False'>
<Color  R='0' G='1' B='0' A='1' />
</Text>
</VisualStyle>
<VisualStyle State='1' Mode='0'>
<Face Type='2D'>
<Color  R='1' G='1' B='1' A='0' />
</Face>
<Image Id='11' Alpha='1' />
<Text Id='76' FontId='2' Alignment='CenterCenter' Wrap='False'>
<Color  R='0' G='1' B='0' A='1' />
</Text>
</VisualStyle>
</VisualStyles>
<Bindings>
<Binding Id='768' Type='Digital' Property='State'/>
</Bindings>
<Commands>
<Command Action='TouchDown' Id='768' Type='Digital' Value='True' />
<Command Action='TouchUp' Id='768' Type='Digital' Value='False' />
</Commands>
</Control>
<Control Type='Button' Name='Button'>
<Position Units='Pixels' X='249' Y='503' />
<Size Units='Pixels' Width='130' Height='45' />
<VisualStyles>
<VisualStyle State='0' Mode='0'>
<Face Type='2D'>
<Color  R='1' G='1' B='1' A='0' />
</Face>
<Image Id='10' Alpha='1' />
<Text Id='77' FontId='2' Alignment='CenterCenter' Wrap='False'>
<Color  R='1' G='1' B='1' A='1' />
</Text>
</VisualStyle>
<VisualStyle State='1' Mode='0'>
<Face Type='2D'>
<Color  R='1' G='1' B='1' A='0' />
</Face>
<Image Id='11' Alpha='1' />
<Text Id='77' FontId='2' Alignment='CenterCenter' Wrap='False'>
<Color  R='1' G='1' B='1' A='1' />
</Text>
</VisualStyle>
</VisualStyles>
<Bindings>
<Binding Id='759' Type='Digital' Property='State'/>
</Bindings>
<Commands>
<Command Action='TouchDown' Id='759' Type='Digital' Value='True' />
<Command Action='TouchUp' Id='759' Type='Digital' Value='False' />
</Commands>
</Control>
<Control Type='Button' Name='Button'>
<Position Units='Pixels' X='96' Y='503' />
<Size Units='Pixels' Width='130' Height='45' />
<VisualStyles>
<VisualStyle State='0' Mode='0'>
<Face Type='2D'>
<Color  R='1' G='1' B='1' A='0' />
</Face>
<Image Id='10' Alpha='1' />
<Text Id='78' FontId='2' Alignment='CenterCenter' Wrap='False'>
<Color  R='1' G='1' B='1' A='1' />
</Text>
</VisualStyle>
<VisualStyle State='1' Mode='0'>
<Face Type='2D'>
<Color  R='1' G='1' B='1' A='0' />
</Face>
<Image Id='11' Alpha='1' />
<Text Id='78' FontId='2' Alignment='CenterCenter' Wrap='False'>
<Color  R='1' G='1' B='1' A='1' />
</Text>
</VisualStyle>
</VisualStyles>
<Bindings>
<Binding Id='760' Type='Digital' Property='State'/>
</Bindings>
<Commands>
<Command Action='TouchDown' Id='760' Type='Digital' Value='True' />
<Command Action='TouchUp' Id='760' Type='Digital' Value='False' />
</Commands>
</Control>
<Control Type='Button' Name='Button'>
<Position Units='Pixels' X='552' Y='424' />
<Size Units='Pixels' Width='130' Height='45' />
<VisualStyles>
<VisualStyle State='0' Mode='0'>
<Face Type='2D'>
<Color  R='1' G='1' B='1' A='0' />
</Face>
<Image Id='10' Alpha='1' />
<Text Id='7' FontId='2' Alignment='CenterCenter' Wrap='False'>
<Color  R='1' G='1' B='1' A='1' />
</Text>
</VisualStyle>
<VisualStyle State='1' Mode='0'>
<Face Type='2D'>
<Color  R='1' G='1' B='1' A='0' />
</Face>
<Image Id='11' Alpha='1' />
<Text Id='7' FontId='2' Alignment='CenterCenter' Wrap='False'>
<Color  R='1' G='1' B='1' A='1' />
</Text>
</VisualStyle>
</VisualStyles>
<Bindings>
<Binding Id='758' Type='Digital' Property='State'/>
</Bindings>
<Commands>
<Command Action='TouchDown' Id='758' Type='Digital' Value='True' />
<Command Action='TouchUp' Id='758' Type='Digital' Value='False' />
</Commands>
</Control>
<Control Type='Button' Name='Button'>
<Position Units='Pixels' X='400' Y='424' />
<Size Units='Pixels' Width='130' Height='45' />
<VisualStyles>
<VisualStyle State='0' Mode='0'>
<Face Type='2D'>
<Color  R='1' G='1' B='1' A='0' />
</Face>
<Image Id='10' Alpha='1' />
<Text Id='79' FontId='2' Alignment='CenterCenter' Wrap='False'>
<Color  R='1' G='1' B='1' A='1' />
</Text>
</VisualStyle>
<VisualStyle State='1' Mode='0'>
<Face Type='2D'>
<Color  R='1' G='1' B='1' A='0' />
</Face>
<Image Id='11' Alpha='1' />
<Text Id='79' FontId='2' Alignment='CenterCenter' Wrap='False'>
<Color  R='1' G='1' B='1' A='1' />
</Text>
</VisualStyle>
</VisualStyles>
<Bindings>
<Binding Id='757' Type='Digital' Property='State'/>
</Bindings>
<Commands>
<Command Action='TouchDown' Id='757' Type='Digital' Value='True' />
<Command Action='TouchUp' Id='757' Type='Digital' Value='False' />
</Commands>
</Control>
<Control Type='Button' Name='Button'>
<Position Units='Pixels' X='248' Y='424' />
<Size Units='Pixels' Width='130' Height='45' />
<VisualStyles>
<VisualStyle State='0' Mode='0'>
<Face Type='2D'>
<Color  R='1' G='1' B='1' A='0' />
</Face>
<Image Id='10' Alpha='1' />
<Text Id='80' FontId='2' Alignment='CenterCenter' Wrap='False'>
<Color  R='1' G='1' B='1' A='1' />
</Text>
</VisualStyle>
<VisualStyle State='1' Mode='0'>
<Face Type='2D'>
<Color  R='1' G='1' B='1' A='0' />
</Face>
<Image Id='11' Alpha='1' />
<Text Id='80' FontId='2' Alignment='CenterCenter' Wrap='False'>
<Color  R='1' G='1' B='1' A='1' />
</Text>
</VisualStyle>
</VisualStyles>
<Bindings>
<Binding Id='756' Type='Digital' Property='State'/>
</Bindings>
<Commands>
<Command Action='TouchDown' Id='756' Type='Digital' Value='True' />
<Command Action='TouchUp' Id='756' Type='Digital' Value='False' />
</Commands>
</Control>
<Control Type='Button' Name='Button'>
<Position Units='Pixels' X='96' Y='424' />
<Size Units='Pixels' Width='130' Height='45' />
<VisualStyles>
<VisualStyle State='0' Mode='0'>
<Face Type='2D'>
<Color  R='1' G='1' B='1' A='0' />
</Face>
<Image Id='10' Alpha='1' />
<Text Id='81' FontId='2' Alignment='CenterCenter' Wrap='False'>
<Color  R='1' G='1' B='1' A='1' />
</Text>
</VisualStyle>
<VisualStyle State='1' Mode='0'>
<Face Type='2D'>
<Color  R='1' G='1' B='1' A='0' />
</Face>
<Image Id='11' Alpha='1' />
<Text Id='81' FontId='2' Alignment='CenterCenter' Wrap='False'>
<Color  R='1' G='1' B='1' A='1' />
</Text>
</VisualStyle>
</VisualStyles>
<Bindings>
<Binding Id='755' Type='Digital' Property='State'/>
</Bindings>
<Commands>
<Command Action='TouchDown' Id='755' Type='Digital' Value='True' />
<Command Action='TouchUp' Id='755' Type='Digital' Value='False' />
</Commands>
</Control>
<Control Type='Button' Name='Text'>
<Position Units='Pixels' X='434' Y='216' />
<Size Units='Pixels' Width='130' Height='45' />
<VisualStyles>
<VisualStyle State='0' Mode='0'>
<Text FontId='6' Alignment='CenterCenter' Wrap='False'>
<Bindings>
<Binding Id='761' Type='Serial' Property='Text'/>
</Bindings>
<Color  R='1' G='1' B='1' A='1' />
</Text>
</VisualStyle>
</VisualStyles>
</Control>
<Control Type='Button' Name='Text'>
<Position Units='Pixels' X='218' Y='216' />
<Size Units='Pixels' Width='130' Height='45' />
<VisualStyles>
<VisualStyle State='0' Mode='0'>
<Text FontId='6' Alignment='CenterCenter' Wrap='False'>
<Bindings>
<Binding Id='760' Type='Serial' Property='Text'/>
</Bindings>
<Color  R='1' G='1' B='1' A='1' />
</Text>
</VisualStyle>
</VisualStyles>
</Control>
<Control Type='Button' Name='Image'>
<Position Units='Pixels' X='256' Y='164' />
<Size Units='Pixels' Width='277' Height='30' />
<VisualStyles>
<VisualStyle State='0' Mode='0'>
<Image Id='24' Alpha='1' />
</VisualStyle>
</VisualStyles>
</Control>
<Control Type='Button' Name='Image'>
<Position Units='Pixels' X='32' Y='32' />
<Size Units='Pixels' Width='160' Height='160' />
<VisualStyles>
<VisualStyle State='0' Mode='0'>
<Image Id='77' Alpha='1' />
</VisualStyle>
</VisualStyles>
</Control>
<Control Type='Button' Name='Button'>
<Position Units='Pixels' X='288' Y='296' />
<Size Units='Pixels' Width='72' Height='45' />
<VisualStyles>
<VisualStyle State='0' Mode='0'>
<Face Type='2D'>
<Color  R='1' G='1' B='1' A='0' />
</Face>
<Image Id='10' Alpha='1' />
<Text Id='82' FontId='9' Alignment='CenterCenter' Wrap='False'>
<Color  R='1' G='0.501961' B='0.501961' A='1' />
</Text>
</VisualStyle>
<VisualStyle State='1' Mode='0'>
<Face Type='2D'>
<Color  R='1' G='1' B='1' A='0' />
</Face>
<Image Id='11' Alpha='1' />
<Text Id='82' FontId='9' Alignment='CenterCenter' Wrap='False'>
<Color  R='1' G='1' B='1' A='1' />
</Text>
</VisualStyle>
</VisualStyles>
<Bindings>
<Binding Id='751' Type='Digital' Property='State'/>
</Bindings>
<Commands>
<Command Action='TouchDown' Id='751' Type='Digital' Value='True' />
<Command Action='TouchUp' Id='751' Type='Digital' Value='False' />
</Commands>
</Control>
<Control Type='Button' Name='Button'>
<Position Units='Pixels' X='206' Y='304' />
<Size Units='Pixels' Width='72' Height='45' />
<VisualStyles>
<VisualStyle State='0' Mode='0'>
<Face Type='2D'>
<Color  R='1' G='1' B='1' A='0' />
</Face>
<Image Id='10' Alpha='1' />
<Text Id='83' FontId='9' Alignment='CenterCenter' Wrap='False'>
<Color  R='1' G='0.501961' B='0.501961' A='1' />
</Text>
</VisualStyle>
<VisualStyle State='1' Mode='0'>
<Face Type='2D'>
<Color  R='1' G='1' B='1' A='0' />
</Face>
<Image Id='11' Alpha='1' />
<Text Id='83' FontId='9' Alignment='CenterCenter' Wrap='False'>
<Color  R='1' G='1' B='1' A='1' />
</Text>
</VisualStyle>
</VisualStyles>
<Bindings>
<Binding Id='752' Type='Digital' Property='State'/>
</Bindings>
<Commands>
<Command Action='TouchDown' Id='752' Type='Digital' Value='True' />
<Command Action='TouchUp' Id='752' Type='Digital' Value='False' />
</Commands>
</Control>
<Control Type='Button' Name='Text'>
<Position Units='Pixels' X='224' Y='32' />
<Size Units='Pixels' Width='320' Height='64' />
<VisualStyles>
<VisualStyle State='0' Mode='0'>
<Text FontId='10' Alignment='CenterCenter' Wrap='False'>
<Bindings>
<Binding Id='700' Type='Serial' Property='Text'/>
</Bindings>
<Color  R='1' G='1' B='1' A='1' />
</Text>
</VisualStyle>
</VisualStyles>
</Control>
<Control Type='Button' Name='Image'>
<Position Units='Pixels' X='208' Y='86' />
<Size Units='Pixels' Width='353' Height='8' />
<VisualStyles>
<VisualStyle State='0' Mode='0'>
<Image Id='78' Alpha='1' />
</VisualStyle>
</VisualStyles>
</Control>
<Control Type='Button' Name='Button'>
<Position Units='Pixels' X='496' Y='296' />
<Size Units='Pixels' Width='72' Height='45' />
<VisualStyles>
<VisualStyle State='0' Mode='0'>
<Face Type='2D'>
<Color  R='1' G='1' B='1' A='0' />
</Face>
<Image Id='10' Alpha='1' />
<Text Id='82' FontId='9' Alignment='CenterCenter' Wrap='False'>
<Color  R='0.501961' G='1' B='1' A='1' />
</Text>
</VisualStyle>
<VisualStyle State='1' Mode='0'>
<Face Type='2D'>
<Color  R='1' G='1' B='1' A='0' />
</Face>
<Image Id='11' Alpha='1' />
<Text Id='82' FontId='9' Alignment='CenterCenter' Wrap='False'>
<Color  R='1' G='1' B='1' A='1' />
</Text>
</VisualStyle>
</VisualStyles>
<Bindings>
<Binding Id='753' Type='Digital' Property='State'/>
</Bindings>
<Commands>
<Command Action='TouchDown' Id='753' Type='Digital' Value='True' />
<Command Action='TouchUp' Id='753' Type='Digital' Value='False' />
</Commands>
</Control>
<Control Type='Button' Name='Button'>
<Position Units='Pixels' X='414' Y='304' />
<Size Units='Pixels' Width='72' Height='45' />
<VisualStyles>
<VisualStyle State='0' Mode='0'>
<Face Type='2D'>
<Color  R='1' G='1' B='1' A='0' />
</Face>
<Image Id='10' Alpha='1' />
<Text Id='83' FontId='9' Alignment='CenterCenter' Wrap='False'>
<Color  R='0.501961' G='1' B='1' A='1' />
</Text>
</VisualStyle>
<VisualStyle State='1' Mode='0'>
<Face Type='2D'>
<Color  R='1' G='1' B='1' A='0' />
</Face>
<Image Id='11' Alpha='1' />
<Text Id='83' FontId='9' Alignment='CenterCenter' Wrap='False'>
<Color  R='1' G='1' B='1' A='1' />
</Text>
</VisualStyle>
</VisualStyles>
<Bindings>
<Binding Id='754' Type='Digital' Property='State'/>
</Bindings>
<Commands>
<Command Action='TouchDown' Id='754' Type='Digital' Value='True' />
<Command Action='TouchUp' Id='754' Type='Digital' Value='False' />
</Commands>
</Control>
<Control Type='Button' Name='Text'>
<Position Units='Pixels' X='198' Y='256' />
<Size Units='Pixels' Width='170' Height='45' />
<VisualStyles>
<VisualStyle State='0' Mode='0'>
<Text Id='84' FontId='4' Alignment='CenterCenter' Wrap='False'>
<Color  R='1' G='0.501961' B='0.501961' A='1' />
</Text>
</VisualStyle>
</VisualStyles>
</Control>
<Control Type='Button' Name='Text'>
<Position Units='Pixels' X='406' Y='256' />
<Size Units='Pixels' Width='170' Height='45' />
<VisualStyles>
<VisualStyle State='0' Mode='0'>
<Text Id='85' FontId='4' Alignment='CenterCenter' Wrap='False'>
<Color  R='0.501961' G='1' B='1' A='1' />
</Text>
</VisualStyle>
</VisualStyles>
</Control>
<Control Type='Button' Name='Text'>
<Position Units='Pixels' X='227' Y='68' />
<Size Units='Pixels' Width='320' Height='160' />
<VisualStyles>
<VisualStyle State='0' Mode='0'>
<Text FontId='5' Alignment='CenterCenter' Wrap='False'>
<Bindings>
<Binding Id='752' Type='Serial' Property='Text'/>
</Bindings>
<Color  R='1' G='1' B='1' A='1' />
</Text>
</VisualStyle>
</VisualStyles>
</Control>
</Control>
</File>
