<?xml version='1.0' encoding='ISO-8859-1' ?>
<File Type='Page' Version='5.1.0'>
<Control Type='Subpage' Name='Climate (00 Main)'>
<Position Units='Pixels' X='0' Y='0' />
<Size Units='Pixels' Width='774' Height='623' />
<VisualStyles>
<VisualStyle>
<Background>
<Color  R='0' G='0' B='0' A='0' />
</Background>
</VisualStyle>
</VisualStyles>
<Control Type='Button' Name='Image'>
<Position Units='Pixels' X='51' Y='380' />
<Size Units='Pixels' Width='672' Height='216' />
<VisualStyles>
<VisualStyle State='0' Mode='0'>
<Image Id='28' Alpha='1' />
</VisualStyle>
</VisualStyles>
</Control>
<Control Type='Button' Name='Image'>
<Position Units='Pixels' X='32' Y='32' />
<Size Units='Pixels' Width='160' Height='160' />
<VisualStyles>
<VisualStyle State='0' Mode='0'>
<Image Id='165' Alpha='1' />
</VisualStyle>
</VisualStyles>
</Control>
<Control Type='Button' Name='Image'>
<Position Units='Pixels' X='208' Y='86' />
<Size Units='Pixels' Width='353' Height='8' />
<VisualStyles>
<VisualStyle State='0' Mode='0'>
<Image Id='79' Alpha='1' />
</VisualStyle>
</VisualStyles>
</Control>
<Control Type='Button' Name='Button'>
<Position Units='Pixels' X='632' Y='32' />
<Size Units='Pixels' Width='19' Height='23' />
<VisualStyles>
<VisualStyle State='0' Mode='0'>
<Face Type='2D'>
<Color  R='0.752941' G='0.752941' B='0.752941' A='0' />
</Face>
</VisualStyle>
<VisualStyle State='1' Mode='0'>
<Face Type='2D'>
<Color  R='0.752941' G='0.752941' B='0.752941' A='0' />
</Face>
<Text Id='36' FontId='11' Alignment='CenterCenter' Wrap='False'>
<Color  R='0' G='1' B='0' A='1' />
</Text>
</VisualStyle>
</VisualStyles>
<Bindings>
<Binding Id='792' Type='Digital' Property='State'/>
</Bindings>
<Commands>
<Command Action='TouchDown' Id='792' Type='Digital' Value='True' />
<Command Action='TouchUp' Id='792' Type='Digital' Value='False' />
</Commands>
</Control>
<Control Type='Button' Name='Text'>
<Position Units='Pixels' X='648' Y='32' />
<Size Units='Pixels' Width='104' Height='24' />
<VisualStyles>
<VisualStyle State='0' Mode='0'>
<Text Id='215' FontId='21' Alignment='CenterLeft' Wrap='False'>
<Color  R='1' G='1' B='1' A='1' />
</Text>
</VisualStyle>
</VisualStyles>
</Control>
<Control Type='Button' Name='Button'>
<Position Units='Pixels' X='632' Y='56' />
<Size Units='Pixels' Width='19' Height='23' />
<VisualStyles>
<VisualStyle State='0' Mode='0'>
<Face Type='2D'>
<Color  R='0.752941' G='0.752941' B='0.752941' A='0' />
</Face>
</VisualStyle>
<VisualStyle State='1' Mode='0'>
<Face Type='2D'>
<Color  R='0.752941' G='0.752941' B='0.752941' A='0' />
</Face>
<Text Id='36' FontId='11' Alignment='CenterCenter' Wrap='False'>
<Color  R='0' G='1' B='0' A='1' />
</Text>
</VisualStyle>
</VisualStyles>
<Bindings>
<Binding Id='793' Type='Digital' Property='State'/>
</Bindings>
<Commands>
<Command Action='TouchDown' Id='793' Type='Digital' Value='True' />
<Command Action='TouchUp' Id='793' Type='Digital' Value='False' />
</Commands>
</Control>
<Control Type='Button' Name='Text'>
<Position Units='Pixels' X='648' Y='56' />
<Size Units='Pixels' Width='104' Height='24' />
<VisualStyles>
<VisualStyle State='0' Mode='0'>
<Text Id='216' FontId='21' Alignment='CenterLeft' Wrap='False'>
<Color  R='1' G='1' B='1' A='1' />
</Text>
</VisualStyle>
</VisualStyles>
</Control>
<Control Type='Button' Name='Button'>
<Position Units='Pixels' X='632' Y='80' />
<Size Units='Pixels' Width='19' Height='23' />
<VisualStyles>
<VisualStyle State='0' Mode='0'>
<Face Type='2D'>
<Color  R='0.752941' G='0.752941' B='0.752941' A='0' />
</Face>
</VisualStyle>
<VisualStyle State='1' Mode='0'>
<Face Type='2D'>
<Color  R='0.752941' G='0.752941' B='0.752941' A='0' />
</Face>
<Text Id='36' FontId='11' Alignment='CenterCenter' Wrap='False'>
<Color  R='0' G='1' B='0' A='1' />
</Text>
</VisualStyle>
</VisualStyles>
<Bindings>
<Binding Id='794' Type='Digital' Property='State'/>
</Bindings>
<Commands>
<Command Action='TouchDown' Id='794' Type='Digital' Value='True' />
<Command Action='TouchUp' Id='794' Type='Digital' Value='False' />
</Commands>
</Control>
<Control Type='Button' Name='Text'>
<Position Units='Pixels' X='648' Y='80' />
<Size Units='Pixels' Width='104' Height='24' />
<VisualStyles>
<VisualStyle State='0' Mode='0'>
<Text Id='217' FontId='21' Alignment='CenterLeft' Wrap='False'>
<Color  R='1' G='1' B='1' A='1' />
</Text>
</VisualStyle>
</VisualStyles>
</Control>
<Control Type='Button' Name='Button'>
<Position Units='Pixels' X='632' Y='104' />
<Size Units='Pixels' Width='19' Height='23' />
<VisualStyles>
<VisualStyle State='0' Mode='0'>
<Face Type='2D'>
<Color  R='0.752941' G='0.752941' B='0.752941' A='0' />
</Face>
</VisualStyle>
<VisualStyle State='1' Mode='0'>
<Face Type='2D'>
<Color  R='0.752941' G='0.752941' B='0.752941' A='0' />
</Face>
<Text Id='36' FontId='11' Alignment='CenterCenter' Wrap='False'>
<Color  R='0' G='1' B='0' A='1' />
</Text>
</VisualStyle>
</VisualStyles>
<Bindings>
<Binding Id='795' Type='Digital' Property='State'/>
</Bindings>
<Commands>
<Command Action='TouchDown' Id='795' Type='Digital' Value='True' />
<Command Action='TouchUp' Id='795' Type='Digital' Value='False' />
</Commands>
</Control>
<Control Type='Button' Name='Text'>
<Position Units='Pixels' X='648' Y='104' />
<Size Units='Pixels' Width='104' Height='24' />
<VisualStyles>
<VisualStyle State='0' Mode='0'>
<Text Id='218' FontId='21' Alignment='CenterLeft' Wrap='False'>
<Color  R='1' G='1' B='1' A='1' />
</Text>
</VisualStyle>
</VisualStyles>
</Control>
<Control Type='Button' Name='Button'>
<Position Units='Pixels' X='632' Y='128' />
<Size Units='Pixels' Width='19' Height='23' />
<VisualStyles>
<VisualStyle State='0' Mode='0'>
<Face Type='2D'>
<Color  R='0.752941' G='0.752941' B='0.752941' A='0' />
</Face>
</VisualStyle>
<VisualStyle State='1' Mode='0'>
<Face Type='2D'>
<Color  R='0.752941' G='0.752941' B='0.752941' A='0' />
</Face>
<Text Id='36' FontId='11' Alignment='CenterCenter' Wrap='False'>
<Color  R='0' G='1' B='0' A='1' />
</Text>
</VisualStyle>
</VisualStyles>
<Bindings>
<Binding Id='796' Type='Digital' Property='State'/>
</Bindings>
<Commands>
<Command Action='TouchDown' Id='796' Type='Digital' Value='True' />
<Command Action='TouchUp' Id='796' Type='Digital' Value='False' />
</Commands>
</Control>
<Control Type='Button' Name='Text'>
<Position Units='Pixels' X='648' Y='128' />
<Size Units='Pixels' Width='104' Height='24' />
<VisualStyles>
<VisualStyle State='0' Mode='0'>
<Text Id='219' FontId='21' Alignment='CenterLeft' Wrap='False'>
<Color  R='1' G='1' B='1' A='1' />
</Text>
</VisualStyle>
</VisualStyles>
</Control>
<Control Type='Button' Name='Button'>
<Position Units='Pixels' X='632' Y='152' />
<Size Units='Pixels' Width='19' Height='23' />
<VisualStyles>
<VisualStyle State='0' Mode='0'>
<Face Type='2D'>
<Color  R='0.752941' G='0.752941' B='0.752941' A='0' />
</Face>
</VisualStyle>
<VisualStyle State='1' Mode='0'>
<Face Type='2D'>
<Color  R='0.752941' G='0.752941' B='0.752941' A='0' />
</Face>
<Text Id='36' FontId='11' Alignment='CenterCenter' Wrap='False'>
<Color  R='0' G='1' B='0' A='1' />
</Text>
</VisualStyle>
</VisualStyles>
<Bindings>
<Binding Id='797' Type='Digital' Property='State'/>
</Bindings>
<Commands>
<Command Action='TouchDown' Id='797' Type='Digital' Value='True' />
<Command Action='TouchUp' Id='797' Type='Digital' Value='False' />
</Commands>
</Control>
<Control Type='Button' Name='Text'>
<Position Units='Pixels' X='648' Y='152' />
<Size Units='Pixels' Width='104' Height='24' />
<VisualStyles>
<VisualStyle State='0' Mode='0'>
<Text Id='220' FontId='21' Alignment='CenterLeft' Wrap='False'>
<Color  R='1' G='1' B='1' A='1' />
</Text>
</VisualStyle>
</VisualStyles>
</Control>
</Control>
</File>
