<?xml version='1.0' encoding='ISO-8859-1' ?>
<File Type='Page' Version='5.1.0'>
<Control Type='Subpage' Name='Climate (01 Main - Dual Setpoint)'>
<Position Units='Pixels' X='0' Y='0' />
<Size Units='Pixels' Width='774' Height='623' />
<VisualStyles>
<VisualStyle>
<Background>
<Color  R='0' G='0' B='0' A='0' />
</Background>
</VisualStyle>
</VisualStyles>
<Control Type='Button' Name='Text'>
<Position Units='Pixels' X='434' Y='216' />
<Size Units='Pixels' Width='130' Height='45' />
<VisualStyles>
<VisualStyle State='0' Mode='0'>
<Text FontId='6' Alignment='CenterCenter' Wrap='False'>
<Bindings>
<Binding Id='761' Type='Serial' Property='Text'/>
</Bindings>
<Color  R='1' G='1' B='1' A='1' />
</Text>
</VisualStyle>
</VisualStyles>
</Control>
<Control Type='Button' Name='Text'>
<Position Units='Pixels' X='218' Y='216' />
<Size Units='Pixels' Width='130' Height='45' />
<VisualStyles>
<VisualStyle State='0' Mode='0'>
<Text FontId='6' Alignment='CenterCenter' Wrap='False'>
<Bindings>
<Binding Id='760' Type='Serial' Property='Text'/>
</Bindings>
<Color  R='1' G='1' B='1' A='1' />
</Text>
</VisualStyle>
</VisualStyles>
</Control>
<Control Type='Button' Name='Button'>
<Position Units='Pixels' X='288' Y='296' />
<Size Units='Pixels' Width='72' Height='45' />
<VisualStyles>
<VisualStyle State='0' Mode='0'>
<Face Type='2D'>
<Color  R='1' G='1' B='1' A='0' />
</Face>
<Image Id='10' Alpha='1' />
<Text Id='77' FontId='8' Alignment='CenterCenter' Wrap='False'>
<Color  R='1' G='0.501961' B='0.501961' A='1' />
</Text>
</VisualStyle>
<VisualStyle State='1' Mode='0'>
<Face Type='2D'>
<Color  R='1' G='1' B='1' A='0' />
</Face>
<Image Id='11' Alpha='1' />
<Text Id='77' FontId='8' Alignment='CenterCenter' Wrap='False'>
<Color  R='1' G='1' B='1' A='1' />
</Text>
</VisualStyle>
</VisualStyles>
<Bindings>
<Binding Id='751' Type='Digital' Property='State'/>
</Bindings>
<Commands>
<Command Action='TouchDown' Id='751' Type='Digital' Value='True' />
<Command Action='TouchUp' Id='751' Type='Digital' Value='False' />
</Commands>
</Control>
<Control Type='Button' Name='Button'>
<Position Units='Pixels' X='206' Y='304' />
<Size Units='Pixels' Width='72' Height='45' />
<VisualStyles>
<VisualStyle State='0' Mode='0'>
<Face Type='2D'>
<Color  R='1' G='1' B='1' A='0' />
</Face>
<Image Id='10' Alpha='1' />
<Text Id='78' FontId='8' Alignment='CenterCenter' Wrap='False'>
<Color  R='1' G='0.501961' B='0.501961' A='1' />
</Text>
</VisualStyle>
<VisualStyle State='1' Mode='0'>
<Face Type='2D'>
<Color  R='1' G='1' B='1' A='0' />
</Face>
<Image Id='11' Alpha='1' />
<Text Id='78' FontId='8' Alignment='CenterCenter' Wrap='False'>
<Color  R='1' G='1' B='1' A='1' />
</Text>
</VisualStyle>
</VisualStyles>
<Bindings>
<Binding Id='752' Type='Digital' Property='State'/>
</Bindings>
<Commands>
<Command Action='TouchDown' Id='752' Type='Digital' Value='True' />
<Command Action='TouchUp' Id='752' Type='Digital' Value='False' />
</Commands>
</Control>
<Control Type='Button' Name='Button'>
<Position Units='Pixels' X='496' Y='296' />
<Size Units='Pixels' Width='72' Height='45' />
<VisualStyles>
<VisualStyle State='0' Mode='0'>
<Face Type='2D'>
<Color  R='1' G='1' B='1' A='0' />
</Face>
<Image Id='10' Alpha='1' />
<Text Id='77' FontId='8' Alignment='CenterCenter' Wrap='False'>
<Color  R='0.501961' G='1' B='1' A='1' />
</Text>
</VisualStyle>
<VisualStyle State='1' Mode='0'>
<Face Type='2D'>
<Color  R='1' G='1' B='1' A='0' />
</Face>
<Image Id='11' Alpha='1' />
<Text Id='77' FontId='8' Alignment='CenterCenter' Wrap='False'>
<Color  R='1' G='1' B='1' A='1' />
</Text>
</VisualStyle>
</VisualStyles>
<Bindings>
<Binding Id='753' Type='Digital' Property='State'/>
</Bindings>
<Commands>
<Command Action='TouchDown' Id='753' Type='Digital' Value='True' />
<Command Action='TouchUp' Id='753' Type='Digital' Value='False' />
</Commands>
</Control>
<Control Type='Button' Name='Button'>
<Position Units='Pixels' X='414' Y='304' />
<Size Units='Pixels' Width='72' Height='45' />
<VisualStyles>
<VisualStyle State='0' Mode='0'>
<Face Type='2D'>
<Color  R='1' G='1' B='1' A='0' />
</Face>
<Image Id='10' Alpha='1' />
<Text Id='78' FontId='8' Alignment='CenterCenter' Wrap='False'>
<Color  R='0.501961' G='1' B='1' A='1' />
</Text>
</VisualStyle>
<VisualStyle State='1' Mode='0'>
<Face Type='2D'>
<Color  R='1' G='1' B='1' A='0' />
</Face>
<Image Id='11' Alpha='1' />
<Text Id='78' FontId='8' Alignment='CenterCenter' Wrap='False'>
<Color  R='1' G='1' B='1' A='1' />
</Text>
</VisualStyle>
</VisualStyles>
<Bindings>
<Binding Id='754' Type='Digital' Property='State'/>
</Bindings>
<Commands>
<Command Action='TouchDown' Id='754' Type='Digital' Value='True' />
<Command Action='TouchUp' Id='754' Type='Digital' Value='False' />
</Commands>
</Control>
<Control Type='Button' Name='Text'>
<Position Units='Pixels' X='198' Y='256' />
<Size Units='Pixels' Width='170' Height='45' />
<VisualStyles>
<VisualStyle State='0' Mode='0'>
<Text Id='79' FontId='4' Alignment='CenterCenter' Wrap='False'>
<Color  R='1' G='0.501961' B='0.501961' A='1' />
</Text>
</VisualStyle>
</VisualStyles>
</Control>
<Control Type='Button' Name='Text'>
<Position Units='Pixels' X='406' Y='256' />
<Size Units='Pixels' Width='170' Height='45' />
<VisualStyles>
<VisualStyle State='0' Mode='0'>
<Text Id='80' FontId='4' Alignment='CenterCenter' Wrap='False'>
<Color  R='0.501961' G='1' B='1' A='1' />
</Text>
</VisualStyle>
</VisualStyles>
</Control>
</Control>
</File>
