<?xml version='1.0' encoding='ISO-8859-1' ?>
<File Type='Resource' Version='5.1.0'>
<Resources>
<Font Id='1' Size ='13' FaceName='Arial' Weight='700' Bold='True' Italic='False' Underline='False' Strike='False' />
<Font Id='2' Size ='16' FaceName='Arial' Weight='700' Bold='True' Italic='False' Underline='False' Strike='False' />
<Font Id='3' Size ='16' FaceName='Arial' Weight='400' Bold='False' Italic='False' Underline='False' Strike='False' />
<Font Id='4' Size ='21' FaceName='Arial' Weight='700' Bold='True' Italic='False' Underline='False' Strike='False' />
<Font Id='5' Size ='64' FaceName='Arial' Weight='700' Bold='True' Italic='False' Underline='False' Strike='False' />
<Font Id='6' Size ='24' FaceName='Arial' Weight='700' Bold='True' Italic='False' Underline='False' Strike='False' />
<Font Id='7' Size ='11' FaceName='Arial' Weight='400' Bold='False' Italic='False' Underline='False' Strike='False' />
<Font Id='8' Size ='13' FaceName='Arial' Weight='700' Bold='True' Italic='False' Underline='False' Strike='False' />
<Font Id='9' Size ='16' FaceName='CrestronTransport' Weight='400' Bold='False' Italic='False' Underline='False' Strike='False' />
<Font Id='10' Size ='32' FaceName='Arial' Weight='700' Bold='True' Italic='False' Underline='False' Strike='False' />
<Font Id='11' Size ='27' FaceName='Arial' Weight='700' Bold='True' Italic='False' Underline='False' Strike='False' />
<Font Id='12' Size ='19' FaceName='Arial' Weight='700' Bold='True' Italic='False' Underline='False' Strike='False' />
<Font Id='13' Size ='19' FaceName='Arial' Weight='400' Bold='False' Italic='False' Underline='False' Strike='False' />
<Font Id='14' Size ='12' FaceName='Arial' Weight='700' Bold='True' Italic='False' Underline='False' Strike='False' />
<Font Id='15' Size ='12' FaceName='Arial' Weight='400' Bold='False' Italic='False' Underline='False' Strike='False' />
<Font Id='16' Size ='15' FaceName='Arial' Weight='400' Bold='False' Italic='False' Underline='False' Strike='False' />
<Font Id='17' Size ='12' FaceName='Arial' Weight='400' Bold='False' Italic='False' Underline='False' Strike='False' />
<Font Id='18' Size ='13' FaceName='TrebuchetMS-Bold' Weight='700' Bold='True' Italic='False' Underline='False' Strike='False' />
<Font Id='19' Size ='11' FaceName='TrebuchetMS' Weight='400' Bold='False' Italic='False' Underline='False' Strike='False' />
<Text Id='1'>Audio</Text>
<Text Id='2'>Video</Text>
<Text Id='3'>Climate</Text>
<Text Id='4'>Lighting</Text>
<Text Id='5'>Cameras</Text>
<Text Id='6'>Entertain
Mode</Text>
<Text Id='7'>Zones</Text>
<Text Id='8'>Off</Text>
<Text Id='9'>FM Radio</Text>
<Text Id='10'>XM Radio</Text>
<Text Id='11'>Jukebox</Text>
<Text Id='12'>Presets</Text>
<Text Id='13'>Music</Text>
<Text Id='14'>Classic
Country</Text>
<Text Id='15'>Singers &amp;
Standards</Text>
<Text Id='16'>Blues</Text>
<Text Id='17'>Today&apos;s
Country</Text>
<Text Id='18'>Light
Classical</Text>
<Text Id='19'>Big
Band</Text>
<Text Id='20'>Light
Jazz</Text>
<Text Id='21'>Jazz</Text>
<Text Id='22'>Bluegrass</Text>
<Text Id='23'>Sound
Scapes</Text>
<Text Id='24'>Classic
R &amp; B</Text>
<Text Id='25'>R &amp; B
Hits</Text>
<Text Id='26'>Oldies</Text>
<Text Id='27'>Easy
Listening</Text>
<Text Id='28'>Progressive</Text>
<Text Id='29'>Alternative</Text>
<Text Id='30'>Soft Rock</Text>
<Text Id='31'>Classic Rock</Text>
<Text Id='32'>70&apos;s Hits</Text>
<Text Id='33'>80&apos;s Hits</Text>
<Text Id='34'>DirecTV</Text>
<Text Id='35'>Kaleidescape</Text>
<Text Id='36'>AppleTV</Text>
<Text Id='37'>Cable TV</Text>
<Text Id='38'>Blu-ray</Text>
<Text Id='39'>1</Text>
<Text Id='40'>2</Text>
<Text Id='41'>3</Text>
<Text Id='42'>4</Text>
<Text Id='43'>5</Text>
<Text Id='44'>6</Text>
<Text Id='45'>7</Text>
<Text Id='46'>8</Text>
<Text Id='47'>9</Text>
<Text Id='48'>-</Text>
<Text Id='49'>0</Text>
<Text Id='50'>Enter</Text>
<Text Id='51'>Guide</Text>
<Text Id='52'>List</Text>
<Text Id='53'>Menu</Text>
<Text Id='54'>Active</Text>
<Text Id='55'>Exit</Text>
<Text Id='56'>Info</Text>
<Text Id='57'>Aspect</Text>
<Text Id='58'>Jump</Text>
<Text Id='59'>Ch/Pg Dn</Text>
<Text Id='60'>Ch/Pg Up</Text>
<Text Id='61'>Replay</Text>
<Text Id='62'>Rew</Text>
<Text Id='63'>Play</Text>
<Text Id='64'>Stop</Text>
<Text Id='65'>Pause</Text>
<Text Id='66'>Record</Text>
<Text Id='67'>Fwd</Text>
<Text Id='68'>Skip</Text>
<Text Id='69'>Setup</Text>
<Text Id='70'>Pop-up</Text>
<Text Id='71'>Subtitle</Text>
<Text Id='72'>Display</Text>
<Text Id='73'>Prev</Text>
<Text Id='74'>Next</Text>
<Text Id='75'>Enjoy your game!</Text>
<Text Id='76'>Away</Text>
<Text Id='77'>Hold</Text>
<Text Id='78'>Fan On</Text>
<Text Id='79'>Fan Auto</Text>
<Text Id='80'>Cool</Text>
<Text Id='81'>Heat</Text>
<Text Id='82'>Auto</Text>
<Text Id='83'>k</Text>
<Text Id='84'>j</Text>
<Text Id='85'>Heat Setpoint</Text>
<Text Id='86'>Cool Setpoint</Text>
<Text Id='87'>Theater</Text>
<Text Id='88'>Security</Text>
<Text Id='89'>Pool</Text>
<Text Id='90'>Lower Patio</Text>
<Text Id='91'>Upper
Patio</Text>
<Text Id='92'>Bedroom
Windows</Text>
<Text Id='93'>Garage
Driveway</Text>
<Text Id='94'>Main
Driveway</Text>
<Text Id='95'>Front
Walk</Text>
<Text Id='96'>Front
Door</Text>
<Text Id='97'>Estate Wide Lighting</Text>
<Text Id='98'>Kitchen Patio Lighting</Text>
<Text Id='99'>Pool Area Lighting</Text>
<Text Id='100'>Kitchen</Text>
<Text Id='101'>Patio</Text>
<Text Id='102'>Back</Text>
<Text Id='103'>Keypad</Text>
<Text Id='104'>Unlock
Front Door</Text>
<Text Id='105'>Pool Temperature</Text>
<Text Id='106'>Pool
Cleaner</Text>
<Text Id='107'>Pool
Waterfall</Text>
<Text Id='108'>Temp Up</Text>
<Text Id='109'>Pool Heat</Text>
<Text Id='110'>Swim Mode</Text>
<Text Id='111'>Temp Down</Text>
<Text Id='112'>Spa Heat/
Pump</Text>
<Text Id='113'>Pool/Spa
Lights</Text>
<Text Id='114'>Spa SP</Text>
<Text Id='115'>Pool SP</Text>
<Text Id='116'>Spa Temperature</Text>
<Text Id='117'>Main</Text>
<Text Id='118'>Program</Text>
<Text Id='119'>Channels</Text>
<Text Id='120'>Channel</Text>
<Text Id='121'>Artist</Text>
<Text Id='122'>Song</Text>
<Text Id='123'>AM</Text>
<Text Id='124'>FM</Text>
<Text Id='125'>Up</Text>
<Text Id='126'>Down</Text>
<Text Id='127'>Scan</Text>
<Text Id='128'>Ch</Text>
<Text Id='129'>Top</Text>
<Text Id='130'>Bottom</Text>
<Text Id='131'>Albums</Text>
<Text Id='132'>Genres</Text>
<Text Id='133'>Radio</Text>
<Text Id='134'>Artists</Text>
<Text Id='135'>Playlists</Text>
<Text Id='136'>Queue</Text>
<Text Id='137'>&lt; Back</Text>
<Text Id='138'>Progress</Text>
<Text Id='139'>+</Text>
<Text Id='140'>!
1</Text>
<Text Id='141'>@
2</Text>
<Text Id='142'>#
3</Text>
<Text Id='143'>$
4</Text>
<Text Id='144'>%
5</Text>
<Text Id='145'>^
6</Text>
<Text Id='146'>&amp;
7</Text>
<Text Id='147'>*
8</Text>
<Text Id='148'>(
9</Text>
<Text Id='149'>)
0</Text>
<Text Id='150'>.</Text>
<Text Id='151'>. /</Text>
<Text Id='152'>space</Text>
<Text Id='153'>Shift</Text>
<Text Id='154'>enter</Text>
<Text Id='155'>q</Text>
<Text Id='156'>w</Text>
<Text Id='157'>r</Text>
<Text Id='158'>E</Text>
<Text Id='159'>e</Text>
<Text Id='160'>t</Text>
<Text Id='161'>y</Text>
<Text Id='162'>i</Text>
<Text Id='163'>u</Text>
<Text Id='164'>p</Text>
<Text Id='165'>o</Text>
<Text Id='166'>a</Text>
<Text Id='167'>s</Text>
<Text Id='168'>f</Text>
<Text Id='169'>d</Text>
<Text Id='170'>g</Text>
<Text Id='171'>h</Text>
<Text Id='172'>l</Text>
<Text Id='173'>z</Text>
<Text Id='174'>x</Text>
<Text Id='175'>v</Text>
<Text Id='176'>c</Text>
<Text Id='177'>b</Text>
<Text Id='178'>n</Text>
<Text Id='179'>m</Text>
<Text Id='180'>&lt;bksp</Text>
<Text Id='181'>cancel</Text>
<Text Id='182'>Sleep</Text>
<Text Id='183'>Return</Text>
<Text Id='184'>Leave</Text>
<Text Id='185'>Wake</Text>
<Text Id='186'>Schedule</Text>
<Text Id='187'>Clear</Text>
<Text Id='188'>Time</Text>
<Text Id='189'>Weekday</Text>
<Text Id='190'>Weekend</Text>
<Text Id='191'>Edit</Text>
<Text Id='192'>*  Press 19 to check status

*  Away Arm:  press 13

*  Night Arm:  press 12

*  To Disarm:  press 11,
   Then Enter Your Code

*  Press PANIC buttons
    for 2 seconds to 
    activate.</Text>
<Text Id='193'>*</Text>
<Text Id='194'>#</Text>
<Text Id='195'>security</Text>
<Text Id='196'>silent alarm</Text>
<Text Id='197'>devices</Text>
<Text Id='198'>features</Text>
<Text Id='199'>system</Text>
<Text Id='200'>undo</Text>
<Text Id='201'>Fire</Text>
<Text Id='202'>Medical</Text>
<Text Id='203'>Police</Text>
<Image Id='1' Native='False' Path='33_1024x768.png' Format='png'>
<Size Units='Pixels' Width='1024' Height='768' />
</Image>
<Image Id='2' Native='False' Path='Background-Dim50_100x100.png' Format='png'>
<Size Units='Pixels' Width='100' Height='100' />
</Image>
<Image Id='3' Native='False' Path='588c2982b90344fe.png' Format='png'>
<Size Units='Pixels' Width='160' Height='160' />
</Image>
<Image Id='4' Native='False' Path='Glowing-Pill_12x30_0.png' Format='png'>
<Size Units='Pixels' Width='12' Height='30' />
</Image>
<Image Id='5' Native='False' Path='Glowing-Pill_12x30_1.png' Format='png'>
<Size Units='Pixels' Width='12' Height='30' />
</Image>
<Image Id='6' Native='False' Path='5842bad555925342.png' Format='png'>
<Size Units='Pixels' Width='160' Height='160' />
</Image>
<Image Id='7' Native='False' Path='512963e26580a913.png' Format='png'>
<Size Units='Pixels' Width='81' Height='75' />
</Image>
<Image Id='8' Native='False' Path='30f2ae98f932ea45.png' Format='png'>
<Size Units='Pixels' Width='160' Height='160' />
</Image>
<Image Id='9' Native='False' Path='b71a78e540ad1eb2.png' Format='png'>
<Size Units='Pixels' Width='160' Height='160' />
</Image>
<Image Id='10' Native='False' Path='Button_Black_130x45_0.png' Format='png'>
<Size Units='Pixels' Width='130' Height='45' />
</Image>
<Image Id='11' Native='False' Path='Button_Blue_130x45.png' Format='png'>
<Size Units='Pixels' Width='130' Height='45' />
</Image>
<Image Id='12' Native='False' Path='bf420d5ea84a8fcb.png' Format='png'>
<Size Units='Pixels' Width='100' Height='100' />
</Image>
<Image Id='13' Native='False' Path='d472f7c267cf598a.png' Format='png'>
<Size Units='Pixels' Width='100' Height='100' />
</Image>
<Image Id='14' Native='False' Path='7dc620b750b4547f.png' Format='png'>
<Size Units='Pixels' Width='100' Height='100' />
</Image>
<Image Id='15' Native='False' Path='1e3b202c8db6bd5.png' Format='png'>
<Size Units='Pixels' Width='100' Height='100' />
</Image>
<Image Id='16' Native='False' Path='52980b00930d8b17.png' Format='png'>
<Size Units='Pixels' Width='100' Height='100' />
</Image>
<Image Id='17' Native='False' Path='80554679caef1ef4.png' Format='png'>
<Size Units='Pixels' Width='100' Height='100' />
</Image>
<Image Id='18' Native='False' Path='aero_radio-180x180_0.png' Format='png'>
<Size Units='Pixels' Width='180' Height='180' />
</Image>
<Image Id='19' Native='False' Path='Glowing-Pill_30x12_0.png' Format='png'>
<Size Units='Pixels' Width='30' Height='12' />
</Image>
<Image Id='20' Native='False' Path='Glowing-Pill_40x16_1.png' Format='png'>
<Size Units='Pixels' Width='40' Height='16' />
</Image>
<Image Id='21' Native='False' Path='e4e1000da8010241.png' Format='png'>
<Size Units='Pixels' Width='160' Height='160' />
</Image>
<Image Id='22' Native='False' Path='ps_xm_sat_radio-180x180_0.png' Format='png'>
<Size Units='Pixels' Width='180' Height='180' />
</Image>
<Image Id='23' Native='False' Path='MMS_icon_180x180.png' Format='png'>
<Size Units='Pixels' Width='180' Height='180' />
</Image>
<Image Id='24' Native='False' Path='Shadow_277x30_30.png' Format='png'>
<Size Units='Pixels' Width='277' Height='30' />
</Image>
<Image Id='25' Native='False' Path='aero_musical_notes_yellow_180x180.png' Format='png'>
<Size Units='Pixels' Width='180' Height='180' />
</Image>
<Image Id='26' Native='False' Path='Place_672x288.png' Format='png'>
<Size Units='Pixels' Width='672' Height='288' />
</Image>
<Image Id='27' Native='False' Path='MTROL_20Logo.png' Format='png'>
<Size Units='Pixels' Width='465' Height='300' />
</Image>
<Image Id='28' Native='False' Path='aero_cable_box_dish_180x180_0.png' Format='png'>
<Size Units='Pixels' Width='180' Height='180' />
</Image>
<Image Id='29' Native='False' Path='aero_disc_bluray_180x180_0.png' Format='png'>
<Size Units='Pixels' Width='180' Height='180' />
</Image>
<Image Id='30' Native='False' Path='ps_apple_tv-180x180_0.png' Format='png'>
<Size Units='Pixels' Width='180' Height='180' />
</Image>
<Image Id='31' Native='False' Path='aero_cable_box_180x180_0.png' Format='png'>
<Size Units='Pixels' Width='180' Height='180' />
</Image>
<Image Id='32' Native='False' Path='ps_kaleidescape_logo-90x90.png' Format='png'>
<Size Units='Pixels' Width='90' Height='90' />
</Image>
<Image Id='33' Native='False' Path='Place_672x112.png' Format='png'>
<Size Units='Pixels' Width='672' Height='112' />
</Image>
<Image Id='34' Native='False' Path='Navigation_00_Base.png' Format='png'>
<Size Units='Pixels' Width='220' Height='220' />
</Image>
<Image Id='35' Native='False' Path='Navigation_01_Up.png' Format='png'>
<Size Units='Pixels' Width='220' Height='220' />
</Image>
<Image Id='36' Native='False' Path='Navigation_02_Down.png' Format='png'>
<Size Units='Pixels' Width='220' Height='220' />
</Image>
<Image Id='37' Native='False' Path='Navigation_03_Left.png' Format='png'>
<Size Units='Pixels' Width='220' Height='220' />
</Image>
<Image Id='38' Native='False' Path='Navigation_04_Right.png' Format='png'>
<Size Units='Pixels' Width='220' Height='220' />
</Image>
<Image Id='39' Native='False' Path='Navigation_05_OK.png' Format='png'>
<Size Units='Pixels' Width='220' Height='220' />
</Image>
<Image Id='40' Native='False' Path='Place_220x220.png' Format='png'>
<Size Units='Pixels' Width='220' Height='220' />
</Image>
<Image Id='41' Native='False' Path='Button_Black_66x45.png' Format='png'>
<Size Units='Pixels' Width='66' Height='45' />
</Image>
<Image Id='42' Native='False' Path='Button_Blue_66x45.png' Format='png'>
<Size Units='Pixels' Width='66' Height='45' />
</Image>
<Image Id='43' Native='False' Path='Button_Black_100x45.png' Format='png'>
<Size Units='Pixels' Width='100' Height='45' />
</Image>
<Image Id='44' Native='False' Path='Button_Blue_100x45.png' Format='png'>
<Size Units='Pixels' Width='100' Height='45' />
</Image>
<Image Id='45' Native='False' Path='8e64885034585d4d.png' Format='png'>
<Size Units='Pixels' Width='100' Height='100' />
</Image>
<Image Id='46' Native='False' Path='8049b43e85529233.png' Format='png'>
<Size Units='Pixels' Width='100' Height='100' />
</Image>
<Image Id='47' Native='False' Path='f5516b800146a29b.png' Format='png'>
<Size Units='Pixels' Width='100' Height='100' />
</Image>
<Image Id='48' Native='False' Path='6a194cdaa5361585.png' Format='png'>
<Size Units='Pixels' Width='100' Height='100' />
</Image>
<Image Id='49' Native='False' Path='20dab40fa2cb37b.png' Format='png'>
<Size Units='Pixels' Width='100' Height='100' />
</Image>
<Image Id='50' Native='False' Path='990a23704500cbac.png' Format='png'>
<Size Units='Pixels' Width='100' Height='100' />
</Image>
<Image Id='51' Native='False' Path='271498b24b5ad99d.png' Format='png'>
<Size Units='Pixels' Width='100' Height='100' />
</Image>
<Image Id='52' Native='False' Path='d1b0d73e288caf74.png' Format='png'>
<Size Units='Pixels' Width='100' Height='100' />
</Image>
<Image Id='53' Native='False' Path='2eb807a8a368ec1.png' Format='png'>
<Size Units='Pixels' Width='100' Height='100' />
</Image>
<Image Id='54' Native='False' Path='d83d8b1b7d799bb9.png' Format='png'>
<Size Units='Pixels' Width='100' Height='100' />
</Image>
<Image Id='55' Native='False' Path='543a1583620cdc79.png' Format='png'>
<Size Units='Pixels' Width='100' Height='100' />
</Image>
<Image Id='56' Native='False' Path='956b689acb079628.png' Format='png'>
<Size Units='Pixels' Width='100' Height='100' />
</Image>
<Image Id='57' Native='False' Path='7e84b7da6d126029.png' Format='png'>
<Size Units='Pixels' Width='100' Height='100' />
</Image>
<Image Id='58' Native='False' Path='72d52fdd4343832e.png' Format='png'>
<Size Units='Pixels' Width='100' Height='100' />
</Image>
<Image Id='59' Native='False' Path='90e4f69f97c920c9.png' Format='png'>
<Size Units='Pixels' Width='100' Height='100' />
</Image>
<Image Id='60' Native='False' Path='4f5283a2dbee0e8e.png' Format='png'>
<Size Units='Pixels' Width='100' Height='100' />
</Image>
<Image Id='61' Native='False' Path='2172c1323d6ae823.png' Format='png'>
<Size Units='Pixels' Width='100' Height='100' />
</Image>
<Image Id='62' Native='False' Path='1c2e749d38a334e0.png' Format='png'>
<Size Units='Pixels' Width='100' Height='100' />
</Image>
<Image Id='63' Native='False' Path='5b5669955dae24dd.png' Format='png'>
<Size Units='Pixels' Width='100' Height='100' />
</Image>
<Image Id='64' Native='False' Path='38d47cd8ba6c8417.png' Format='png'>
<Size Units='Pixels' Width='100' Height='100' />
</Image>
<Image Id='65' Native='False' Path='5a549149c20065f5.png' Format='png'>
<Size Units='Pixels' Width='100' Height='100' />
</Image>
<Image Id='66' Native='False' Path='1bf341ed29721647.png' Format='png'>
<Size Units='Pixels' Width='100' Height='100' />
</Image>
<Image Id='67' Native='False' Path='ad60de5079fd7ff0.png' Format='png'>
<Size Units='Pixels' Width='100' Height='100' />
</Image>
<Image Id='68' Native='False' Path='8e1bd9a3653ed193.png' Format='png'>
<Size Units='Pixels' Width='100' Height='100' />
</Image>
<Image Id='69' Native='False' Path='ba0da20b8d1f95ad.png' Format='png'>
<Size Units='Pixels' Width='100' Height='100' />
</Image>
<Image Id='70' Native='False' Path='e42e1d3c60c933ed.png' Format='png'>
<Size Units='Pixels' Width='100' Height='100' />
</Image>
<Image Id='71' Native='False' Path='339462a8b64aa0ff.png' Format='png'>
<Size Units='Pixels' Width='100' Height='100' />
</Image>
<Image Id='72' Native='False' Path='edb5d73d327e034.png' Format='png'>
<Size Units='Pixels' Width='100' Height='100' />
</Image>
<Image Id='73' Native='False' Path='e7d03755e82cff3d.png' Format='png'>
<Size Units='Pixels' Width='100' Height='100' />
</Image>
<Image Id='74' Native='False' Path='e5c370ec686b73a1.png' Format='png'>
<Size Units='Pixels' Width='100' Height='100' />
</Image>
<Image Id='75' Native='False' Path='Climate_0.png' Format='png'>
<Size Units='Pixels' Width='120' Height='120' />
</Image>
<Image Id='76' Native='False' Path='Climate_1.png' Format='png'>
<Size Units='Pixels' Width='120' Height='120' />
</Image>
<Image Id='77' Native='False' Path='e1f6d8ab49c47ce7.png' Format='png'>
<Size Units='Pixels' Width='160' Height='160' />
</Image>
<Image Id='78' Native='False' Path='26f14831fdb01624.png' Format='png'>
<Size Units='Pixels' Width='353' Height='8' />
</Image>
<Image Id='79' Native='False' Path='security.png' Format='png'>
<Size Units='Pixels' Width='512' Height='512' />
</Image>
<Image Id='80' Native='False' Path='aero_swimming_pool_180x180.png' Format='png'>
<Size Units='Pixels' Width='180' Height='180' />
</Image>
<Image Id='81' Native='False' Path='hbo-hd_100x70_white_gloss_border.png' Format='png'>
<Size Units='Pixels' Width='110' Height='77' />
</Image>
<Image Id='82' Native='False' Path='cinemax_100x70_white_gloss_border.png' Format='png'>
<Size Units='Pixels' Width='110' Height='77' />
</Image>
<Image Id='83' Native='False' Path='HBO_20Family_20(East)_100x70_white_gloss_border.png' Format='png'>
<Size Units='Pixels' Width='110' Height='77' />
</Image>
<Image Id='84' Native='False' Path='hdnetmovies_100x70_white_gloss_border.png' Format='png'>
<Size Units='Pixels' Width='110' Height='77' />
</Image>
<Image Id='85' Native='False' Path='amc_100x70_white_gloss_border.png' Format='png'>
<Size Units='Pixels' Width='110' Height='77' />
</Image>
<Image Id='86' Native='False' Path='showtime-hd_100x70_white_gloss_border.png' Format='png'>
<Size Units='Pixels' Width='110' Height='77' />
</Image>
<Image Id='87' Native='False' Path='More_20MAX_100x70_white_gloss_border.png' Format='png'>
<Size Units='Pixels' Width='110' Height='77' />
</Image>
<Image Id='88' Native='False' Path='hdnet_100x70_white_gloss_border.png' Format='png'>
<Size Units='Pixels' Width='110' Height='77' />
</Image>
<Image Id='89' Native='False' Path='shotime-extreme_100x70_white_gloss_border.png' Format='png'>
<Size Units='Pixels' Width='110' Height='77' />
</Image>
<Image Id='90' Native='False' Path='ESPN_20HD_100x70_white_gloss_border.png' Format='png'>
<Size Units='Pixels' Width='110' Height='77' />
</Image>
<Image Id='91' Native='False' Path='espn-2-hd_100x70_white_gloss_border.png' Format='png'>
<Size Units='Pixels' Width='110' Height='77' />
</Image>
<Image Id='92' Native='False' Path='speed-channel_100x70_white_gloss_border.png' Format='png'>
<Size Units='Pixels' Width='110' Height='77' />
</Image>
<Image Id='93' Native='False' Path='tbs_100x70_white_gloss_border.png' Format='png'>
<Size Units='Pixels' Width='110' Height='77' />
</Image>
<Image Id='94' Native='False' Path='golf-channel_100x70_white_gloss_border.png' Format='png'>
<Size Units='Pixels' Width='110' Height='77' />
</Image>
<Image Id='95' Native='False' Path='tnt_100x70_white_gloss_border.png' Format='png'>
<Size Units='Pixels' Width='110' Height='77' />
</Image>
<Image Id='96' Native='False' Path='fsn-fox-sports-net_100x70_white_gloss_border.png' Format='png'>
<Size Units='Pixels' Width='110' Height='77' />
</Image>
<Image Id='97' Native='False' Path='FSN_cmyk_100x70_white_gloss_border.png' Format='png'>
<Size Units='Pixels' Width='110' Height='77' />
</Image>
<Image Id='98' Native='False' Path='mlb-extra-innings_100x70_white_gloss_border.png' Format='png'>
<Size Units='Pixels' Width='110' Height='77' />
</Image>
<Image Id='99' Native='False' Path='wlwt2_100x70_white_gloss_border.png' Format='png'>
<Size Units='Pixels' Width='110' Height='77' />
</Image>
<Image Id='100' Native='False' Path='wcpo_100x70_white_gloss_border.png' Format='png'>
<Size Units='Pixels' Width='110' Height='77' />
</Image>
<Image Id='101' Native='False' Path='wkrc_100x70_white_gloss_border.png' Format='png'>
<Size Units='Pixels' Width='110' Height='77' />
</Image>
<Image Id='102' Native='False' Path='wxix_100x70_white_gloss_border.png' Format='png'>
<Size Units='Pixels' Width='110' Height='77' />
</Image>
<Image Id='103' Native='False' Path='wcet_logo_20small_100x70_white_gloss_border.png' Format='png'>
<Size Units='Pixels' Width='110' Height='77' />
</Image>
<Image Id='104' Native='False' Path='WBDT_dayton_cw_100x70_white_gloss_border.png' Format='png'>
<Size Units='Pixels' Width='110' Height='77' />
</Image>
<Image Id='105' Native='False' Path='cnn_100x70_white_gloss_border.png' Format='png'>
<Size Units='Pixels' Width='110' Height='77' />
</Image>
<Image Id='106' Native='False' Path='weather_channel_100x70_white_gloss_border.png' Format='png'>
<Size Units='Pixels' Width='110' Height='77' />
</Image>
<Image Id='107' Native='False' Path='cnbc_100x70_white_gloss_border.png' Format='png'>
<Size Units='Pixels' Width='110' Height='77' />
</Image>
<Image Id='108' Native='False' Path='g4_100x70_white_gloss_border.png' Format='png'>
<Size Units='Pixels' Width='110' Height='77' />
</Image>
<Image Id='109' Native='False' Path='E!_20Entertainment_20Television_100x70_white_gloss_border.png' Format='png'>
<Size Units='Pixels' Width='110' Height='77' />
</Image>
<Image Id='110' Native='False' Path='national-geographic-channel-hd_100x70_white_gloss_border.png' Format='png'>
<Size Units='Pixels' Width='110' Height='77' />
</Image>
<Image Id='111' Native='False' Path='Fox_20News_20Channel_100x70_white_gloss_border.png' Format='png'>
<Size Units='Pixels' Width='110' Height='77' />
</Image>
<Image Id='112' Native='False' Path='Headline_20News_100x70_white_gloss_border.png' Format='png'>
<Size Units='Pixels' Width='110' Height='77' />
</Image>
<Image Id='113' Native='False' Path='MSNBC_100x70_white_gloss_border.png' Format='png'>
<Size Units='Pixels' Width='110' Height='77' />
</Image>
<Image Id='114' Native='False' Path='PBS_20Kids_100x70_white_gloss_border.png' Format='png'>
<Size Units='Pixels' Width='110' Height='77' />
</Image>
<Image Id='115' Native='False' Path='toon-disney_100x70_white_gloss_border.png' Format='png'>
<Size Units='Pixels' Width='110' Height='77' />
</Image>
<Image Id='116' Native='False' Path='history-channel_100x70_white_gloss_border.png' Format='png'>
<Size Units='Pixels' Width='110' Height='77' />
</Image>
<Image Id='117' Native='False' Path='tlc_100x70_white_gloss_border.png' Format='png'>
<Size Units='Pixels' Width='110' Height='77' />
</Image>
<Image Id='118' Native='False' Path='Noggin_20-_20The_20N_100x70_white_gloss_border.png' Format='png'>
<Size Units='Pixels' Width='110' Height='77' />
</Image>
<Image Id='119' Native='False' Path='Nickelodeon_100x70_white_gloss_border.png' Format='png'>
<Size Units='Pixels' Width='110' Height='77' />
</Image>
<Image Id='120' Native='False' Path='nicktoons-network_100x70_white_gloss_border.png' Format='png'>
<Size Units='Pixels' Width='110' Height='77' />
</Image>
<Image Id='121' Native='False' Path='cartoon-network_100x70_white_gloss_border.png' Format='png'>
<Size Units='Pixels' Width='110' Height='77' />
</Image>
<Image Id='122' Native='False' Path='Discovery_20HD_20Theater_100x70_white_gloss_border.png' Format='png'>
<Size Units='Pixels' Width='110' Height='77' />
</Image>
<Image Id='123' Native='False' Path='aero_jukebox_180x180_0.png' Format='png'>
<Size Units='Pixels' Width='180' Height='180' />
</Image>
<Image Id='124' Native='False' Path='ad20e420371c87de.png' Format='png'>
<Size Units='Pixels' Width='100' Height='100' />
</Image>
<Image Id='125' Native='False' Path='slider_indicator.png' Format='png'>
<Size Units='Pixels' Width='27' Height='46' />
</Image>
<Image Id='126' Native='False' Path='album_art_unavail_48.png' Format='png'>
<Size Units='Pixels' Width='48' Height='48' />
</Image>
<Image Id='127' Native='False' Path='00_blank.png' Format='png'>
<Size Units='Pixels' Width='108' Height='31' />
</Image>
<Image Id='128' Native='False' Path='01_lastfm.png' Format='png'>
<Size Units='Pixels' Width='108' Height='31' />
</Image>
<Image Id='129' Native='False' Path='02_Pandora.png' Format='png'>
<Size Units='Pixels' Width='108' Height='31' />
</Image>
<Image Id='130' Native='False' Path='03_SiriusXM.png' Format='png'>
<Size Units='Pixels' Width='108' Height='31' />
</Image>
<Image Id='131' Native='False' Path='04_Rhapsody.png' Format='png'>
<Size Units='Pixels' Width='108' Height='31' />
</Image>
<Image Id='132' Native='False' Path='05_Spotify.png' Format='png'>
<Size Units='Pixels' Width='108' Height='31' />
</Image>
<Image Id='133' Native='False' Path='06_tunein.png' Format='png'>
<Size Units='Pixels' Width='108' Height='31' />
</Image>
<Image Id='134' Native='False' Path='stars_blank.png' Format='png'>
<Size Units='Pixels' Width='92' Height='29' />
</Image>
<Image Id='135' Native='False' Path='stars_0.png' Format='png'>
<Size Units='Pixels' Width='92' Height='29' />
</Image>
<Image Id='136' Native='False' Path='stars_1.png' Format='png'>
<Size Units='Pixels' Width='92' Height='29' />
</Image>
<Image Id='137' Native='False' Path='stars_2.png' Format='png'>
<Size Units='Pixels' Width='92' Height='29' />
</Image>
<Image Id='138' Native='False' Path='stars_3.png' Format='png'>
<Size Units='Pixels' Width='92' Height='29' />
</Image>
<Image Id='139' Native='False' Path='stars_4.png' Format='png'>
<Size Units='Pixels' Width='92' Height='29' />
</Image>
<Image Id='140' Native='False' Path='stars_5.png' Format='png'>
<Size Units='Pixels' Width='92' Height='29' />
</Image>
<Image Id='141' Native='False' Path='progress_bar.png' Format='png'>
<Size Units='Pixels' Width='287' Height='15' />
</Image>
<Image Id='142' Native='False' Path='progress_indicator.png' Format='png'>
<Size Units='Pixels' Width='354' Height='14' />
</Image>
<Image Id='143' Native='False' Path='btn_55x43_0.png' Format='png'>
<Size Units='Pixels' Width='55' Height='43' />
</Image>
<Image Id='144' Native='False' Path='btn_55x43_1.png' Format='png'>
<Size Units='Pixels' Width='55' Height='43' />
</Image>
<Image Id='145' Native='False' Path='btn_235x50_0.png' Format='png'>
<Size Units='Pixels' Width='235' Height='50' />
</Image>
<Image Id='146' Native='False' Path='btn_235x50_1.png' Format='png'>
<Size Units='Pixels' Width='235' Height='50' />
</Image>
<Image Id='147' Native='False' Path='btn_65x43_0.png' Format='png'>
<Size Units='Pixels' Width='65' Height='43' />
</Image>
<Image Id='148' Native='False' Path='btn_65x43_1.png' Format='png'>
<Size Units='Pixels' Width='65' Height='43' />
</Image>
<Image Id='149' Native='False' Path='btn_85x43_0.png' Format='png'>
<Size Units='Pixels' Width='85' Height='43' />
</Image>
<Image Id='150' Native='False' Path='btn_85x43_1.png' Format='png'>
<Size Units='Pixels' Width='85' Height='43' />
</Image>
<Image Id='151' Native='False' Path='input_270x30.png' Format='png'>
<Size Units='Pixels' Width='270' Height='30' />
</Image>
</Resources>
</File>
