<?xml version='1.0' encoding='ISO-8859-1' ?>
<File Type='Application' Version='5.1.0'>
<Application Debug='False'>
<Platform Name='iPhone OS'>
<OS>10.5</OS>
<DeviceName>iPad</DeviceName>
<DisplayUnit>pixel</DisplayUnit>
<DisplayWidth>1024</DisplayWidth>
<DisplayHeight>748</DisplayHeight>
</Platform>
<Information>
<ToolName>Vtpro-e</ToolName>
<ToolVersion>5203</ToolVersion>
<Date>20130311031954</Date>
</Information>
<Setting>
<Port>41794</Port>
</Setting>
<ZOrder Fixed='True'/>
<RootPage>Main (01 Audio)</RootPage>
</Application>
</File>
