<?xml version='1.0' encoding='ISO-8859-1' ?>
<File Type='Page' Version='5.1.0'>
<Control Type='Subpage' Name='Lighting (02 Main)'>
<Position Units='Pixels' X='0' Y='0' />
<Size Units='Pixels' Width='774' Height='623' />
<VisualStyles>
<VisualStyle>
<Background>
<Color  R='0' G='0' B='0' A='0' />
</Background>
</VisualStyle>
</VisualStyles>
<Control Type='Button' Name='Image'>
<Position Units='Pixels' X='51' Y='39' />
<Size Units='Pixels' Width='672' Height='545' />
<VisualStyles>
<VisualStyle State='0' Mode='0'>
<Image Id='26' Alpha='1' />
</VisualStyle>
</VisualStyles>
</Control>
<Control Type='Button' Name='Button'>
<Position Units='Pixels' X='88' Y='127' />
<Size Units='Pixels' Width='130' Height='45' />
<VisualStyles>
<VisualStyle State='0' Mode='0'>
<Face Type='2D'>
<Color  R='1' G='1' B='1' A='0' />
</Face>
<Image Id='10' Alpha='1' />
<Text FontId='2' Alignment='CenterCenter' Wrap='False'>
<Bindings>
<Binding Id='601' Type='Serial' Property='Text'/>
</Bindings>
<Color  R='1' G='1' B='1' A='1' />
</Text>
</VisualStyle>
<VisualStyle State='1' Mode='0'>
<Face Type='2D'>
<Color  R='1' G='1' B='1' A='0' />
</Face>
<Image Id='11' Alpha='1' />
<Text FontId='2' Alignment='CenterCenter' Wrap='False'>
<Bindings>
<Binding Id='601' Type='Serial' Property='Text'/>
</Bindings>
<Color  R='1' G='1' B='1' A='1' />
</Text>
</VisualStyle>
</VisualStyles>
<Bindings>
<Binding Id='601' Type='Digital' Property='State'/>
</Bindings>
<Commands>
<Command Action='TouchDown' Id='601' Type='Digital' Value='True' />
<Command Action='TouchUp' Id='601' Type='Digital' Value='False' />
</Commands>
</Control>
<Control Type='Button' Name='Button'>
<Position Units='Pixels' X='246' Y='127' />
<Size Units='Pixels' Width='130' Height='45' />
<VisualStyles>
<VisualStyle State='0' Mode='0'>
<Face Type='2D'>
<Color  R='1' G='1' B='1' A='0' />
</Face>
<Image Id='10' Alpha='1' />
<Text FontId='2' Alignment='CenterCenter' Wrap='False'>
<Bindings>
<Binding Id='602' Type='Serial' Property='Text'/>
</Bindings>
<Color  R='1' G='1' B='1' A='1' />
</Text>
</VisualStyle>
<VisualStyle State='1' Mode='0'>
<Face Type='2D'>
<Color  R='1' G='1' B='1' A='0' />
</Face>
<Image Id='11' Alpha='1' />
<Text FontId='2' Alignment='CenterCenter' Wrap='False'>
<Bindings>
<Binding Id='602' Type='Serial' Property='Text'/>
</Bindings>
<Color  R='1' G='1' B='1' A='1' />
</Text>
</VisualStyle>
</VisualStyles>
<Bindings>
<Binding Id='602' Type='Digital' Property='State'/>
</Bindings>
<Commands>
<Command Action='TouchDown' Id='602' Type='Digital' Value='True' />
<Command Action='TouchUp' Id='602' Type='Digital' Value='False' />
</Commands>
</Control>
<Control Type='Button' Name='Button'>
<Position Units='Pixels' X='404' Y='127' />
<Size Units='Pixels' Width='130' Height='45' />
<VisualStyles>
<VisualStyle State='0' Mode='0'>
<Face Type='2D'>
<Color  R='1' G='1' B='1' A='0' />
</Face>
<Image Id='10' Alpha='1' />
<Text FontId='2' Alignment='CenterCenter' Wrap='False'>
<Bindings>
<Binding Id='603' Type='Serial' Property='Text'/>
</Bindings>
<Color  R='1' G='1' B='1' A='1' />
</Text>
</VisualStyle>
<VisualStyle State='1' Mode='0'>
<Face Type='2D'>
<Color  R='1' G='1' B='1' A='0' />
</Face>
<Image Id='11' Alpha='1' />
<Text FontId='2' Alignment='CenterCenter' Wrap='False'>
<Bindings>
<Binding Id='603' Type='Serial' Property='Text'/>
</Bindings>
<Color  R='1' G='1' B='1' A='1' />
</Text>
</VisualStyle>
</VisualStyles>
<Bindings>
<Binding Id='603' Type='Digital' Property='State'/>
</Bindings>
<Commands>
<Command Action='TouchDown' Id='603' Type='Digital' Value='True' />
<Command Action='TouchUp' Id='603' Type='Digital' Value='False' />
</Commands>
</Control>
<Control Type='Button' Name='Button'>
<Position Units='Pixels' X='88' Y='191' />
<Size Units='Pixels' Width='130' Height='45' />
<VisualStyles>
<VisualStyle State='0' Mode='0'>
<Face Type='2D'>
<Color  R='1' G='1' B='1' A='0' />
</Face>
<Image Id='10' Alpha='1' />
<Text FontId='2' Alignment='CenterCenter' Wrap='False'>
<Bindings>
<Binding Id='605' Type='Serial' Property='Text'/>
</Bindings>
<Color  R='1' G='1' B='1' A='1' />
</Text>
</VisualStyle>
<VisualStyle State='1' Mode='0'>
<Face Type='2D'>
<Color  R='1' G='1' B='1' A='0' />
</Face>
<Image Id='11' Alpha='1' />
<Text FontId='2' Alignment='CenterCenter' Wrap='False'>
<Bindings>
<Binding Id='605' Type='Serial' Property='Text'/>
</Bindings>
<Color  R='1' G='1' B='1' A='1' />
</Text>
</VisualStyle>
</VisualStyles>
<Bindings>
<Binding Id='605' Type='Digital' Property='State'/>
</Bindings>
<Commands>
<Command Action='TouchDown' Id='605' Type='Digital' Value='True' />
<Command Action='TouchUp' Id='605' Type='Digital' Value='False' />
</Commands>
</Control>
<Control Type='Button' Name='Button'>
<Position Units='Pixels' X='246' Y='191' />
<Size Units='Pixels' Width='130' Height='45' />
<VisualStyles>
<VisualStyle State='0' Mode='0'>
<Face Type='2D'>
<Color  R='1' G='1' B='1' A='0' />
</Face>
<Image Id='10' Alpha='1' />
<Text FontId='2' Alignment='CenterCenter' Wrap='False'>
<Bindings>
<Binding Id='606' Type='Serial' Property='Text'/>
</Bindings>
<Color  R='1' G='1' B='1' A='1' />
</Text>
</VisualStyle>
<VisualStyle State='1' Mode='0'>
<Face Type='2D'>
<Color  R='1' G='1' B='1' A='0' />
</Face>
<Image Id='11' Alpha='1' />
<Text FontId='2' Alignment='CenterCenter' Wrap='False'>
<Bindings>
<Binding Id='606' Type='Serial' Property='Text'/>
</Bindings>
<Color  R='1' G='1' B='1' A='1' />
</Text>
</VisualStyle>
</VisualStyles>
<Bindings>
<Binding Id='606' Type='Digital' Property='State'/>
</Bindings>
<Commands>
<Command Action='TouchDown' Id='606' Type='Digital' Value='True' />
<Command Action='TouchUp' Id='606' Type='Digital' Value='False' />
</Commands>
</Control>
<Control Type='Button' Name='Button'>
<Position Units='Pixels' X='404' Y='191' />
<Size Units='Pixels' Width='130' Height='45' />
<VisualStyles>
<VisualStyle State='0' Mode='0'>
<Face Type='2D'>
<Color  R='1' G='1' B='1' A='0' />
</Face>
<Image Id='10' Alpha='1' />
<Text FontId='2' Alignment='CenterCenter' Wrap='False'>
<Bindings>
<Binding Id='607' Type='Serial' Property='Text'/>
</Bindings>
<Color  R='1' G='1' B='1' A='1' />
</Text>
</VisualStyle>
<VisualStyle State='1' Mode='0'>
<Face Type='2D'>
<Color  R='1' G='1' B='1' A='0' />
</Face>
<Image Id='11' Alpha='1' />
<Text FontId='2' Alignment='CenterCenter' Wrap='False'>
<Bindings>
<Binding Id='607' Type='Serial' Property='Text'/>
</Bindings>
<Color  R='1' G='1' B='1' A='1' />
</Text>
</VisualStyle>
</VisualStyles>
<Bindings>
<Binding Id='607' Type='Digital' Property='State'/>
</Bindings>
<Commands>
<Command Action='TouchDown' Id='607' Type='Digital' Value='True' />
<Command Action='TouchUp' Id='607' Type='Digital' Value='False' />
</Commands>
</Control>
<Control Type='Button' Name='Button'>
<Position Units='Pixels' X='562' Y='127' />
<Size Units='Pixels' Width='130' Height='45' />
<VisualStyles>
<VisualStyle State='0' Mode='0'>
<Face Type='2D'>
<Color  R='1' G='1' B='1' A='0' />
</Face>
<Image Id='10' Alpha='1' />
<Text FontId='2' Alignment='CenterCenter' Wrap='False'>
<Bindings>
<Binding Id='604' Type='Serial' Property='Text'/>
</Bindings>
<Color  R='1' G='1' B='1' A='1' />
</Text>
</VisualStyle>
<VisualStyle State='1' Mode='0'>
<Face Type='2D'>
<Color  R='1' G='1' B='1' A='0' />
</Face>
<Image Id='11' Alpha='1' />
<Text FontId='2' Alignment='CenterCenter' Wrap='False'>
<Bindings>
<Binding Id='604' Type='Serial' Property='Text'/>
</Bindings>
<Color  R='1' G='1' B='1' A='1' />
</Text>
</VisualStyle>
</VisualStyles>
<Bindings>
<Binding Id='604' Type='Digital' Property='State'/>
</Bindings>
<Commands>
<Command Action='TouchDown' Id='604' Type='Digital' Value='True' />
<Command Action='TouchUp' Id='604' Type='Digital' Value='False' />
</Commands>
</Control>
<Control Type='Button' Name='Button'>
<Position Units='Pixels' X='562' Y='191' />
<Size Units='Pixels' Width='130' Height='45' />
<VisualStyles>
<VisualStyle State='0' Mode='0'>
<Face Type='2D'>
<Color  R='1' G='1' B='1' A='0' />
</Face>
<Image Id='10' Alpha='1' />
<Text FontId='2' Alignment='CenterCenter' Wrap='False'>
<Bindings>
<Binding Id='608' Type='Serial' Property='Text'/>
</Bindings>
<Color  R='1' G='1' B='1' A='1' />
</Text>
</VisualStyle>
<VisualStyle State='1' Mode='0'>
<Face Type='2D'>
<Color  R='1' G='1' B='1' A='0' />
</Face>
<Image Id='11' Alpha='1' />
<Text FontId='2' Alignment='CenterCenter' Wrap='False'>
<Bindings>
<Binding Id='608' Type='Serial' Property='Text'/>
</Bindings>
<Color  R='1' G='1' B='1' A='1' />
</Text>
</VisualStyle>
</VisualStyles>
<Bindings>
<Binding Id='608' Type='Digital' Property='State'/>
</Bindings>
<Commands>
<Command Action='TouchDown' Id='608' Type='Digital' Value='True' />
<Command Action='TouchUp' Id='608' Type='Digital' Value='False' />
</Commands>
</Control>
<Control Type='Button' Name='Button'>
<Position Units='Pixels' X='322' Y='255' />
<Size Units='Pixels' Width='130' Height='45' />
<VisualStyles>
<VisualStyle State='0' Mode='0'>
<Face Type='2D'>
<Color  R='1' G='1' B='1' A='0' />
</Face>
<Image Id='10' Alpha='1' />
<Text FontId='2' Alignment='CenterCenter' Wrap='False'>
<Bindings>
<Binding Id='609' Type='Serial' Property='Text'/>
</Bindings>
<Color  R='1' G='1' B='1' A='1' />
</Text>
</VisualStyle>
<VisualStyle State='1' Mode='0'>
<Face Type='2D'>
<Color  R='1' G='1' B='1' A='0' />
</Face>
<Image Id='11' Alpha='1' />
<Text FontId='2' Alignment='CenterCenter' Wrap='False'>
<Bindings>
<Binding Id='609' Type='Serial' Property='Text'/>
</Bindings>
<Color  R='1' G='1' B='1' A='1' />
</Text>
</VisualStyle>
</VisualStyles>
<Bindings>
<Binding Id='609' Type='Digital' Property='State'/>
</Bindings>
<Commands>
<Command Action='TouchDown' Id='609' Type='Digital' Value='True' />
<Command Action='TouchUp' Id='609' Type='Digital' Value='False' />
</Commands>
</Control>
<Control Type='Button' Name='Button'>
<Position Units='Pixels' X='164' Y='379' />
<Size Units='Pixels' Width='130' Height='45' />
<VisualStyles>
<VisualStyle State='0' Mode='0'>
<Face Type='2D'>
<Color  R='1' G='1' B='1' A='0' />
</Face>
<Image Id='10' Alpha='1' />
<Text FontId='2' Alignment='CenterCenter' Wrap='False'>
<Bindings>
<Binding Id='613' Type='Serial' Property='Text'/>
</Bindings>
<Color  R='1' G='1' B='1' A='1' />
</Text>
</VisualStyle>
<VisualStyle State='1' Mode='0'>
<Face Type='2D'>
<Color  R='1' G='1' B='1' A='0' />
</Face>
<Image Id='11' Alpha='1' />
<Text FontId='2' Alignment='CenterCenter' Wrap='False'>
<Bindings>
<Binding Id='613' Type='Serial' Property='Text'/>
</Bindings>
<Color  R='1' G='1' B='1' A='1' />
</Text>
</VisualStyle>
</VisualStyles>
<Bindings>
<Binding Id='613' Type='Digital' Property='State'/>
</Bindings>
<Commands>
<Command Action='TouchDown' Id='613' Type='Digital' Value='True' />
<Command Action='TouchUp' Id='613' Type='Digital' Value='False' />
</Commands>
</Control>
<Control Type='Button' Name='Button'>
<Position Units='Pixels' X='322' Y='379' />
<Size Units='Pixels' Width='130' Height='45' />
<VisualStyles>
<VisualStyle State='0' Mode='0'>
<Face Type='2D'>
<Color  R='1' G='1' B='1' A='0' />
</Face>
<Image Id='10' Alpha='1' />
<Text FontId='2' Alignment='CenterCenter' Wrap='False'>
<Bindings>
<Binding Id='614' Type='Serial' Property='Text'/>
</Bindings>
<Color  R='1' G='1' B='1' A='1' />
</Text>
</VisualStyle>
<VisualStyle State='1' Mode='0'>
<Face Type='2D'>
<Color  R='1' G='1' B='1' A='0' />
</Face>
<Image Id='11' Alpha='1' />
<Text FontId='2' Alignment='CenterCenter' Wrap='False'>
<Bindings>
<Binding Id='614' Type='Serial' Property='Text'/>
</Bindings>
<Color  R='1' G='1' B='1' A='1' />
</Text>
</VisualStyle>
</VisualStyles>
<Bindings>
<Binding Id='614' Type='Digital' Property='State'/>
</Bindings>
<Commands>
<Command Action='TouchDown' Id='614' Type='Digital' Value='True' />
<Command Action='TouchUp' Id='614' Type='Digital' Value='False' />
</Commands>
</Control>
<Control Type='Button' Name='Button'>
<Position Units='Pixels' X='480' Y='379' />
<Size Units='Pixels' Width='130' Height='45' />
<VisualStyles>
<VisualStyle State='0' Mode='0'>
<Face Type='2D'>
<Color  R='1' G='1' B='1' A='0' />
</Face>
<Image Id='10' Alpha='1' />
<Text FontId='2' Alignment='CenterCenter' Wrap='False'>
<Bindings>
<Binding Id='615' Type='Serial' Property='Text'/>
</Bindings>
<Color  R='1' G='1' B='1' A='1' />
</Text>
</VisualStyle>
<VisualStyle State='1' Mode='0'>
<Face Type='2D'>
<Color  R='1' G='1' B='1' A='0' />
</Face>
<Image Id='11' Alpha='1' />
<Text FontId='2' Alignment='CenterCenter' Wrap='False'>
<Bindings>
<Binding Id='615' Type='Serial' Property='Text'/>
</Bindings>
<Color  R='1' G='1' B='1' A='1' />
</Text>
</VisualStyle>
</VisualStyles>
<Bindings>
<Binding Id='615' Type='Digital' Property='State'/>
</Bindings>
<Commands>
<Command Action='TouchDown' Id='615' Type='Digital' Value='True' />
<Command Action='TouchUp' Id='615' Type='Digital' Value='False' />
</Commands>
</Control>
<Control Type='Button' Name='Button'>
<Position Units='Pixels' X='164' Y='507' />
<Size Units='Pixels' Width='130' Height='45' />
<VisualStyles>
<VisualStyle State='0' Mode='0'>
<Face Type='2D'>
<Color  R='1' G='1' B='1' A='0' />
</Face>
<Image Id='10' Alpha='1' />
<Text FontId='2' Alignment='CenterCenter' Wrap='False'>
<Bindings>
<Binding Id='613' Type='Serial' Property='Text'/>
</Bindings>
<Color  R='1' G='1' B='1' A='1' />
</Text>
</VisualStyle>
<VisualStyle State='1' Mode='0'>
<Face Type='2D'>
<Color  R='1' G='1' B='1' A='0' />
</Face>
<Image Id='11' Alpha='1' />
<Text FontId='2' Alignment='CenterCenter' Wrap='False'>
<Bindings>
<Binding Id='613' Type='Serial' Property='Text'/>
</Bindings>
<Color  R='1' G='1' B='1' A='1' />
</Text>
</VisualStyle>
</VisualStyles>
<Bindings>
<Binding Id='613' Type='Digital' Property='State'/>
</Bindings>
<Commands>
<Command Action='TouchDown' Id='613' Type='Digital' Value='True' />
<Command Action='TouchUp' Id='613' Type='Digital' Value='False' />
</Commands>
</Control>
<Control Type='Button' Name='Button'>
<Position Units='Pixels' X='322' Y='507' />
<Size Units='Pixels' Width='130' Height='45' />
<VisualStyles>
<VisualStyle State='0' Mode='0'>
<Face Type='2D'>
<Color  R='1' G='1' B='1' A='0' />
</Face>
<Image Id='10' Alpha='1' />
<Text FontId='2' Alignment='CenterCenter' Wrap='False'>
<Bindings>
<Binding Id='614' Type='Serial' Property='Text'/>
</Bindings>
<Color  R='1' G='1' B='1' A='1' />
</Text>
</VisualStyle>
<VisualStyle State='1' Mode='0'>
<Face Type='2D'>
<Color  R='1' G='1' B='1' A='0' />
</Face>
<Image Id='11' Alpha='1' />
<Text FontId='2' Alignment='CenterCenter' Wrap='False'>
<Bindings>
<Binding Id='614' Type='Serial' Property='Text'/>
</Bindings>
<Color  R='1' G='1' B='1' A='1' />
</Text>
</VisualStyle>
</VisualStyles>
<Bindings>
<Binding Id='614' Type='Digital' Property='State'/>
</Bindings>
<Commands>
<Command Action='TouchDown' Id='614' Type='Digital' Value='True' />
<Command Action='TouchUp' Id='614' Type='Digital' Value='False' />
</Commands>
</Control>
<Control Type='Button' Name='Button'>
<Position Units='Pixels' X='480' Y='507' />
<Size Units='Pixels' Width='130' Height='45' />
<VisualStyles>
<VisualStyle State='0' Mode='0'>
<Face Type='2D'>
<Color  R='1' G='1' B='1' A='0' />
</Face>
<Image Id='10' Alpha='1' />
<Text FontId='2' Alignment='CenterCenter' Wrap='False'>
<Bindings>
<Binding Id='615' Type='Serial' Property='Text'/>
</Bindings>
<Color  R='1' G='1' B='1' A='1' />
</Text>
</VisualStyle>
<VisualStyle State='1' Mode='0'>
<Face Type='2D'>
<Color  R='1' G='1' B='1' A='0' />
</Face>
<Image Id='11' Alpha='1' />
<Text FontId='2' Alignment='CenterCenter' Wrap='False'>
<Bindings>
<Binding Id='615' Type='Serial' Property='Text'/>
</Bindings>
<Color  R='1' G='1' B='1' A='1' />
</Text>
</VisualStyle>
</VisualStyles>
<Bindings>
<Binding Id='615' Type='Digital' Property='State'/>
</Bindings>
<Commands>
<Command Action='TouchDown' Id='615' Type='Digital' Value='True' />
<Command Action='TouchUp' Id='615' Type='Digital' Value='False' />
</Commands>
</Control>
<Control Type='Button' Name='Text'>
<Position Units='Pixels' X='63' Y='56' />
<Size Units='Pixels' Width='645' Height='76' />
<VisualStyles>
<VisualStyle State='0' Mode='0'>
<Text Id='97' FontId='10' Alignment='CenterCenter' Wrap='False'>
<Color  R='1' G='1' B='1' A='1' />
</Text>
</VisualStyle>
</VisualStyles>
</Control>
<Control Type='Button' Name='Text'>
<Position Units='Pixels' X='65' Y='308' />
<Size Units='Pixels' Width='645' Height='76' />
<VisualStyles>
<VisualStyle State='0' Mode='0'>
<Text Id='98' FontId='10' Alignment='CenterCenter' Wrap='False'>
<Color  R='1' G='1' B='1' A='1' />
</Text>
</VisualStyle>
</VisualStyles>
</Control>
<Control Type='Button' Name='Text'>
<Position Units='Pixels' X='63' Y='436' />
<Size Units='Pixels' Width='645' Height='76' />
<VisualStyles>
<VisualStyle State='0' Mode='0'>
<Text Id='99' FontId='10' Alignment='CenterCenter' Wrap='False'>
<Color  R='1' G='1' B='1' A='1' />
</Text>
</VisualStyle>
</VisualStyles>
</Control>
</Control>
</File>
