<?xml version='1.0' encoding='ISO-8859-1' ?>
<File Type='Page' Version='5.1.0'>
<Control Type='Subpage' Name='Main (02 Video Sources Bar)'>
<Position Units='Pixels' X='0' Y='0' />
<Size Units='Pixels' Width='774' Height='125' />
<VisualStyles>
<VisualStyle>
<Background>
<Color  R='0' G='0' B='0' A='0' />
</Background>
<Image Id='2' />
</VisualStyle>
</VisualStyles>
<Control Type='Button' Name='Button'>
<Position Units='Pixels' X='33' Y='26' />
<Size Units='Pixels' Width='72' Height='72' />
<VisualStyles>
<VisualStyle State='0' Mode='0'>
<Face Type='2D'>
<Color  R='1' G='1' B='1' A='0' />
</Face>
<Image Id='28' Alpha='1' />
</VisualStyle>
<VisualStyle State='1' Mode='0'>
<Face Type='2D'>
<Color  R='1' G='1' B='1' A='0' />
</Face>
<Image Id='28' Alpha='1' />
</VisualStyle>
</VisualStyles>
<Bindings>
<Binding Id='341' Type='Digital' Property='State'/>
</Bindings>
<Commands>
<Command Action='TouchDown' Id='341' Type='Digital' Value='True' />
<Command Action='TouchUp' Id='341' Type='Digital' Value='False' />
</Commands>
</Control>
<Control Type='Button' Name='Button'>
<Position Units='Pixels' X='54' Y='8' />
<Size Units='Pixels' Width='30' Height='12' />
<VisualStyles>
<VisualStyle State='0' Mode='0'>
<Face Type='2D'>
<Color  R='1' G='1' B='1' A='0' />
</Face>
<Image Id='19' Alpha='1' />
</VisualStyle>
<VisualStyle State='1' Mode='0'>
<Face Type='2D'>
<Color  R='1' G='1' B='1' A='0' />
</Face>
<Image Id='20' Alpha='1' />
</VisualStyle>
</VisualStyles>
<Bindings>
<Binding Id='341' Type='Digital' Property='State'/>
</Bindings>
<Commands>
<Command Action='TouchDown' Id='341' Type='Digital' Value='True' />
<Command Action='TouchUp' Id='341' Type='Digital' Value='False' />
</Commands>
</Control>
<Control Type='Button' Name='Button'>
<Position Units='Pixels' X='663' Y='26' />
<Size Units='Pixels' Width='72' Height='72' />
<VisualStyles>
<VisualStyle State='0' Mode='0'>
<Face Type='2D'>
<Color  R='1' G='1' B='1' A='0' />
</Face>
<Image Id='21' Alpha='1' />
</VisualStyle>
<VisualStyle State='1' Mode='0'>
<Face Type='2D'>
<Color  R='1' G='1' B='1' A='0' />
</Face>
<Image Id='21' Alpha='1' />
</VisualStyle>
</VisualStyles>
<Bindings>
<Binding Id='300' Type='Digital' Property='State'/>
</Bindings>
<Commands>
<Command Action='TouchDown' Id='300' Type='Digital' Value='True' />
<Command Action='TouchUp' Id='300' Type='Digital' Value='False' />
</Commands>
</Control>
<Control Type='Button' Name='Button'>
<Position Units='Pixels' X='684' Y='8' />
<Size Units='Pixels' Width='30' Height='12' />
<VisualStyles>
<VisualStyle State='0' Mode='0'>
<Face Type='2D'>
<Color  R='1' G='1' B='1' A='0' />
</Face>
<Image Id='19' Alpha='1' />
</VisualStyle>
<VisualStyle State='1' Mode='0'>
<Face Type='2D'>
<Color  R='1' G='1' B='1' A='0' />
</Face>
<Image Id='20' Alpha='1' />
</VisualStyle>
</VisualStyles>
<Bindings>
<Binding Id='300' Type='Digital' Property='State'/>
</Bindings>
<Commands>
<Command Action='TouchDown' Id='300' Type='Digital' Value='True' />
<Command Action='TouchUp' Id='300' Type='Digital' Value='False' />
</Commands>
</Control>
<Control Type='Button' Name='Button'>
<Position Units='Pixels' X='348' Y='26' />
<Size Units='Pixels' Width='72' Height='72' />
<VisualStyles>
<VisualStyle State='0' Mode='0'>
<Face Type='2D'>
<Color  R='1' G='1' B='1' A='0' />
</Face>
<Image Id='29' Alpha='1' />
</VisualStyle>
<VisualStyle State='1' Mode='0'>
<Face Type='2D'>
<Color  R='1' G='1' B='1' A='0' />
</Face>
<Image Id='29' Alpha='1' />
</VisualStyle>
</VisualStyles>
<Bindings>
<Binding Id='328' Type='Digital' Property='State'/>
</Bindings>
<Commands>
<Command Action='TouchDown' Id='328' Type='Digital' Value='True' />
<Command Action='TouchUp' Id='328' Type='Digital' Value='False' />
</Commands>
</Control>
<Control Type='Button' Name='Button'>
<Position Units='Pixels' X='453' Y='26' />
<Size Units='Pixels' Width='72' Height='72' />
<VisualStyles>
<VisualStyle State='0' Mode='0'>
<Face Type='2D'>
<Color  R='1' G='1' B='1' A='0' />
</Face>
<Image Id='30' Alpha='1' />
</VisualStyle>
<VisualStyle State='1' Mode='0'>
<Face Type='2D'>
<Color  R='1' G='1' B='1' A='0' />
</Face>
<Image Id='30' Alpha='1' />
</VisualStyle>
</VisualStyles>
<Bindings>
<Binding Id='327' Type='Digital' Property='State'/>
</Bindings>
<Commands>
<Command Action='TouchDown' Id='327' Type='Digital' Value='True' />
<Command Action='TouchUp' Id='327' Type='Digital' Value='False' />
</Commands>
</Control>
<Control Type='Button' Name='Button'>
<Position Units='Pixels' X='264' Y='8' />
<Size Units='Pixels' Width='30' Height='12' />
<VisualStyles>
<VisualStyle State='0' Mode='0'>
<Face Type='2D'>
<Color  R='1' G='1' B='1' A='0' />
</Face>
<Image Id='19' Alpha='1' />
</VisualStyle>
<VisualStyle State='1' Mode='0'>
<Face Type='2D'>
<Color  R='1' G='1' B='1' A='0' />
</Face>
<Image Id='20' Alpha='1' />
</VisualStyle>
</VisualStyles>
<Bindings>
<Binding Id='344' Type='Digital' Property='State'/>
</Bindings>
<Commands>
<Command Action='TouchDown' Id='344' Type='Digital' Value='True' />
<Command Action='TouchUp' Id='344' Type='Digital' Value='False' />
</Commands>
</Control>
<Control Type='Button' Name='Button'>
<Position Units='Pixels' X='474' Y='8' />
<Size Units='Pixels' Width='30' Height='12' />
<VisualStyles>
<VisualStyle State='0' Mode='0'>
<Face Type='2D'>
<Color  R='1' G='1' B='1' A='0' />
</Face>
<Image Id='19' Alpha='1' />
</VisualStyle>
<VisualStyle State='1' Mode='0'>
<Face Type='2D'>
<Color  R='1' G='1' B='1' A='0' />
</Face>
<Image Id='20' Alpha='1' />
</VisualStyle>
</VisualStyles>
<Bindings>
<Binding Id='327' Type='Digital' Property='State'/>
</Bindings>
<Commands>
<Command Action='TouchDown' Id='327' Type='Digital' Value='True' />
<Command Action='TouchUp' Id='327' Type='Digital' Value='False' />
</Commands>
</Control>
<Control Type='Button' Name='Text'>
<Position Units='Pixels' X='7' Y='93' />
<Size Units='Pixels' Width='125' Height='32' />
<VisualStyles>
<VisualStyle State='0' Mode='0'>
<Text Id='33' FontId='1' Alignment='CenterCenter' Wrap='False'>
<Color  R='1' G='1' B='1' A='1' />
</Text>
</VisualStyle>
</VisualStyles>
</Control>
<Control Type='Button' Name='Text'>
<Position Units='Pixels' X='217' Y='93' />
<Size Units='Pixels' Width='125' Height='32' />
<VisualStyles>
<VisualStyle State='0' Mode='0'>
<Text Id='34' FontId='1' Alignment='CenterCenter' Wrap='False'>
<Color  R='1' G='1' B='1' A='1' />
</Text>
</VisualStyle>
</VisualStyles>
</Control>
<Control Type='Button' Name='Text'>
<Position Units='Pixels' X='427' Y='93' />
<Size Units='Pixels' Width='125' Height='32' />
<VisualStyles>
<VisualStyle State='0' Mode='0'>
<Text Id='35' FontId='1' Alignment='CenterCenter' Wrap='False'>
<Color  R='1' G='1' B='1' A='1' />
</Text>
</VisualStyle>
</VisualStyles>
</Control>
<Control Type='Button' Name='Text'>
<Position Units='Pixels' X='637' Y='93' />
<Size Units='Pixels' Width='125' Height='32' />
<VisualStyles>
<VisualStyle State='0' Mode='0'>
<Text Id='7' FontId='1' Alignment='CenterCenter' Wrap='False'>
<Color  R='1' G='1' B='1' A='1' />
</Text>
</VisualStyle>
</VisualStyles>
</Control>
<Control Type='Button' Name='Button'>
<Position Units='Pixels' X='138' Y='26' />
<Size Units='Pixels' Width='72' Height='72' />
<VisualStyles>
<VisualStyle State='0' Mode='0'>
<Face Type='2D'>
<Color  R='1' G='1' B='1' A='0' />
</Face>
<Image Id='31' Alpha='1' />
</VisualStyle>
<VisualStyle State='1' Mode='0'>
<Face Type='2D'>
<Color  R='1' G='1' B='1' A='0' />
</Face>
<Image Id='31' Alpha='1' />
</VisualStyle>
</VisualStyles>
<Bindings>
<Binding Id='337' Type='Digital' Property='State'/>
</Bindings>
<Commands>
<Command Action='TouchDown' Id='337' Type='Digital' Value='True' />
<Command Action='TouchUp' Id='337' Type='Digital' Value='False' />
</Commands>
</Control>
<Control Type='Button' Name='Button'>
<Position Units='Pixels' X='243' Y='26' />
<Size Units='Pixels' Width='72' Height='72' />
<VisualStyles>
<VisualStyle State='0' Mode='0'>
<Face Type='2D'>
<Color  R='1' G='1' B='1' A='0' />
</Face>
<Image Id='32' Alpha='1' />
</VisualStyle>
<VisualStyle State='1' Mode='0'>
<Face Type='2D'>
<Color  R='1' G='1' B='1' A='0' />
</Face>
<Image Id='32' Alpha='1' />
</VisualStyle>
</VisualStyles>
<Bindings>
<Binding Id='344' Type='Digital' Property='State'/>
</Bindings>
<Commands>
<Command Action='TouchDown' Id='344' Type='Digital' Value='True' />
<Command Action='TouchUp' Id='344' Type='Digital' Value='False' />
</Commands>
</Control>
<Control Type='Button' Name='Text'>
<Position Units='Pixels' X='112' Y='93' />
<Size Units='Pixels' Width='125' Height='32' />
<VisualStyles>
<VisualStyle State='0' Mode='0'>
<Text Id='36' FontId='1' Alignment='CenterCenter' Wrap='False'>
<Color  R='1' G='1' B='1' A='1' />
</Text>
</VisualStyle>
</VisualStyles>
</Control>
<Control Type='Button' Name='Button'>
<Position Units='Pixels' X='159' Y='8' />
<Size Units='Pixels' Width='30' Height='12' />
<VisualStyles>
<VisualStyle State='0' Mode='0'>
<Face Type='2D'>
<Color  R='1' G='1' B='1' A='0' />
</Face>
<Image Id='19' Alpha='1' />
</VisualStyle>
<VisualStyle State='1' Mode='0'>
<Face Type='2D'>
<Color  R='1' G='1' B='1' A='0' />
</Face>
<Image Id='20' Alpha='1' />
</VisualStyle>
</VisualStyles>
<Bindings>
<Binding Id='337' Type='Digital' Property='State'/>
</Bindings>
<Commands>
<Command Action='TouchDown' Id='337' Type='Digital' Value='True' />
<Command Action='TouchUp' Id='337' Type='Digital' Value='False' />
</Commands>
</Control>
<Control Type='Button' Name='Button'>
<Position Units='Pixels' X='369' Y='8' />
<Size Units='Pixels' Width='30' Height='12' />
<VisualStyles>
<VisualStyle State='0' Mode='0'>
<Face Type='2D'>
<Color  R='1' G='1' B='1' A='0' />
</Face>
<Image Id='19' Alpha='1' />
</VisualStyle>
<VisualStyle State='1' Mode='0'>
<Face Type='2D'>
<Color  R='1' G='1' B='1' A='0' />
</Face>
<Image Id='20' Alpha='1' />
</VisualStyle>
</VisualStyles>
<Bindings>
<Binding Id='328' Type='Digital' Property='State'/>
</Bindings>
<Commands>
<Command Action='TouchDown' Id='328' Type='Digital' Value='True' />
<Command Action='TouchUp' Id='328' Type='Digital' Value='False' />
</Commands>
</Control>
<Control Type='Button' Name='Text'>
<Position Units='Pixels' X='322' Y='93' />
<Size Units='Pixels' Width='125' Height='32' />
<VisualStyles>
<VisualStyle State='0' Mode='0'>
<Text Id='37' FontId='1' Alignment='CenterCenter' Wrap='False'>
<Color  R='1' G='1' B='1' A='1' />
</Text>
</VisualStyle>
</VisualStyles>
</Control>
<Control Type='Button' Name='Button'>
<Position Units='Pixels' X='562' Y='30' />
<Size Units='Pixels' Width='64' Height='64' />
<VisualStyles>
<VisualStyle State='0' Mode='0'>
<Face Type='2D'>
<Color  R='1' G='1' B='1' A='0' />
</Face>
<Image Id='33' Alpha='1' />
</VisualStyle>
<VisualStyle State='1' Mode='0'>
<Face Type='2D'>
<Color  R='1' G='1' B='1' A='0' />
</Face>
<Image Id='33' Alpha='1' />
</VisualStyle>
</VisualStyles>
<Bindings>
<Binding Id='326' Type='Digital' Property='State'/>
</Bindings>
<Commands>
<Command Action='TouchDown' Id='326' Type='Digital' Value='True' />
<Command Action='TouchUp' Id='326' Type='Digital' Value='False' />
</Commands>
</Control>
<Control Type='Button' Name='Button'>
<Position Units='Pixels' X='579' Y='8' />
<Size Units='Pixels' Width='30' Height='12' />
<VisualStyles>
<VisualStyle State='0' Mode='0'>
<Face Type='2D'>
<Color  R='1' G='1' B='1' A='0' />
</Face>
<Image Id='19' Alpha='1' />
</VisualStyle>
<VisualStyle State='1' Mode='0'>
<Face Type='2D'>
<Color  R='1' G='1' B='1' A='0' />
</Face>
<Image Id='20' Alpha='1' />
</VisualStyle>
</VisualStyles>
<Bindings>
<Binding Id='326' Type='Digital' Property='State'/>
</Bindings>
<Commands>
<Command Action='TouchDown' Id='326' Type='Digital' Value='True' />
<Command Action='TouchUp' Id='326' Type='Digital' Value='False' />
</Commands>
</Control>
<Control Type='Button' Name='Text'>
<Position Units='Pixels' X='532' Y='93' />
<Size Units='Pixels' Width='125' Height='32' />
<VisualStyles>
<VisualStyle State='0' Mode='0'>
<Text Id='38' FontId='1' Alignment='CenterCenter' Wrap='False'>
<Color  R='1' G='1' B='1' A='1' />
</Text>
</VisualStyle>
</VisualStyles>
</Control>
</Control>
</File>
