<?xml version='1.0' encoding='ISO-8859-1' ?>
<File Type='Page' Version='5.1.0'>
<Control Type='Subpage' Name='Main (04 Lighting Bar)'>
<Position Units='Pixels' X='0' Y='0' />
<Size Units='Pixels' Width='774' Height='125' />
<VisualStyles>
<VisualStyle>
<Background>
<Color  R='0' G='0' B='0' A='0' />
</Background>
<Image Id='2' />
</VisualStyle>
</VisualStyles>
<Control Type='Button' Name='Button'>
<Position Units='Pixels' X='351' Y='26' />
<Size Units='Pixels' Width='72' Height='72' />
<VisualStyles>
<VisualStyle State='0' Mode='0'>
<Face Type='2D'>
<Color  R='1' G='1' B='1' A='0' />
</Face>
<Image Id='8' Alpha='1' />
</VisualStyle>
<VisualStyle State='1' Mode='0'>
<Face Type='2D'>
<Color  R='1' G='1' B='1' A='0' />
</Face>
<Image Id='8' Alpha='1' />
</VisualStyle>
</VisualStyles>
<Bindings>
<Binding Id='626' Type='Digital' Property='State'/>
</Bindings>
<Commands>
<Command Action='TouchDown' Id='626' Type='Digital' Value='True' />
<Command Action='TouchUp' Id='626' Type='Digital' Value='False' />
</Commands>
</Control>
<Control Type='Button' Name='Button'>
<Position Units='Pixels' X='372' Y='8' />
<Size Units='Pixels' Width='30' Height='12' />
<VisualStyles>
<VisualStyle State='0' Mode='0'>
<Face Type='2D'>
<Color  R='1' G='1' B='1' A='0' />
</Face>
<Image Id='74' Alpha='1' />
</VisualStyle>
<VisualStyle State='1' Mode='0'>
<Face Type='2D'>
<Color  R='1' G='1' B='1' A='0' />
</Face>
<Image Id='75' Alpha='1' />
</VisualStyle>
</VisualStyles>
<Bindings>
<Binding Id='626' Type='Digital' Property='State'/>
</Bindings>
<Commands>
<Command Action='TouchDown' Id='626' Type='Digital' Value='True' />
<Command Action='TouchUp' Id='626' Type='Digital' Value='False' />
</Commands>
</Control>
<Control Type='Button' Name='Text'>
<Position Units='Pixels' X='325' Y='93' />
<Size Units='Pixels' Width='125' Height='32' />
<VisualStyles>
<VisualStyle State='0' Mode='0'>
<Text Id='81' FontId='1' Alignment='CenterCenter' Wrap='False'>
<Color  R='1' G='1' B='1' A='1' />
</Text>
</VisualStyle>
</VisualStyles>
</Control>
</Control>
</File>
