<?xml version='1.0' encoding='ISO-8859-1' ?>
<File Type='Page' Version='5.1.0'>
<Control Type='Subpage' Name='Main (01 Audio Source Bar)'>
<Position Units='Pixels' X='0' Y='0' />
<Size Units='Pixels' Width='774' Height='125' />
<VisualStyles>
<VisualStyle>
<Background>
<Color  R='0' G='0' B='0' A='0' />
</Background>
<Image Id='2' />
</VisualStyle>
</VisualStyles>
<Control Type='Button' Name='Button'>
<Position Units='Pixels' X='97' Y='26' />
<Size Units='Pixels' Width='72' Height='72' />
<VisualStyles>
<VisualStyle State='0' Mode='0'>
<Face Type='2D'>
<Color  R='1' G='1' B='1' A='0' />
</Face>
<Image Id='18' Alpha='1' />
</VisualStyle>
<VisualStyle State='1' Mode='0'>
<Face Type='2D'>
<Color  R='1' G='1' B='1' A='0' />
</Face>
<Image Id='18' Alpha='1' />
</VisualStyle>
</VisualStyles>
<Bindings>
<Binding Id='302' Type='Digital' Property='State'/>
</Bindings>
<Commands>
<Command Action='TouchDown' Id='302' Type='Digital' Value='True' />
<Command Action='TouchUp' Id='302' Type='Digital' Value='False' />
</Commands>
</Control>
<Control Type='Button' Name='Button'>
<Position Units='Pixels' X='118' Y='8' />
<Size Units='Pixels' Width='30' Height='12' />
<VisualStyles>
<VisualStyle State='0' Mode='0'>
<Face Type='2D'>
<Color  R='1' G='1' B='1' A='0' />
</Face>
<Image Id='19' Alpha='1' />
</VisualStyle>
<VisualStyle State='1' Mode='0'>
<Face Type='2D'>
<Color  R='1' G='1' B='1' A='0' />
</Face>
<Image Id='20' Alpha='1' />
</VisualStyle>
</VisualStyles>
<Bindings>
<Binding Id='302' Type='Digital' Property='State'/>
</Bindings>
<Commands>
<Command Action='TouchDown' Id='302' Type='Digital' Value='True' />
<Command Action='TouchUp' Id='302' Type='Digital' Value='False' />
</Commands>
</Control>
<Control Type='Button' Name='Button'>
<Position Units='Pixels' X='604' Y='26' />
<Size Units='Pixels' Width='72' Height='72' />
<VisualStyles>
<VisualStyle State='0' Mode='0'>
<Face Type='2D'>
<Color  R='1' G='1' B='1' A='0' />
</Face>
<Image Id='21' Alpha='1' />
</VisualStyle>
<VisualStyle State='1' Mode='0'>
<Face Type='2D'>
<Color  R='1' G='1' B='1' A='0' />
</Face>
<Image Id='21' Alpha='1' />
</VisualStyle>
</VisualStyles>
<Bindings>
<Binding Id='300' Type='Digital' Property='State'/>
</Bindings>
<Commands>
<Command Action='TouchDown' Id='300' Type='Digital' Value='True' />
<Command Action='TouchUp' Id='300' Type='Digital' Value='False' />
</Commands>
</Control>
<Control Type='Button' Name='Button'>
<Position Units='Pixels' X='625' Y='8' />
<Size Units='Pixels' Width='30' Height='12' />
<VisualStyles>
<VisualStyle State='0' Mode='0'>
<Face Type='2D'>
<Color  R='1' G='1' B='1' A='0' />
</Face>
<Image Id='19' Alpha='1' />
</VisualStyle>
<VisualStyle State='1' Mode='0'>
<Face Type='2D'>
<Color  R='1' G='1' B='1' A='0' />
</Face>
<Image Id='20' Alpha='1' />
</VisualStyle>
</VisualStyles>
<Bindings>
<Binding Id='300' Type='Digital' Property='State'/>
</Bindings>
<Commands>
<Command Action='TouchDown' Id='300' Type='Digital' Value='True' />
<Command Action='TouchUp' Id='300' Type='Digital' Value='False' />
</Commands>
</Control>
<Control Type='Button' Name='Text'>
<Position Units='Pixels' X='578' Y='93' />
<Size Units='Pixels' Width='125' Height='32' />
<VisualStyles>
<VisualStyle State='0' Mode='0'>
<Text Id='7' FontId='1' Alignment='CenterCenter' Wrap='False'>
<Color  R='1' G='1' B='1' A='1' />
</Text>
</VisualStyle>
</VisualStyles>
</Control>
<Control Type='Button' Name='Text'>
<Position Units='Pixels' X='71' Y='93' />
<Size Units='Pixels' Width='125' Height='32' />
<VisualStyles>
<VisualStyle State='0' Mode='0'>
<Text Id='8' FontId='1' Alignment='CenterCenter' Wrap='False'>
<Color  R='1' G='1' B='1' A='1' />
</Text>
</VisualStyle>
</VisualStyles>
</Control>
<Control Type='Button' Name='Button'>
<Position Units='Pixels' X='287' Y='8' />
<Size Units='Pixels' Width='30' Height='12' />
<VisualStyles>
<VisualStyle State='0' Mode='0'>
<Face Type='2D'>
<Color  R='1' G='1' B='1' A='0' />
</Face>
<Image Id='19' Alpha='1' />
</VisualStyle>
<VisualStyle State='1' Mode='0'>
<Face Type='2D'>
<Color  R='1' G='1' B='1' A='0' />
</Face>
<Image Id='20' Alpha='1' />
</VisualStyle>
</VisualStyles>
<Bindings>
<Binding Id='304' Type='Digital' Property='State'/>
</Bindings>
<Commands>
<Command Action='TouchDown' Id='304' Type='Digital' Value='True' />
<Command Action='TouchUp' Id='304' Type='Digital' Value='False' />
</Commands>
</Control>
<Control Type='Button' Name='Button'>
<Position Units='Pixels' X='266' Y='26' />
<Size Units='Pixels' Width='72' Height='72' />
<VisualStyles>
<VisualStyle State='0' Mode='0'>
<Face Type='2D'>
<Color  R='1' G='1' B='1' A='0' />
</Face>
<Image Id='22' Alpha='1' />
</VisualStyle>
<VisualStyle State='1' Mode='0'>
<Face Type='2D'>
<Color  R='1' G='1' B='1' A='0' />
</Face>
<Image Id='22' Alpha='1' />
</VisualStyle>
</VisualStyles>
<Bindings>
<Binding Id='304' Type='Digital' Property='State'/>
</Bindings>
<Commands>
<Command Action='TouchDown' Id='304' Type='Digital' Value='True' />
<Command Action='TouchUp' Id='304' Type='Digital' Value='False' />
</Commands>
</Control>
<Control Type='Button' Name='Text'>
<Position Units='Pixels' X='240' Y='93' />
<Size Units='Pixels' Width='125' Height='32' />
<VisualStyles>
<VisualStyle State='0' Mode='0'>
<Text Id='9' FontId='1' Alignment='CenterCenter' Wrap='False'>
<Color  R='1' G='1' B='1' A='1' />
</Text>
</VisualStyle>
</VisualStyles>
</Control>
<Control Type='Button' Name='Button'>
<Position Units='Pixels' X='435' Y='26' />
<Size Units='Pixels' Width='72' Height='72' />
<VisualStyles>
<VisualStyle State='0' Mode='0'>
<Face Type='2D'>
<Color  R='1' G='1' B='1' A='0' />
</Face>
<Image Id='23' Alpha='1' />
</VisualStyle>
<VisualStyle State='1' Mode='0'>
<Face Type='2D'>
<Color  R='1' G='1' B='1' A='0' />
</Face>
<Image Id='23' Alpha='1' />
</VisualStyle>
</VisualStyles>
<Bindings>
<Binding Id='306' Type='Digital' Property='State'/>
</Bindings>
<Commands>
<Command Action='TouchDown' Id='306' Type='Digital' Value='True' />
<Command Action='TouchUp' Id='306' Type='Digital' Value='False' />
</Commands>
</Control>
<Control Type='Button' Name='Text'>
<Position Units='Pixels' X='409' Y='93' />
<Size Units='Pixels' Width='125' Height='32' />
<VisualStyles>
<VisualStyle State='0' Mode='0'>
<Text Id='10' FontId='1' Alignment='CenterCenter' Wrap='False'>
<Color  R='1' G='1' B='1' A='1' />
</Text>
</VisualStyle>
</VisualStyles>
</Control>
<Control Type='Button' Name='Button'>
<Position Units='Pixels' X='456' Y='8' />
<Size Units='Pixels' Width='30' Height='12' />
<VisualStyles>
<VisualStyle State='0' Mode='0'>
<Face Type='2D'>
<Color  R='1' G='1' B='1' A='0' />
</Face>
<Image Id='19' Alpha='1' />
</VisualStyle>
<VisualStyle State='1' Mode='0'>
<Face Type='2D'>
<Color  R='1' G='1' B='1' A='0' />
</Face>
<Image Id='20' Alpha='1' />
</VisualStyle>
</VisualStyles>
<Bindings>
<Binding Id='306' Type='Digital' Property='State'/>
</Bindings>
<Commands>
<Command Action='TouchDown' Id='306' Type='Digital' Value='True' />
<Command Action='TouchUp' Id='306' Type='Digital' Value='False' />
</Commands>
</Control>
</Control>
</File>
