<?xml version='1.0' encoding='ISO-8859-1' ?>
<File Type='Page' Version='5.1.0'>
<Control Type='Page' Name='Main (02 Video)' Transition='65535' TransitionDuration='-1'>
<Position Units='Pixels' X='0' Y='0' />
<Size Units='Pixels' Width='1024' Height='748' />
<VisualStyles>
<VisualStyle>
<Background>
<Color  R='1' G='1' B='1' A='1' />
</Background>
<Image Id='1' />
</VisualStyle>
</VisualStyles>
<Bindings>
<Binding Id='42' Property='PageFlip'/>
</Bindings>
<Commands>
<Command Action='PageJoin' Id='42' Type='Digital' />
</Commands>
<Control Type='Subpage' Name='Subref' Reference='Main (02 Right Bar)'>
<Position Units='Pixels' X='899' Y='0' />
<Size Units='Pixels' Width='125' Height='748' />
</Control>
<Control Type='Subpage' Name='Subref' Reference='Main (00 Left Bar)'>
<Position Units='Pixels' X='0' Y='0' />
<Size Units='Pixels' Width='125' Height='748' />
</Control>
<Control Type='Subpage' Name='Subref' Reference='Main (02 Video Sources Bar)'>
<Position Units='Pixels' X='125' Y='0' />
<Size Units='Pixels' Width='774' Height='125' />
</Control>
<Control Type='Subpage' Name='Subref' Reference='Main (00 MTROL)'>
<Position Units='Pixels' X='125' Y='125' />
<Size Units='Pixels' Width='774' Height='623' />
<Bindings>
<Binding Id='300' Type='Digital' Property='Visible'/>
</Bindings>
</Control>
<Control Type='Subpage' Name='Subref' Reference='Source (12 AppleTV - Main)'>
<Position Units='Pixels' X='125' Y='125' />
<Size Units='Pixels' Width='774' Height='623' />
<Bindings>
<Binding Id='412' Type='Digital' Property='Visible'/>
</Bindings>
</Control>
<Control Type='Subpage' Name='Subref' Reference='Source (31 Cable - Main)'>
<Position Units='Pixels' X='125' Y='125' />
<Size Units='Pixels' Width='774' Height='623' />
<Bindings>
<Binding Id='431' Type='Digital' Property='Visible'/>
</Bindings>
</Control>
<Control Type='Subpage' Name='Subref' Reference='Source (TV Presets)'>
<Position Units='Pixels' X='125' Y='604' />
<Size Units='Pixels' Width='774' Height='144' />
<Bindings>
<Binding Id='431' Type='Digital' Property='Visible'/>
</Bindings>
</Control>
<Control Type='Subpage' Name='Subref' Reference='Source (41 Blu-ray - Main'>
<Position Units='Pixels' X='125' Y='125' />
<Size Units='Pixels' Width='774' Height='623' />
<Bindings>
<Binding Id='441' Type='Digital' Property='Visible'/>
</Bindings>
</Control>
<Control Type='Subpage' Name='Subref' Reference='Source (61 Satellite - Main)'>
<Position Units='Pixels' X='125' Y='125' />
<Size Units='Pixels' Width='774' Height='623' />
<Bindings>
<Binding Id='461' Type='Digital' Property='Visible'/>
</Bindings>
</Control>
<Control Type='Subpage' Name='Subref' Reference='Source (TV Presets)'>
<Position Units='Pixels' X='125' Y='604' />
<Size Units='Pixels' Width='774' Height='144' />
<Bindings>
<Binding Id='461' Type='Digital' Property='Visible'/>
</Bindings>
</Control>
</Control>
</File>
