<?xml version='1.0' encoding='ISO-8859-1' ?>
<File Type='Page' Version='5.1.0'>
<Control Type='Page' Name='Main (00 Zones)' Transition='65535' TransitionDuration='-1'>
<Position Units='Pixels' X='0' Y='0' />
<Size Units='Pixels' Width='1024' Height='748' />
<VisualStyles>
<VisualStyle>
<Background>
<Color  R='1' G='1' B='1' A='1' />
</Background>
<Image Id='1' />
</VisualStyle>
</VisualStyles>
<Control Type='Button' Name='Button'>
<Position Units='Pixels' X='372' Y='492' />
<Size Units='Pixels' Width='64' Height='64' />
<VisualStyles>
<VisualStyle State='0' Mode='0'>
<Face Type='2D'>
<Color  R='1' G='1' B='1' A='0' />
</Face>
<Image Id='12' Alpha='1' />
</VisualStyle>
<VisualStyle State='1' Mode='0'>
<Face Type='2D'>
<Color  R='1' G='1' B='1' A='0' />
</Face>
<Image Id='13' Alpha='1' />
</VisualStyle>
</VisualStyles>
<Bindings>
<Binding Id='511' Type='Digital' Property='State'/>
</Bindings>
<Commands>
<Command Action='TouchDown' Id='511' Type='Digital' Value='True' />
<Command Action='TouchUp' Id='511' Type='Digital' Value='False' />
</Commands>
</Control>
<Control Type='Button' Name='Button'>
<Position Units='Pixels' X='372' Y='404' />
<Size Units='Pixels' Width='64' Height='64' />
<VisualStyles>
<VisualStyle State='0' Mode='0'>
<Face Type='2D'>
<Color  R='1' G='1' B='1' A='0' />
</Face>
<Image Id='14' Alpha='1' />
</VisualStyle>
<VisualStyle State='1' Mode='0'>
<Face Type='2D'>
<Color  R='1' G='1' B='1' A='0' />
</Face>
<Image Id='15' Alpha='1' />
</VisualStyle>
</VisualStyles>
<Bindings>
<Binding Id='501' Type='Digital' Property='State'/>
</Bindings>
<Commands>
<Command Action='TouchDown' Id='501' Type='Digital' Value='True' />
<Command Action='TouchUp' Id='501' Type='Digital' Value='False' />
</Commands>
</Control>
<Control Type='Button' Name='Button'>
<Position Units='Pixels' X='372' Y='316' />
<Size Units='Pixels' Width='64' Height='64' />
<VisualStyles>
<VisualStyle State='0' Mode='0'>
<Face Type='2D'>
<Color  R='1' G='1' B='1' A='0' />
</Face>
<Image Id='16' Alpha='1' />
</VisualStyle>
<VisualStyle State='1' Mode='0'>
<Face Type='2D'>
<Color  R='1' G='1' B='1' A='0' />
</Face>
<Image Id='17' Alpha='1' />
</VisualStyle>
</VisualStyles>
<Bindings>
<Binding Id='521' Type='Digital' Property='State'/>
</Bindings>
<Commands>
<Command Action='TouchDown' Id='521' Type='Digital' Value='True' />
<Command Action='TouchUp' Id='521' Type='Digital' Value='False' />
</Commands>
</Control>
<Control Type='Button' Name='GaugeBackdrop'>
<Position Units='Pixels' X='336' Y='316' />
<Size Units='Pixels' Width='20' Height='240' />
<VisualStyles>
<VisualStyle State='0' Mode='0'>
<Face Type='2D'>
<Color  R='0.501961' G='0.501961' B='0.501961' A='1' />
</Face>
<Text FontId='3' Alignment='CenterCenter' Wrap='False'>
<Color  R='0' G='0' B='0' A='1' />
</Text>
</VisualStyle>
</VisualStyles>
</Control>
<Control Type='Slider' Name='Analog Gauge'>
<Position Units='Pixels' X='336' Y='316' />
<Size Units='Pixels' Width='20' Height='240' />
<VisualStyles>
<VisualStyle State='0' Mode='0'>
<Format Type='2' Signed='False'>
<Slider Direction='2' />
</Format>
<Face Type='2D'>
<Color  R='1' G='1' B='1' A='1' />
</Face>
<Text FontId='3' Alignment='CenterCenter' Wrap='False'>
<Color  R='0' G='0' B='0' A='1' />
</Text>
</VisualStyle>
</VisualStyles>
<Bindings>
<Binding Id='501' Type='Analog' Property='Mode'/>
</Bindings>
</Control>
<Control Type='Button' Name='Button'>
<Position Units='Pixels' X='600' Y='492' />
<Size Units='Pixels' Width='64' Height='64' />
<VisualStyles>
<VisualStyle State='0' Mode='0'>
<Face Type='2D'>
<Color  R='1' G='1' B='1' A='0' />
</Face>
<Image Id='12' Alpha='1' />
</VisualStyle>
<VisualStyle State='1' Mode='0'>
<Face Type='2D'>
<Color  R='1' G='1' B='1' A='0' />
</Face>
<Image Id='13' Alpha='1' />
</VisualStyle>
</VisualStyles>
<Bindings>
<Binding Id='512' Type='Digital' Property='State'/>
</Bindings>
<Commands>
<Command Action='TouchDown' Id='512' Type='Digital' Value='True' />
<Command Action='TouchUp' Id='512' Type='Digital' Value='False' />
</Commands>
</Control>
<Control Type='Button' Name='Button'>
<Position Units='Pixels' X='600' Y='404' />
<Size Units='Pixels' Width='64' Height='64' />
<VisualStyles>
<VisualStyle State='0' Mode='0'>
<Face Type='2D'>
<Color  R='1' G='1' B='1' A='0' />
</Face>
<Image Id='14' Alpha='1' />
</VisualStyle>
<VisualStyle State='1' Mode='0'>
<Face Type='2D'>
<Color  R='1' G='1' B='1' A='0' />
</Face>
<Image Id='15' Alpha='1' />
</VisualStyle>
</VisualStyles>
<Bindings>
<Binding Id='502' Type='Digital' Property='State'/>
</Bindings>
<Commands>
<Command Action='TouchDown' Id='502' Type='Digital' Value='True' />
<Command Action='TouchUp' Id='502' Type='Digital' Value='False' />
</Commands>
</Control>
<Control Type='Button' Name='Button'>
<Position Units='Pixels' X='600' Y='316' />
<Size Units='Pixels' Width='64' Height='64' />
<VisualStyles>
<VisualStyle State='0' Mode='0'>
<Face Type='2D'>
<Color  R='1' G='1' B='1' A='0' />
</Face>
<Image Id='16' Alpha='1' />
</VisualStyle>
<VisualStyle State='1' Mode='0'>
<Face Type='2D'>
<Color  R='1' G='1' B='1' A='0' />
</Face>
<Image Id='17' Alpha='1' />
</VisualStyle>
</VisualStyles>
<Bindings>
<Binding Id='522' Type='Digital' Property='State'/>
</Bindings>
<Commands>
<Command Action='TouchDown' Id='522' Type='Digital' Value='True' />
<Command Action='TouchUp' Id='522' Type='Digital' Value='False' />
</Commands>
</Control>
<Control Type='Button' Name='GaugeBackdrop'>
<Position Units='Pixels' X='564' Y='316' />
<Size Units='Pixels' Width='20' Height='240' />
<VisualStyles>
<VisualStyle State='0' Mode='0'>
<Face Type='2D'>
<Color  R='0.501961' G='0.501961' B='0.501961' A='1' />
</Face>
<Text FontId='3' Alignment='CenterCenter' Wrap='False'>
<Color  R='0' G='0' B='0' A='1' />
</Text>
</VisualStyle>
</VisualStyles>
</Control>
<Control Type='Slider' Name='Analog Gauge'>
<Position Units='Pixels' X='564' Y='316' />
<Size Units='Pixels' Width='20' Height='240' />
<VisualStyles>
<VisualStyle State='0' Mode='0'>
<Format Type='2' Signed='False'>
<Slider Direction='2' />
</Format>
<Face Type='2D'>
<Color  R='1' G='1' B='1' A='1' />
</Face>
<Text FontId='3' Alignment='CenterCenter' Wrap='False'>
<Color  R='0' G='0' B='0' A='1' />
</Text>
</VisualStyle>
</VisualStyles>
<Bindings>
<Binding Id='502' Type='Analog' Property='Mode'/>
</Bindings>
</Control>
<Control Type='Button' Name='Text'>
<Position Units='Pixels' X='320' Y='264' />
<Size Units='Pixels' Width='130' Height='45' />
<VisualStyles>
<VisualStyle State='0' Mode='0'>
<Text Id='100' FontId='4' Alignment='CenterCenter' Wrap='False'>
<Color  R='1' G='1' B='1' A='1' />
</Text>
</VisualStyle>
</VisualStyles>
</Control>
<Control Type='Button' Name='Text'>
<Position Units='Pixels' X='544' Y='264' />
<Size Units='Pixels' Width='130' Height='45' />
<VisualStyles>
<VisualStyle State='0' Mode='0'>
<Text Id='101' FontId='4' Alignment='CenterCenter' Wrap='False'>
<Color  R='1' G='1' B='1' A='1' />
</Text>
</VisualStyle>
</VisualStyles>
</Control>
<Control Type='Button' Name='Button'>
<Position Units='Pixels' X='569' Y='590' />
<Size Units='Pixels' Width='72' Height='72' />
<VisualStyles>
<VisualStyle State='0' Mode='0'>
<Face Type='2D'>
<Color  R='1' G='1' B='1' A='0' />
</Face>
<Image Id='21' Alpha='1' />
</VisualStyle>
<VisualStyle State='1' Mode='0'>
<Face Type='2D'>
<Color  R='1' G='1' B='1' A='0' />
</Face>
<Image Id='21' Alpha='1' />
</VisualStyle>
</VisualStyles>
<Bindings>
<Binding Id='532' Type='Digital' Property='State'/>
</Bindings>
<Commands>
<Command Action='TouchDown' Id='532' Type='Digital' Value='True' />
<Command Action='TouchUp' Id='532' Type='Digital' Value='False' />
</Commands>
</Control>
<Control Type='Button' Name='Button'>
<Position Units='Pixels' X='590' Y='572' />
<Size Units='Pixels' Width='30' Height='12' />
<VisualStyles>
<VisualStyle State='0' Mode='0'>
<Face Type='2D'>
<Color  R='1' G='1' B='1' A='0' />
</Face>
<Image Id='19' Alpha='1' />
</VisualStyle>
<VisualStyle State='1' Mode='0'>
<Face Type='2D'>
<Color  R='1' G='1' B='1' A='0' />
</Face>
<Image Id='20' Alpha='1' />
</VisualStyle>
</VisualStyles>
<Bindings>
<Binding Id='532' Type='Digital' Property='State'/>
</Bindings>
<Commands>
<Command Action='TouchDown' Id='532' Type='Digital' Value='True' />
<Command Action='TouchUp' Id='532' Type='Digital' Value='False' />
</Commands>
</Control>
<Control Type='Subpage' Name='Subref' Reference='Main (00 Zones - Right Bar)'>
<Position Units='Pixels' X='899' Y='0' />
<Size Units='Pixels' Width='125' Height='748' />
</Control>
<Control Type='Subpage' Name='Subref' Reference='Main (00 Zones - Left Bar)'>
<Position Units='Pixels' X='0' Y='0' />
<Size Units='Pixels' Width='125' Height='748' />
</Control>
<Control Type='Subpage' Name='Subref' Reference='Main (00 Zones Bar)'>
<Position Units='Pixels' X='125' Y='0' />
<Size Units='Pixels' Width='774' Height='125' />
</Control>
</Control>
</File>
