<?xml version='1.0' encoding='ISO-8859-1' ?>
<File Type='Page' Version='5.1.0'>
<Control Type='Subpage' Name='Main (00 MTROL)'>
<Position Units='Pixels' X='0' Y='0' />
<Size Units='Pixels' Width='774' Height='623' />
<VisualStyles>
<VisualStyle>
<Background>
<Color  R='0' G='0' B='0' A='0' />
</Background>
</VisualStyle>
</VisualStyles>
<Control Type='Button' Name='Image'>
<Position Units='Pixels' X='155' Y='145' />
<Size Units='Pixels' Width='465' Height='300' />
<VisualStyles>
<VisualStyle State='0' Mode='0'>
<Image Id='27' Alpha='1' />
</VisualStyle>
</VisualStyles>
</Control>
</Control>
</File>
