<?xml version='1.0' encoding='ISO-8859-1' ?>
<File Type='Page' Version='5.1.0'>
<Control Type='Subpage' Name='Main (00 Modes - Audio-Video)'>
<Position Units='Pixels' X='0' Y='0' />
<Size Units='Pixels' Width='774' Height='623' />
<VisualStyles>
<VisualStyle>
<Background>
<Color  R='0' G='0' B='0' A='0' />
</Background>
</VisualStyle>
</VisualStyles>
<Control Type='Button' Name='Image'>
<Position Units='Pixels' X='51' Y='339' />
<Size Units='Pixels' Width='672' Height='156' />
<VisualStyles>
<VisualStyle State='0' Mode='0'>
<Image Id='26' Alpha='1' />
</VisualStyle>
</VisualStyles>
</Control>
<Control Type='Button' Name='Button'>
<Position Units='Pixels' X='88' Y='359' />
<Size Units='Pixels' Width='130' Height='45' />
<VisualStyles>
<VisualStyle State='0' Mode='0'>
<Face Type='2D'>
<Color  R='1' G='1' B='1' A='0' />
</Face>
<Image Id='10' Alpha='1' />
<Text Id='202' FontId='2' Alignment='CenterCenter' Wrap='False'>
<Color  R='1' G='1' B='1' A='1' />
</Text>
</VisualStyle>
<VisualStyle State='1' Mode='0'>
<Face Type='2D'>
<Color  R='1' G='1' B='1' A='0' />
</Face>
<Image Id='11' Alpha='1' />
<Text Id='202' FontId='2' Alignment='CenterCenter' Wrap='False'>
<Color  R='1' G='1' B='1' A='1' />
</Text>
</VisualStyle>
</VisualStyles>
<Bindings>
<Binding Id='576' Type='Digital' Property='State'/>
</Bindings>
<Commands>
<Command Action='TouchDown' Id='576' Type='Digital' Value='True' />
<Command Action='TouchUp' Id='576' Type='Digital' Value='False' />
</Commands>
</Control>
<Control Type='Button' Name='Button'>
<Position Units='Pixels' X='246' Y='359' />
<Size Units='Pixels' Width='130' Height='45' />
<VisualStyles>
<VisualStyle State='0' Mode='0'>
<Face Type='2D'>
<Color  R='1' G='1' B='1' A='0' />
</Face>
<Image Id='10' Alpha='1' />
<Text Id='203' FontId='2' Alignment='CenterCenter' Wrap='False'>
<Color  R='1' G='1' B='1' A='1' />
</Text>
</VisualStyle>
<VisualStyle State='1' Mode='0'>
<Face Type='2D'>
<Color  R='1' G='1' B='1' A='0' />
</Face>
<Image Id='11' Alpha='1' />
<Text Id='203' FontId='2' Alignment='CenterCenter' Wrap='False'>
<Color  R='1' G='1' B='1' A='1' />
</Text>
</VisualStyle>
</VisualStyles>
<Bindings>
<Binding Id='577' Type='Digital' Property='State'/>
</Bindings>
<Commands>
<Command Action='TouchDown' Id='577' Type='Digital' Value='True' />
<Command Action='TouchUp' Id='577' Type='Digital' Value='False' />
</Commands>
</Control>
<Control Type='Button' Name='Button'>
<Position Units='Pixels' X='404' Y='359' />
<Size Units='Pixels' Width='130' Height='45' />
<VisualStyles>
<VisualStyle State='0' Mode='0'>
<Face Type='2D'>
<Color  R='1' G='1' B='1' A='0' />
</Face>
<Image Id='10' Alpha='1' />
<Text Id='204' FontId='2' Alignment='CenterCenter' Wrap='False'>
<Color  R='1' G='1' B='1' A='1' />
</Text>
</VisualStyle>
<VisualStyle State='1' Mode='0'>
<Face Type='2D'>
<Color  R='1' G='1' B='1' A='0' />
</Face>
<Image Id='11' Alpha='1' />
<Text Id='204' FontId='2' Alignment='CenterCenter' Wrap='False'>
<Color  R='1' G='1' B='1' A='1' />
</Text>
</VisualStyle>
</VisualStyles>
<Bindings>
<Binding Id='578' Type='Digital' Property='State'/>
</Bindings>
<Commands>
<Command Action='TouchDown' Id='578' Type='Digital' Value='True' />
<Command Action='TouchUp' Id='578' Type='Digital' Value='False' />
</Commands>
</Control>
<Control Type='Button' Name='Button'>
<Position Units='Pixels' X='243' Y='423' />
<Size Units='Pixels' Width='130' Height='45' />
<VisualStyles>
<VisualStyle State='0' Mode='0'>
<Face Type='2D'>
<Color  R='1' G='1' B='1' A='0' />
</Face>
<Image Id='10' Alpha='1' />
<Text Id='205' FontId='2' Alignment='CenterCenter' Wrap='False'>
<Color  R='1' G='1' B='1' A='1' />
</Text>
</VisualStyle>
<VisualStyle State='1' Mode='0'>
<Face Type='2D'>
<Color  R='1' G='1' B='1' A='0' />
</Face>
<Image Id='11' Alpha='1' />
<Text Id='205' FontId='2' Alignment='CenterCenter' Wrap='False'>
<Color  R='1' G='1' B='1' A='1' />
</Text>
</VisualStyle>
</VisualStyles>
<Bindings>
<Binding Id='581' Type='Digital' Property='State'/>
</Bindings>
<Commands>
<Command Action='TouchDown' Id='581' Type='Digital' Value='True' />
<Command Action='TouchUp' Id='581' Type='Digital' Value='False' />
</Commands>
</Control>
<Control Type='Button' Name='Button'>
<Position Units='Pixels' X='401' Y='423' />
<Size Units='Pixels' Width='130' Height='45' />
<VisualStyles>
<VisualStyle State='0' Mode='0'>
<Face Type='2D'>
<Color  R='1' G='1' B='1' A='0' />
</Face>
<Image Id='10' Alpha='1' />
<Text Id='206' FontId='2' Alignment='CenterCenter' Wrap='False'>
<Color  R='1' G='1' B='1' A='1' />
</Text>
</VisualStyle>
<VisualStyle State='1' Mode='0'>
<Face Type='2D'>
<Color  R='1' G='1' B='1' A='0' />
</Face>
<Image Id='11' Alpha='1' />
<Text Id='206' FontId='2' Alignment='CenterCenter' Wrap='False'>
<Color  R='1' G='1' B='1' A='1' />
</Text>
</VisualStyle>
</VisualStyles>
<Bindings>
<Binding Id='582' Type='Digital' Property='State'/>
</Bindings>
<Commands>
<Command Action='TouchDown' Id='582' Type='Digital' Value='True' />
<Command Action='TouchUp' Id='582' Type='Digital' Value='False' />
</Commands>
</Control>
<Control Type='Button' Name='Button'>
<Position Units='Pixels' X='562' Y='359' />
<Size Units='Pixels' Width='130' Height='45' />
<VisualStyles>
<VisualStyle State='0' Mode='0'>
<Face Type='2D'>
<Color  R='1' G='1' B='1' A='0' />
</Face>
<Image Id='10' Alpha='1' />
<Text Id='207' FontId='2' Alignment='CenterCenter' Wrap='False'>
<Color  R='1' G='1' B='1' A='1' />
</Text>
</VisualStyle>
<VisualStyle State='1' Mode='0'>
<Face Type='2D'>
<Color  R='1' G='1' B='1' A='0' />
</Face>
<Image Id='11' Alpha='1' />
<Text Id='207' FontId='2' Alignment='CenterCenter' Wrap='False'>
<Color  R='1' G='1' B='1' A='1' />
</Text>
</VisualStyle>
</VisualStyles>
<Bindings>
<Binding Id='579' Type='Digital' Property='State'/>
</Bindings>
<Commands>
<Command Action='TouchDown' Id='579' Type='Digital' Value='True' />
<Command Action='TouchUp' Id='579' Type='Digital' Value='False' />
</Commands>
</Control>
<Control Type='Button' Name='Button'>
<Position Units='Pixels' X='88' Y='423' />
<Size Units='Pixels' Width='130' Height='45' />
<VisualStyles>
<VisualStyle State='0' Mode='0'>
<Face Type='2D'>
<Color  R='1' G='1' B='1' A='0' />
</Face>
<Image Id='10' Alpha='1' />
<Text Id='208' FontId='2' Alignment='CenterCenter' Wrap='False'>
<Color  R='1' G='1' B='1' A='1' />
</Text>
</VisualStyle>
<VisualStyle State='1' Mode='0'>
<Face Type='2D'>
<Color  R='1' G='1' B='1' A='0' />
</Face>
<Image Id='11' Alpha='1' />
<Text Id='208' FontId='2' Alignment='CenterCenter' Wrap='False'>
<Color  R='1' G='1' B='1' A='1' />
</Text>
</VisualStyle>
</VisualStyles>
<Bindings>
<Binding Id='580' Type='Digital' Property='State'/>
</Bindings>
<Commands>
<Command Action='TouchDown' Id='580' Type='Digital' Value='True' />
<Command Action='TouchUp' Id='580' Type='Digital' Value='False' />
</Commands>
</Control>
<Control Type='Button' Name='Button'>
<Position Units='Pixels' X='562' Y='423' />
<Size Units='Pixels' Width='130' Height='45' />
<VisualStyles>
<VisualStyle State='0' Mode='0'>
<Face Type='2D'>
<Color  R='1' G='1' B='1' A='0' />
</Face>
<Image Id='10' Alpha='1' />
<Text Id='209' FontId='2' Alignment='CenterCenter' Wrap='False'>
<Color  R='1' G='1' B='1' A='1' />
</Text>
</VisualStyle>
<VisualStyle State='1' Mode='0'>
<Face Type='2D'>
<Color  R='1' G='1' B='1' A='0' />
</Face>
<Image Id='11' Alpha='1' />
<Text Id='209' FontId='2' Alignment='CenterCenter' Wrap='False'>
<Color  R='1' G='1' B='1' A='1' />
</Text>
</VisualStyle>
</VisualStyles>
<Bindings>
<Binding Id='583' Type='Digital' Property='State'/>
</Bindings>
<Commands>
<Command Action='TouchDown' Id='583' Type='Digital' Value='True' />
<Command Action='TouchUp' Id='583' Type='Digital' Value='False' />
</Commands>
</Control>
<Control Type='Button' Name='Text'>
<Position Units='Pixels' X='48' Y='300' />
<Size Units='Pixels' Width='232' Height='32' />
<VisualStyles>
<VisualStyle State='0' Mode='0'>
<Text Id='210' FontId='4' Alignment='CenterLeft' Wrap='False'>
<Color  R='0.752941' G='0.752941' B='0.752941' A='1' />
</Text>
</VisualStyle>
</VisualStyles>
</Control>
<Control Type='Button' Name='Image'>
<Position Units='Pixels' X='51' Y='167' />
<Size Units='Pixels' Width='672' Height='88' />
<VisualStyles>
<VisualStyle State='0' Mode='0'>
<Image Id='26' Alpha='1' />
</VisualStyle>
</VisualStyles>
</Control>
<Control Type='Button' Name='Button'>
<Position Units='Pixels' X='88' Y='187' />
<Size Units='Pixels' Width='130' Height='45' />
<VisualStyles>
<VisualStyle State='0' Mode='0'>
<Face Type='2D'>
<Color  R='1' G='1' B='1' A='0' />
</Face>
<Image Id='10' Alpha='1' />
<Text Id='211' FontId='2' Alignment='CenterCenter' Wrap='False'>
<Color  R='1' G='1' B='1' A='1' />
</Text>
</VisualStyle>
<VisualStyle State='1' Mode='0'>
<Face Type='2D'>
<Color  R='1' G='1' B='1' A='0' />
</Face>
<Image Id='11' Alpha='1' />
<Text Id='211' FontId='2' Alignment='CenterCenter' Wrap='False'>
<Color  R='1' G='1' B='1' A='1' />
</Text>
</VisualStyle>
</VisualStyles>
<Bindings>
<Binding Id='552' Type='Digital' Property='State'/>
</Bindings>
<Commands>
<Command Action='TouchDown' Id='552' Type='Digital' Value='True' />
<Command Action='TouchUp' Id='552' Type='Digital' Value='False' />
</Commands>
</Control>
<Control Type='Button' Name='Button'>
<Position Units='Pixels' X='246' Y='187' />
<Size Units='Pixels' Width='130' Height='45' />
<VisualStyles>
<VisualStyle State='0' Mode='0'>
<Face Type='2D'>
<Color  R='1' G='1' B='1' A='0' />
</Face>
<Image Id='10' Alpha='1' />
<Text Id='212' FontId='2' Alignment='CenterCenter' Wrap='False'>
<Color  R='1' G='1' B='1' A='1' />
</Text>
</VisualStyle>
<VisualStyle State='1' Mode='0'>
<Face Type='2D'>
<Color  R='1' G='1' B='1' A='0' />
</Face>
<Image Id='11' Alpha='1' />
<Text Id='212' FontId='2' Alignment='CenterCenter' Wrap='False'>
<Color  R='1' G='1' B='1' A='1' />
</Text>
</VisualStyle>
</VisualStyles>
<Bindings>
<Binding Id='553' Type='Digital' Property='State'/>
</Bindings>
<Commands>
<Command Action='TouchDown' Id='553' Type='Digital' Value='True' />
<Command Action='TouchUp' Id='553' Type='Digital' Value='False' />
</Commands>
</Control>
<Control Type='Button' Name='Text'>
<Position Units='Pixels' X='48' Y='128' />
<Size Units='Pixels' Width='232' Height='32' />
<VisualStyles>
<VisualStyle State='0' Mode='0'>
<Text Id='213' FontId='4' Alignment='CenterLeft' Wrap='False'>
<Color  R='0.752941' G='0.752941' B='0.752941' A='1' />
</Text>
</VisualStyle>
</VisualStyles>
</Control>
</Control>
</File>
