<?xml version='1.0' encoding='ISO-8859-1' ?>
<File Type='Page' Version='5.1.0'>
<Control Type='Page' Name='Main (01 Audio)' Transition='65535' TransitionDuration='-1'>
<Position Units='Pixels' X='0' Y='0' />
<Size Units='Pixels' Width='1024' Height='748' />
<VisualStyles>
<VisualStyle>
<Background>
<Color  R='1' G='1' B='1' A='1' />
</Background>
<Image Id='1' />
</VisualStyle>
</VisualStyles>
<Bindings>
<Binding Id='41' Property='PageFlip'/>
</Bindings>
<Commands>
<Command Action='PageJoin' Id='41' Type='Digital' />
</Commands>
<Control Type='Subpage' Name='Subref' Reference='Main (00 Left Bar)'>
<Position Units='Pixels' X='0' Y='0' />
<Size Units='Pixels' Width='125' Height='748' />
</Control>
<Control Type='Subpage' Name='Subref' Reference='Main (01 Right Bar)'>
<Position Units='Pixels' X='899' Y='0' />
<Size Units='Pixels' Width='125' Height='748' />
</Control>
<Control Type='Subpage' Name='Subref' Reference='Main (01 Audio Source Bar)'>
<Position Units='Pixels' X='125' Y='0' />
<Size Units='Pixels' Width='774' Height='125' />
</Control>
<Control Type='Subpage' Name='Subref' Reference='Main (00 MTROL)'>
<Position Units='Pixels' X='125' Y='125' />
<Size Units='Pixels' Width='774' Height='623' />
<Bindings>
<Binding Id='300' Type='Digital' Property='Visible'/>
</Bindings>
</Control>
<Control Type='Subpage' Name='Subref' Reference='Source (17 Tuner - 1Main)'>
<Position Units='Pixels' X='125' Y='125' />
<Size Units='Pixels' Width='774' Height='623' />
<Bindings>
<Binding Id='421' Type='Digital' Property='Visible'/>
</Bindings>
</Control>
<Control Type='Subpage' Name='Subref' Reference='Source (17 Tuner - 2Presets)'>
<Position Units='Pixels' X='273' Y='349' />
<Size Units='Pixels' Width='600' Height='352' />
<Bindings>
<Binding Id='417' Type='Digital' Property='Visible'/>
</Bindings>
</Control>
<Control Type='Subpage' Name='Subref' Reference='Source (17 Tuner - 3Keypad)'>
<Position Units='Pixels' X='273' Y='349' />
<Size Units='Pixels' Width='600' Height='352' />
<Bindings>
<Binding Id='418' Type='Digital' Property='Visible'/>
</Bindings>
</Control>
<Control Type='Subpage' Name='Subref' Reference='Source (21 XM - 1Main)'>
<Position Units='Pixels' X='125' Y='125' />
<Size Units='Pixels' Width='774' Height='623' />
<Bindings>
<Binding Id='421' Type='Digital' Property='Visible'/>
</Bindings>
</Control>
<Control Type='Subpage' Name='Subref' Reference='Source (21 XM - 2Presets)'>
<Position Units='Pixels' X='273' Y='349' />
<Size Units='Pixels' Width='600' Height='352' />
<Bindings>
<Binding Id='422' Type='Digital' Property='Visible'/>
</Bindings>
</Control>
<Control Type='Subpage' Name='Subref' Reference='Source (21 XM - 3Channels)'>
<Position Units='Pixels' X='273' Y='325' />
<Size Units='Pixels' Width='600' Height='400' />
<Bindings>
<Binding Id='423' Type='Digital' Property='Visible'/>
</Bindings>
</Control>
<Control Type='Subpage' Name='Subref' Reference='Source (21 XM - 4Keypad)'>
<Position Units='Pixels' X='273' Y='349' />
<Size Units='Pixels' Width='600' Height='352' />
<Bindings>
<Binding Id='424' Type='Digital' Property='Visible'/>
</Bindings>
</Control>
<Control Type='Subpage' Name='Subref' Reference='Source (71 Jukebox - 1Main)'>
<Position Units='Pixels' X='125' Y='125' />
<Size Units='Pixels' Width='774' Height='623' />
<Bindings>
<Binding Id='471' Type='Digital' Property='Visible'/>
</Bindings>
</Control>
<Control Type='Subpage' Name='Subref' Reference='Source (71 Jukebox - Thumbnail)'>
<Position Units='Pixels' X='280' Y='340' />
<Size Units='Pixels' Width='600' Height='320' />
<Bindings>
<Binding Id='472' Type='Digital' Property='Visible'/>
</Bindings>
</Control>
<Control Type='Subpage' Name='Subref' Reference='Source (71 Jukebox - List)'>
<Position Units='Pixels' X='280' Y='340' />
<Size Units='Pixels' Width='600' Height='320' />
<Bindings>
<Binding Id='473' Type='Digital' Property='Visible'/>
</Bindings>
</Control>
<Control Type='Subpage' Name='Subref' Reference='Source (71 Jukebox - Message)'>
<Position Units='Pixels' X='280' Y='340' />
<Size Units='Pixels' Width='600' Height='320' />
<Bindings>
<Binding Id='476' Type='Digital' Property='Visible'/>
</Bindings>
</Control>
<Control Type='Subpage' Name='Subref' Reference='Source (71 Jukebox - Now Playing)'>
<Position Units='Pixels' X='280' Y='340' />
<Size Units='Pixels' Width='600' Height='320' />
<Bindings>
<Binding Id='474' Type='Digital' Property='Visible'/>
</Bindings>
</Control>
<Control Type='Subpage' Name='Subref' Reference='Source (71 Jukebox - Search)'>
<Position Units='Pixels' X='130' Y='211' />
<Size Units='Pixels' Width='764' Height='450' />
<Bindings>
<Binding Id='479' Type='Digital' Property='Visible'/>
</Bindings>
</Control>
<Control Type='Subpage' Name='Subref' Reference='Source (71 Jukebox - Dialog)'>
<Position Units='Pixels' X='212' Y='276' />
<Size Units='Pixels' Width='600' Height='320' />
<Bindings>
<Binding Id='480' Type='Digital' Property='Visible'/>
</Bindings>
</Control>
</Control>
</File>
