<?xml version='1.0' encoding='ISO-8859-1' ?>
<File Type='Page' Version='5.1.0'>
<Control Type='Subpage' Name='Security (01 Main)'>
<Position Units='Pixels' X='0' Y='0' />
<Size Units='Pixels' Width='774' Height='623' />
<VisualStyles>
<VisualStyle>
<Background>
<Color  R='0' G='0' B='0' A='0' />
</Background>
</VisualStyle>
</VisualStyles>
<Control Type='Button' Name='Image'>
<Position Units='Pixels' X='32' Y='32' />
<Size Units='Pixels' Width='180' Height='180' />
<VisualStyles>
<VisualStyle State='0' Mode='0'>
<Image Id='79' Alpha='1' />
</VisualStyle>
</VisualStyles>
</Control>
<Control Type='Button' Name='Text'>
<Position Units='Pixels' X='224' Y='120' />
<Size Units='Pixels' Width='416' Height='64' />
<VisualStyles>
<VisualStyle State='0' Mode='0'>
<Text FontId='10' Alignment='CenterCenter' Wrap='False'>
<Bindings>
<Binding Id='670' Type='Serial' Property='Text'/>
</Bindings>
<Color  R='1' G='1' B='1' A='1' />
</Text>
</VisualStyle>
</VisualStyles>
</Control>
<Control Type='Button' Name='Text'>
<Position Units='Pixels' X='198' Y='302' />
<Size Units='Pixels' Width='212' Height='245' />
<VisualStyles>
<VisualStyle State='0' Mode='0'>
<Text Id='189' FontId='18' Alignment='CenterLeft' Wrap='False'>
<Color  R='0.941176' G='0.921569' B='0.901961' A='1' />
</Text>
</VisualStyle>
</VisualStyles>
</Control>
<Control Type='Button' Name='Image'>
<Position Units='Pixels' X='438' Y='284' />
<Size Units='Pixels' Width='284' Height='284' />
<VisualStyles>
<VisualStyle State='0' Mode='0'>
<Image Id='40' Alpha='1' />
</VisualStyle>
</VisualStyles>
</Control>
<Control Type='Button' Name='Button'>
<Position Units='Pixels' X='446' Y='302' />
<Size Units='Pixels' Width='86' Height='53' />
<VisualStyles>
<VisualStyle State='0' Mode='0'>
<Face Type='2D'>
<Color  R='1' G='1' B='1' A='0' />
</Face>
<Image Id='41' Alpha='1' />
<Text Id='38' FontId='6' Alignment='CenterCenter' Wrap='False'>
<Color  R='1' G='1' B='1' A='1' />
</Text>
</VisualStyle>
<VisualStyle State='1' Mode='0'>
<Face Type='2D'>
<Color  R='1' G='1' B='1' A='0' />
</Face>
<Image Id='42' Alpha='1' />
<Text Id='38' FontId='6' Alignment='CenterCenter' Wrap='False'>
<Color  R='1' G='1' B='1' A='1' />
</Text>
</VisualStyle>
</VisualStyles>
<Bindings>
<Binding Id='671' Type='Digital' Property='State'/>
</Bindings>
<Commands>
<Command Action='TouchDown' Id='671' Type='Digital' Value='True' />
<Command Action='TouchUp' Id='671' Type='Digital' Value='False' />
</Commands>
</Control>
<Control Type='Button' Name='Button'>
<Position Units='Pixels' X='538' Y='302' />
<Size Units='Pixels' Width='86' Height='53' />
<VisualStyles>
<VisualStyle State='0' Mode='0'>
<Face Type='2D'>
<Color  R='1' G='1' B='1' A='0' />
</Face>
<Image Id='41' Alpha='1' />
<Text Id='39' FontId='6' Alignment='CenterCenter' Wrap='False'>
<Color  R='1' G='1' B='1' A='1' />
</Text>
</VisualStyle>
<VisualStyle State='1' Mode='0'>
<Face Type='2D'>
<Color  R='1' G='1' B='1' A='0' />
</Face>
<Image Id='42' Alpha='1' />
<Text Id='39' FontId='6' Alignment='CenterCenter' Wrap='False'>
<Color  R='1' G='1' B='1' A='1' />
</Text>
</VisualStyle>
</VisualStyles>
<Bindings>
<Binding Id='672' Type='Digital' Property='State'/>
</Bindings>
<Commands>
<Command Action='TouchDown' Id='672' Type='Digital' Value='True' />
<Command Action='TouchUp' Id='672' Type='Digital' Value='False' />
</Commands>
</Control>
<Control Type='Button' Name='Button'>
<Position Units='Pixels' X='630' Y='302' />
<Size Units='Pixels' Width='86' Height='53' />
<VisualStyles>
<VisualStyle State='0' Mode='0'>
<Face Type='2D'>
<Color  R='1' G='1' B='1' A='0' />
</Face>
<Image Id='41' Alpha='1' />
<Text Id='40' FontId='6' Alignment='CenterCenter' Wrap='False'>
<Color  R='1' G='1' B='1' A='1' />
</Text>
</VisualStyle>
<VisualStyle State='1' Mode='0'>
<Face Type='2D'>
<Color  R='1' G='1' B='1' A='0' />
</Face>
<Image Id='42' Alpha='1' />
<Text Id='40' FontId='6' Alignment='CenterCenter' Wrap='False'>
<Color  R='1' G='1' B='1' A='1' />
</Text>
</VisualStyle>
</VisualStyles>
<Bindings>
<Binding Id='673' Type='Digital' Property='State'/>
</Bindings>
<Commands>
<Command Action='TouchDown' Id='673' Type='Digital' Value='True' />
<Command Action='TouchUp' Id='673' Type='Digital' Value='False' />
</Commands>
</Control>
<Control Type='Button' Name='Button'>
<Position Units='Pixels' X='446' Y='372' />
<Size Units='Pixels' Width='86' Height='53' />
<VisualStyles>
<VisualStyle State='0' Mode='0'>
<Face Type='2D'>
<Color  R='1' G='1' B='1' A='0' />
</Face>
<Image Id='41' Alpha='1' />
<Text Id='41' FontId='6' Alignment='CenterCenter' Wrap='False'>
<Color  R='1' G='1' B='1' A='1' />
</Text>
</VisualStyle>
<VisualStyle State='1' Mode='0'>
<Face Type='2D'>
<Color  R='1' G='1' B='1' A='0' />
</Face>
<Image Id='42' Alpha='1' />
<Text Id='41' FontId='6' Alignment='CenterCenter' Wrap='False'>
<Color  R='1' G='1' B='1' A='1' />
</Text>
</VisualStyle>
</VisualStyles>
<Bindings>
<Binding Id='674' Type='Digital' Property='State'/>
</Bindings>
<Commands>
<Command Action='TouchDown' Id='674' Type='Digital' Value='True' />
<Command Action='TouchUp' Id='674' Type='Digital' Value='False' />
</Commands>
</Control>
<Control Type='Button' Name='Button'>
<Position Units='Pixels' X='538' Y='372' />
<Size Units='Pixels' Width='86' Height='53' />
<VisualStyles>
<VisualStyle State='0' Mode='0'>
<Face Type='2D'>
<Color  R='1' G='1' B='1' A='0' />
</Face>
<Image Id='41' Alpha='1' />
<Text Id='42' FontId='6' Alignment='CenterCenter' Wrap='False'>
<Color  R='1' G='1' B='1' A='1' />
</Text>
</VisualStyle>
<VisualStyle State='1' Mode='0'>
<Face Type='2D'>
<Color  R='1' G='1' B='1' A='0' />
</Face>
<Image Id='42' Alpha='1' />
<Text Id='42' FontId='6' Alignment='CenterCenter' Wrap='False'>
<Color  R='1' G='1' B='1' A='1' />
</Text>
</VisualStyle>
</VisualStyles>
<Bindings>
<Binding Id='675' Type='Digital' Property='State'/>
</Bindings>
<Commands>
<Command Action='TouchDown' Id='675' Type='Digital' Value='True' />
<Command Action='TouchUp' Id='675' Type='Digital' Value='False' />
</Commands>
</Control>
<Control Type='Button' Name='Button'>
<Position Units='Pixels' X='630' Y='372' />
<Size Units='Pixels' Width='86' Height='53' />
<VisualStyles>
<VisualStyle State='0' Mode='0'>
<Face Type='2D'>
<Color  R='1' G='1' B='1' A='0' />
</Face>
<Image Id='41' Alpha='1' />
<Text Id='43' FontId='6' Alignment='CenterCenter' Wrap='False'>
<Color  R='1' G='1' B='1' A='1' />
</Text>
</VisualStyle>
<VisualStyle State='1' Mode='0'>
<Face Type='2D'>
<Color  R='1' G='1' B='1' A='0' />
</Face>
<Image Id='42' Alpha='1' />
<Text Id='43' FontId='6' Alignment='CenterCenter' Wrap='False'>
<Color  R='1' G='1' B='1' A='1' />
</Text>
</VisualStyle>
</VisualStyles>
<Bindings>
<Binding Id='676' Type='Digital' Property='State'/>
</Bindings>
<Commands>
<Command Action='TouchDown' Id='676' Type='Digital' Value='True' />
<Command Action='TouchUp' Id='676' Type='Digital' Value='False' />
</Commands>
</Control>
<Control Type='Button' Name='Button'>
<Position Units='Pixels' X='446' Y='440' />
<Size Units='Pixels' Width='86' Height='53' />
<VisualStyles>
<VisualStyle State='0' Mode='0'>
<Face Type='2D'>
<Color  R='1' G='1' B='1' A='0' />
</Face>
<Image Id='41' Alpha='1' />
<Text Id='44' FontId='6' Alignment='CenterCenter' Wrap='False'>
<Color  R='1' G='1' B='1' A='1' />
</Text>
</VisualStyle>
<VisualStyle State='1' Mode='0'>
<Face Type='2D'>
<Color  R='1' G='1' B='1' A='0' />
</Face>
<Image Id='42' Alpha='1' />
<Text Id='44' FontId='6' Alignment='CenterCenter' Wrap='False'>
<Color  R='1' G='1' B='1' A='1' />
</Text>
</VisualStyle>
</VisualStyles>
<Bindings>
<Binding Id='677' Type='Digital' Property='State'/>
</Bindings>
<Commands>
<Command Action='TouchDown' Id='677' Type='Digital' Value='True' />
<Command Action='TouchUp' Id='677' Type='Digital' Value='False' />
</Commands>
</Control>
<Control Type='Button' Name='Button'>
<Position Units='Pixels' X='538' Y='440' />
<Size Units='Pixels' Width='86' Height='53' />
<VisualStyles>
<VisualStyle State='0' Mode='0'>
<Face Type='2D'>
<Color  R='1' G='1' B='1' A='0' />
</Face>
<Image Id='41' Alpha='1' />
<Text Id='45' FontId='6' Alignment='CenterCenter' Wrap='False'>
<Color  R='1' G='1' B='1' A='1' />
</Text>
</VisualStyle>
<VisualStyle State='1' Mode='0'>
<Face Type='2D'>
<Color  R='1' G='1' B='1' A='0' />
</Face>
<Image Id='42' Alpha='1' />
<Text Id='45' FontId='6' Alignment='CenterCenter' Wrap='False'>
<Color  R='1' G='1' B='1' A='1' />
</Text>
</VisualStyle>
</VisualStyles>
<Bindings>
<Binding Id='678' Type='Digital' Property='State'/>
</Bindings>
<Commands>
<Command Action='TouchDown' Id='678' Type='Digital' Value='True' />
<Command Action='TouchUp' Id='678' Type='Digital' Value='False' />
</Commands>
</Control>
<Control Type='Button' Name='Button'>
<Position Units='Pixels' X='630' Y='440' />
<Size Units='Pixels' Width='86' Height='53' />
<VisualStyles>
<VisualStyle State='0' Mode='0'>
<Face Type='2D'>
<Color  R='1' G='1' B='1' A='0' />
</Face>
<Image Id='41' Alpha='1' />
<Text Id='46' FontId='6' Alignment='CenterCenter' Wrap='False'>
<Color  R='1' G='1' B='1' A='1' />
</Text>
</VisualStyle>
<VisualStyle State='1' Mode='0'>
<Face Type='2D'>
<Color  R='1' G='1' B='1' A='0' />
</Face>
<Image Id='42' Alpha='1' />
<Text Id='46' FontId='6' Alignment='CenterCenter' Wrap='False'>
<Color  R='1' G='1' B='1' A='1' />
</Text>
</VisualStyle>
</VisualStyles>
<Bindings>
<Binding Id='679' Type='Digital' Property='State'/>
</Bindings>
<Commands>
<Command Action='TouchDown' Id='679' Type='Digital' Value='True' />
<Command Action='TouchUp' Id='679' Type='Digital' Value='False' />
</Commands>
</Control>
<Control Type='Button' Name='Button'>
<Position Units='Pixels' X='446' Y='508' />
<Size Units='Pixels' Width='86' Height='53' />
<VisualStyles>
<VisualStyle State='0' Mode='0'>
<Face Type='2D'>
<Color  R='1' G='1' B='1' A='0' />
</Face>
<Image Id='41' Alpha='1' />
<Text Id='190' FontId='2' Alignment='CenterCenter' Wrap='False'>
<Color  R='1' G='1' B='1' A='1' />
</Text>
</VisualStyle>
<VisualStyle State='1' Mode='0'>
<Face Type='2D'>
<Color  R='1' G='1' B='1' A='0' />
</Face>
<Image Id='42' Alpha='1' />
<Text Id='190' FontId='2' Alignment='CenterCenter' Wrap='False'>
<Color  R='1' G='1' B='1' A='1' />
</Text>
</VisualStyle>
</VisualStyles>
<Bindings>
<Binding Id='681' Type='Digital' Property='State'/>
</Bindings>
<Commands>
<Command Action='TouchDown' Id='681' Type='Digital' Value='True' />
<Command Action='TouchUp' Id='681' Type='Digital' Value='False' />
</Commands>
</Control>
<Control Type='Button' Name='Button'>
<Position Units='Pixels' X='538' Y='508' />
<Size Units='Pixels' Width='86' Height='53' />
<VisualStyles>
<VisualStyle State='0' Mode='0'>
<Face Type='2D'>
<Color  R='1' G='1' B='1' A='0' />
</Face>
<Image Id='41' Alpha='1' />
<Text Id='48' FontId='6' Alignment='CenterCenter' Wrap='False'>
<Color  R='1' G='1' B='1' A='1' />
</Text>
</VisualStyle>
<VisualStyle State='1' Mode='0'>
<Face Type='2D'>
<Color  R='1' G='1' B='1' A='0' />
</Face>
<Image Id='42' Alpha='1' />
<Text Id='48' FontId='6' Alignment='CenterCenter' Wrap='False'>
<Color  R='1' G='1' B='1' A='1' />
</Text>
</VisualStyle>
</VisualStyles>
<Bindings>
<Binding Id='670' Type='Digital' Property='State'/>
</Bindings>
<Commands>
<Command Action='TouchDown' Id='670' Type='Digital' Value='True' />
<Command Action='TouchUp' Id='670' Type='Digital' Value='False' />
</Commands>
</Control>
<Control Type='Button' Name='Button'>
<Position Units='Pixels' X='630' Y='508' />
<Size Units='Pixels' Width='86' Height='53' />
<VisualStyles>
<VisualStyle State='0' Mode='0'>
<Face Type='2D'>
<Color  R='1' G='1' B='1' A='0' />
</Face>
<Image Id='41' Alpha='1' />
<Text Id='191' FontId='2' Alignment='CenterCenter' Wrap='False'>
<Color  R='1' G='1' B='1' A='1' />
</Text>
</VisualStyle>
<VisualStyle State='1' Mode='0'>
<Face Type='2D'>
<Color  R='1' G='1' B='1' A='0' />
</Face>
<Image Id='42' Alpha='1' />
<Text Id='191' FontId='2' Alignment='CenterCenter' Wrap='False'>
<Color  R='1' G='1' B='1' A='1' />
</Text>
</VisualStyle>
</VisualStyles>
<Bindings>
<Binding Id='680' Type='Digital' Property='State'/>
</Bindings>
<Commands>
<Command Action='TouchDown' Id='680' Type='Digital' Value='True' />
<Command Action='TouchUp' Id='680' Type='Digital' Value='False' />
</Commands>
</Control>
<Control Type='Button' Name='Text'>
<Position Units='Pixels' X='446' Y='286' />
<Size Units='Pixels' Width='86' Height='20' />
<VisualStyles>
<VisualStyle State='0' Mode='0'>
<Text Id='192' FontId='19' Alignment='CenterCenter' Wrap='False'>
<Color  R='1' G='1' B='0.501961' A='1' />
</Text>
</VisualStyle>
</VisualStyles>
</Control>
<Control Type='Button' Name='Text'>
<Position Units='Pixels' X='538' Y='286' />
<Size Units='Pixels' Width='86' Height='20' />
<VisualStyles>
<VisualStyle State='0' Mode='0'>
<Text Id='193' FontId='19' Alignment='CenterCenter' Wrap='False'>
<Color  R='1' G='1' B='0.501961' A='1' />
</Text>
</VisualStyle>
</VisualStyles>
</Control>
<Control Type='Button' Name='Text'>
<Position Units='Pixels' X='538' Y='356' />
<Size Units='Pixels' Width='86' Height='20' />
<VisualStyles>
<VisualStyle State='0' Mode='0'>
<Text Id='194' FontId='19' Alignment='CenterCenter' Wrap='False'>
<Color  R='1' G='1' B='0.501961' A='1' />
</Text>
</VisualStyle>
</VisualStyles>
</Control>
<Control Type='Button' Name='Text'>
<Position Units='Pixels' X='446' Y='424' />
<Size Units='Pixels' Width='86' Height='20' />
<VisualStyles>
<VisualStyle State='0' Mode='0'>
<Text Id='195' FontId='19' Alignment='CenterCenter' Wrap='False'>
<Color  R='1' G='1' B='0.501961' A='1' />
</Text>
</VisualStyle>
</VisualStyles>
</Control>
<Control Type='Button' Name='Text'>
<Position Units='Pixels' X='538' Y='424' />
<Size Units='Pixels' Width='86' Height='20' />
<VisualStyles>
<VisualStyle State='0' Mode='0'>
<Text Id='196' FontId='19' Alignment='CenterCenter' Wrap='False'>
<Color  R='1' G='1' B='0.501961' A='1' />
</Text>
</VisualStyle>
</VisualStyles>
</Control>
<Control Type='Button' Name='Text'>
<Position Units='Pixels' X='446' Y='492' />
<Size Units='Pixels' Width='86' Height='20' />
<VisualStyles>
<VisualStyle State='0' Mode='0'>
<Text Id='197' FontId='19' Alignment='CenterCenter' Wrap='False'>
<Color  R='1' G='1' B='0.501961' A='1' />
</Text>
</VisualStyle>
</VisualStyles>
</Control>
<Control Type='Button' Name='Text'>
<Position Units='Pixels' X='630' Y='492' />
<Size Units='Pixels' Width='86' Height='20' />
<VisualStyles>
<VisualStyle State='0' Mode='0'>
<Text Id='151' FontId='19' Alignment='CenterCenter' Wrap='False'>
<Color  R='1' G='1' B='0.501961' A='1' />
</Text>
</VisualStyle>
</VisualStyles>
</Control>
<Control Type='Button' Name='Button'>
<Position Units='Pixels' X='52' Y='320' />
<Size Units='Pixels' Width='120' Height='45' />
<VisualStyles>
<VisualStyle State='0' Mode='0'>
<Face Type='2D'>
<Color  R='1' G='1' B='1' A='0' />
</Face>
<Image Id='10' Alpha='1' />
<Text Id='198' FontId='2' Alignment='CenterCenter' Wrap='False'>
<Color  R='1' G='1' B='1' A='1' />
</Text>
</VisualStyle>
<VisualStyle State='1' Mode='0'>
<Face Type='2D'>
<Color  R='1' G='1' B='1' A='0' />
</Face>
<Image Id='11' Alpha='1' />
<Text Id='198' FontId='2' Alignment='CenterCenter' Wrap='False'>
<Color  R='1' G='1' B='1' A='1' />
</Text>
</VisualStyle>
</VisualStyles>
<Bindings>
<Binding Id='683' Type='Digital' Property='State'/>
</Bindings>
<Commands>
<Command Action='TouchDown' Id='683' Type='Digital' Value='True' />
<Command Action='TouchUp' Id='683' Type='Digital' Value='False' />
</Commands>
</Control>
<Control Type='Button' Name='Button'>
<Position Units='Pixels' X='52' Y='400' />
<Size Units='Pixels' Width='120' Height='45' />
<VisualStyles>
<VisualStyle State='0' Mode='0'>
<Face Type='2D'>
<Color  R='1' G='1' B='1' A='0' />
</Face>
<Image Id='10' Alpha='1' />
<Text Id='199' FontId='2' Alignment='CenterCenter' Wrap='False'>
<Color  R='1' G='1' B='1' A='1' />
</Text>
</VisualStyle>
<VisualStyle State='1' Mode='0'>
<Face Type='2D'>
<Color  R='1' G='1' B='1' A='0' />
</Face>
<Image Id='11' Alpha='1' />
<Text Id='199' FontId='2' Alignment='CenterCenter' Wrap='False'>
<Color  R='1' G='1' B='1' A='1' />
</Text>
</VisualStyle>
</VisualStyles>
<Bindings>
<Binding Id='684' Type='Digital' Property='State'/>
</Bindings>
<Commands>
<Command Action='TouchDown' Id='684' Type='Digital' Value='True' />
<Command Action='TouchUp' Id='684' Type='Digital' Value='False' />
</Commands>
</Control>
<Control Type='Button' Name='Button'>
<Position Units='Pixels' X='52' Y='480' />
<Size Units='Pixels' Width='120' Height='45' />
<VisualStyles>
<VisualStyle State='0' Mode='0'>
<Face Type='2D'>
<Color  R='1' G='1' B='1' A='0' />
</Face>
<Image Id='10' Alpha='1' />
<Text Id='200' FontId='2' Alignment='CenterCenter' Wrap='False'>
<Color  R='1' G='1' B='1' A='1' />
</Text>
</VisualStyle>
<VisualStyle State='1' Mode='0'>
<Face Type='2D'>
<Color  R='1' G='1' B='1' A='0' />
</Face>
<Image Id='11' Alpha='1' />
<Text Id='200' FontId='2' Alignment='CenterCenter' Wrap='False'>
<Color  R='1' G='1' B='1' A='1' />
</Text>
</VisualStyle>
</VisualStyles>
<Bindings>
<Binding Id='682' Type='Digital' Property='State'/>
</Bindings>
<Commands>
<Command Action='TouchDown' Id='682' Type='Digital' Value='True' />
<Command Action='TouchUp' Id='682' Type='Digital' Value='False' />
</Commands>
</Control>
</Control>
</File>
