<?xml version='1.0' encoding='ISO-8859-1' ?>
<File Type='Page' Version='5.1.0'>
<Control Type='Subpage' Name='Source (71 Jukebox - Search)'>
<Position Units='Pixels' X='0' Y='0' />
<Size Units='Pixels' Width='764' Height='450' />
<VisualStyles>
<VisualStyle>
<Background>
<Color  R='0' G='0.0196078' B='0.117647' A='1' />
</Background>
</VisualStyle>
</VisualStyles>
<Control Type='Button' Name='Button'>
<Position Units='Pixels' X='68' Y='126' />
<Size Units='Pixels' Width='55' Height='43' />
<VisualStyles>
<VisualStyle State='0' Mode='0'>
<Face Type='2D'>
<Color  R='0.752941' G='0.752941' B='0.752941' A='0' />
</Face>
<Image Id='143' Alpha='1' />
<Text Id='39' FontId='16' Alignment='CenterCenter' Wrap='False'>
<Color  R='0.941176' G='0.941176' B='0.941176' A='1' />
</Text>
</VisualStyle>
<VisualStyle State='1' Mode='0'>
<Face Type='2D'>
<Color  R='0.752941' G='0.752941' B='0.752941' A='0' />
</Face>
<Image Id='144' Alpha='1' />
<Text Id='140' FontId='17' Alignment='CenterCenter' Wrap='False'>
<Color  R='1' G='1' B='1' A='1' />
</Text>
</VisualStyle>
</VisualStyles>
<Bindings>
<Binding Id='156' Type='Digital' Property='State'/>
</Bindings>
<Commands>
<Command Action='TouchDown' Id='156' Type='Digital' Value='True' />
<Command Action='TouchUp' Id='156' Type='Digital' Value='False' />
</Commands>
</Control>
<Control Type='Button' Name='Button'>
<Position Units='Pixels' X='128' Y='126' />
<Size Units='Pixels' Width='55' Height='43' />
<VisualStyles>
<VisualStyle State='0' Mode='0'>
<Face Type='2D'>
<Color  R='0.752941' G='0.752941' B='0.752941' A='0' />
</Face>
<Image Id='143' Alpha='1' />
<Text Id='40' FontId='16' Alignment='CenterCenter' Wrap='False'>
<Color  R='0.941176' G='0.941176' B='0.941176' A='1' />
</Text>
</VisualStyle>
<VisualStyle State='1' Mode='0'>
<Face Type='2D'>
<Color  R='0.752941' G='0.752941' B='0.752941' A='0' />
</Face>
<Image Id='144' Alpha='1' />
<Text Id='141' FontId='17' Alignment='CenterCenter' Wrap='False'>
<Color  R='1' G='1' B='1' A='1' />
</Text>
</VisualStyle>
</VisualStyles>
<Bindings>
<Binding Id='157' Type='Digital' Property='State'/>
</Bindings>
<Commands>
<Command Action='TouchDown' Id='157' Type='Digital' Value='True' />
<Command Action='TouchUp' Id='157' Type='Digital' Value='False' />
</Commands>
</Control>
<Control Type='Button' Name='Button'>
<Position Units='Pixels' X='188' Y='126' />
<Size Units='Pixels' Width='55' Height='43' />
<VisualStyles>
<VisualStyle State='0' Mode='0'>
<Face Type='2D'>
<Color  R='0.752941' G='0.752941' B='0.752941' A='0' />
</Face>
<Image Id='143' Alpha='1' />
<Text Id='41' FontId='16' Alignment='CenterCenter' Wrap='False'>
<Color  R='0.941176' G='0.941176' B='0.941176' A='1' />
</Text>
</VisualStyle>
<VisualStyle State='1' Mode='0'>
<Face Type='2D'>
<Color  R='0.752941' G='0.752941' B='0.752941' A='0' />
</Face>
<Image Id='144' Alpha='1' />
<Text Id='142' FontId='17' Alignment='CenterCenter' Wrap='False'>
<Color  R='1' G='1' B='1' A='1' />
</Text>
</VisualStyle>
</VisualStyles>
<Bindings>
<Binding Id='158' Type='Digital' Property='State'/>
</Bindings>
<Commands>
<Command Action='TouchDown' Id='158' Type='Digital' Value='True' />
<Command Action='TouchUp' Id='158' Type='Digital' Value='False' />
</Commands>
</Control>
<Control Type='Button' Name='Button'>
<Position Units='Pixels' X='248' Y='126' />
<Size Units='Pixels' Width='55' Height='43' />
<VisualStyles>
<VisualStyle State='0' Mode='0'>
<Face Type='2D'>
<Color  R='0.752941' G='0.752941' B='0.752941' A='0' />
</Face>
<Image Id='143' Alpha='1' />
<Text Id='42' FontId='16' Alignment='CenterCenter' Wrap='False'>
<Color  R='0.941176' G='0.941176' B='0.941176' A='1' />
</Text>
</VisualStyle>
<VisualStyle State='1' Mode='0'>
<Face Type='2D'>
<Color  R='0.752941' G='0.752941' B='0.752941' A='0' />
</Face>
<Image Id='144' Alpha='1' />
<Text Id='143' FontId='17' Alignment='CenterCenter' Wrap='False'>
<Color  R='1' G='1' B='1' A='1' />
</Text>
</VisualStyle>
</VisualStyles>
<Bindings>
<Binding Id='159' Type='Digital' Property='State'/>
</Bindings>
<Commands>
<Command Action='TouchDown' Id='159' Type='Digital' Value='True' />
<Command Action='TouchUp' Id='159' Type='Digital' Value='False' />
</Commands>
</Control>
<Control Type='Button' Name='Button'>
<Position Units='Pixels' X='308' Y='126' />
<Size Units='Pixels' Width='55' Height='43' />
<VisualStyles>
<VisualStyle State='0' Mode='0'>
<Face Type='2D'>
<Color  R='0.752941' G='0.752941' B='0.752941' A='0' />
</Face>
<Image Id='143' Alpha='1' />
<Text Id='43' FontId='16' Alignment='CenterCenter' Wrap='False'>
<Color  R='0.941176' G='0.941176' B='0.941176' A='1' />
</Text>
</VisualStyle>
<VisualStyle State='1' Mode='0'>
<Face Type='2D'>
<Color  R='0.752941' G='0.752941' B='0.752941' A='0' />
</Face>
<Image Id='144' Alpha='1' />
<Text Id='144' FontId='17' Alignment='CenterCenter' Wrap='False'>
<Color  R='1' G='1' B='1' A='1' />
</Text>
</VisualStyle>
</VisualStyles>
<Bindings>
<Binding Id='160' Type='Digital' Property='State'/>
</Bindings>
<Commands>
<Command Action='TouchDown' Id='160' Type='Digital' Value='True' />
<Command Action='TouchUp' Id='160' Type='Digital' Value='False' />
</Commands>
</Control>
<Control Type='Button' Name='Button'>
<Position Units='Pixels' X='368' Y='126' />
<Size Units='Pixels' Width='55' Height='43' />
<VisualStyles>
<VisualStyle State='0' Mode='0'>
<Face Type='2D'>
<Color  R='0.752941' G='0.752941' B='0.752941' A='0' />
</Face>
<Image Id='143' Alpha='1' />
<Text Id='44' FontId='16' Alignment='CenterCenter' Wrap='False'>
<Color  R='0.941176' G='0.941176' B='0.941176' A='1' />
</Text>
</VisualStyle>
<VisualStyle State='1' Mode='0'>
<Face Type='2D'>
<Color  R='0.752941' G='0.752941' B='0.752941' A='0' />
</Face>
<Image Id='144' Alpha='1' />
<Text Id='145' FontId='17' Alignment='CenterCenter' Wrap='False'>
<Color  R='1' G='1' B='1' A='1' />
</Text>
</VisualStyle>
</VisualStyles>
<Bindings>
<Binding Id='161' Type='Digital' Property='State'/>
</Bindings>
<Commands>
<Command Action='TouchDown' Id='161' Type='Digital' Value='True' />
<Command Action='TouchUp' Id='161' Type='Digital' Value='False' />
</Commands>
</Control>
<Control Type='Button' Name='Button'>
<Position Units='Pixels' X='428' Y='126' />
<Size Units='Pixels' Width='55' Height='43' />
<VisualStyles>
<VisualStyle State='0' Mode='0'>
<Face Type='2D'>
<Color  R='0.752941' G='0.752941' B='0.752941' A='0' />
</Face>
<Image Id='143' Alpha='1' />
<Text Id='45' FontId='16' Alignment='CenterCenter' Wrap='False'>
<Color  R='0.941176' G='0.941176' B='0.941176' A='1' />
</Text>
</VisualStyle>
<VisualStyle State='1' Mode='0'>
<Face Type='2D'>
<Color  R='0.752941' G='0.752941' B='0.752941' A='0' />
</Face>
<Image Id='144' Alpha='1' />
<Text Id='146' FontId='17' Alignment='CenterCenter' Wrap='False'>
<Color  R='1' G='1' B='1' A='1' />
</Text>
</VisualStyle>
</VisualStyles>
<Bindings>
<Binding Id='162' Type='Digital' Property='State'/>
</Bindings>
<Commands>
<Command Action='TouchDown' Id='162' Type='Digital' Value='True' />
<Command Action='TouchUp' Id='162' Type='Digital' Value='False' />
</Commands>
</Control>
<Control Type='Button' Name='Button'>
<Position Units='Pixels' X='488' Y='126' />
<Size Units='Pixels' Width='55' Height='43' />
<VisualStyles>
<VisualStyle State='0' Mode='0'>
<Face Type='2D'>
<Color  R='0.752941' G='0.752941' B='0.752941' A='0' />
</Face>
<Image Id='143' Alpha='1' />
<Text Id='46' FontId='16' Alignment='CenterCenter' Wrap='False'>
<Color  R='0.941176' G='0.941176' B='0.941176' A='1' />
</Text>
</VisualStyle>
<VisualStyle State='1' Mode='0'>
<Face Type='2D'>
<Color  R='0.752941' G='0.752941' B='0.752941' A='0' />
</Face>
<Image Id='144' Alpha='1' />
<Text Id='147' FontId='17' Alignment='CenterCenter' Wrap='False'>
<Color  R='1' G='1' B='1' A='1' />
</Text>
</VisualStyle>
</VisualStyles>
<Bindings>
<Binding Id='163' Type='Digital' Property='State'/>
</Bindings>
<Commands>
<Command Action='TouchDown' Id='163' Type='Digital' Value='True' />
<Command Action='TouchUp' Id='163' Type='Digital' Value='False' />
</Commands>
</Control>
<Control Type='Button' Name='Button'>
<Position Units='Pixels' X='548' Y='126' />
<Size Units='Pixels' Width='55' Height='43' />
<VisualStyles>
<VisualStyle State='0' Mode='0'>
<Face Type='2D'>
<Color  R='0.752941' G='0.752941' B='0.752941' A='0' />
</Face>
<Image Id='143' Alpha='1' />
<Text Id='47' FontId='16' Alignment='CenterCenter' Wrap='False'>
<Color  R='0.941176' G='0.941176' B='0.941176' A='1' />
</Text>
</VisualStyle>
<VisualStyle State='1' Mode='0'>
<Face Type='2D'>
<Color  R='0.752941' G='0.752941' B='0.752941' A='0' />
</Face>
<Image Id='144' Alpha='1' />
<Text Id='148' FontId='17' Alignment='CenterCenter' Wrap='False'>
<Color  R='1' G='1' B='1' A='1' />
</Text>
</VisualStyle>
</VisualStyles>
<Bindings>
<Binding Id='164' Type='Digital' Property='State'/>
</Bindings>
<Commands>
<Command Action='TouchDown' Id='164' Type='Digital' Value='True' />
<Command Action='TouchUp' Id='164' Type='Digital' Value='False' />
</Commands>
</Control>
<Control Type='Button' Name='Button'>
<Position Units='Pixels' X='608' Y='126' />
<Size Units='Pixels' Width='55' Height='43' />
<VisualStyles>
<VisualStyle State='0' Mode='0'>
<Face Type='2D'>
<Color  R='0.752941' G='0.752941' B='0.752941' A='0' />
</Face>
<Image Id='143' Alpha='1' />
<Text Id='49' FontId='16' Alignment='CenterCenter' Wrap='False'>
<Color  R='0.941176' G='0.941176' B='0.941176' A='1' />
</Text>
</VisualStyle>
<VisualStyle State='1' Mode='0'>
<Face Type='2D'>
<Color  R='0.752941' G='0.752941' B='0.752941' A='0' />
</Face>
<Image Id='144' Alpha='1' />
<Text Id='149' FontId='17' Alignment='CenterCenter' Wrap='False'>
<Color  R='1' G='1' B='1' A='1' />
</Text>
</VisualStyle>
</VisualStyles>
<Bindings>
<Binding Id='155' Type='Digital' Property='State'/>
</Bindings>
<Commands>
<Command Action='TouchDown' Id='155' Type='Digital' Value='True' />
<Command Action='TouchUp' Id='155' Type='Digital' Value='False' />
</Commands>
</Control>
<Control Type='Button' Name='Button'>
<Position Units='Pixels' X='543' Y='282' />
<Size Units='Pixels' Width='55' Height='43' />
<VisualStyles>
<VisualStyle State='0' Mode='0'>
<Face Type='2D'>
<Color  R='0.752941' G='0.752941' B='0.752941' A='0' />
</Face>
<Image Id='143' Alpha='1' />
<Text Id='150' FontId='16' Alignment='CenterCenter' Wrap='False'>
<Color  R='0.941176' G='0.941176' B='0.941176' A='1' />
</Text>
</VisualStyle>
<VisualStyle State='1' Mode='0'>
<Face Type='2D'>
<Color  R='0.752941' G='0.752941' B='0.752941' A='0' />
</Face>
<Image Id='144' Alpha='1' />
<Text Id='151' FontId='16' Alignment='CenterCenter' Wrap='False'>
<Color  R='1' G='1' B='1' A='1' />
</Text>
</VisualStyle>
</VisualStyles>
<Bindings>
<Binding Id='192' Type='Digital' Property='State'/>
</Bindings>
<Commands>
<Command Action='TouchDown' Id='192' Type='Digital' Value='True' />
<Command Action='TouchUp' Id='192' Type='Digital' Value='False' />
</Commands>
</Control>
<Control Type='Button' Name='Button'>
<Position Units='Pixels' X='224' Y='330' />
<Size Units='Pixels' Width='235' Height='50' />
<VisualStyles>
<VisualStyle State='0' Mode='0'>
<Face Type='2D'>
<Color  R='0.752941' G='0.752941' B='0.752941' A='0' />
</Face>
<Image Id='145' Alpha='1' />
<Text Id='152' FontId='16' Alignment='CenterCenter' Wrap='False'>
<Color  R='0.941176' G='0.941176' B='0.941176' A='1' />
</Text>
</VisualStyle>
<VisualStyle State='1' Mode='0'>
<Face Type='2D'>
<Color  R='0.752941' G='0.752941' B='0.752941' A='0' />
</Face>
<Image Id='146' Alpha='1' />
<Text Id='152' FontId='16' Alignment='CenterCenter' Wrap='False'>
<Color  R='1' G='1' B='1' A='1' />
</Text>
</VisualStyle>
</VisualStyles>
<Bindings>
<Binding Id='191' Type='Digital' Property='State'/>
</Bindings>
<Commands>
<Command Action='TouchDown' Id='191' Type='Digital' Value='True' />
<Command Action='TouchUp' Id='191' Type='Digital' Value='False' />
</Commands>
</Control>
<Control Type='Button' Name='Button'>
<Position Units='Pixels' X='24' Y='229' />
<Size Units='Pixels' Width='65' Height='43' />
<VisualStyles>
<VisualStyle State='0' Mode='0'>
<Face Type='2D'>
<Color  R='0.752941' G='0.752941' B='0.752941' A='0' />
</Face>
<Image Id='147' Alpha='1' />
<Text Id='153' FontId='7' Alignment='CenterCenter' Wrap='False'>
<Color  R='0.941176' G='0.941176' B='0.941176' A='1' />
</Text>
</VisualStyle>
<VisualStyle State='1' Mode='0'>
<Face Type='2D'>
<Color  R='0.752941' G='0.752941' B='0.752941' A='0' />
</Face>
<Image Id='148' Alpha='1' />
<Text Id='153' FontId='7' Alignment='CenterCenter' Wrap='False'>
<Color  R='1' G='1' B='1' A='1' />
</Text>
</VisualStyle>
</VisualStyles>
<Bindings>
<Binding Id='193' Type='Digital' Property='State'/>
</Bindings>
<Commands>
<Command Action='TouchDown' Id='193' Type='Digital' Value='True' />
<Command Action='TouchUp' Id='193' Type='Digital' Value='False' />
</Commands>
</Control>
<Control Type='Button' Name='Button'>
<Position Units='Pixels' X='647' Y='230' />
<Size Units='Pixels' Width='85' Height='43' />
<VisualStyles>
<VisualStyle State='0' Mode='0'>
<Face Type='2D'>
<Color  R='0.752941' G='0.752941' B='0.752941' A='0' />
</Face>
<Image Id='149' Alpha='1' />
<Text Id='154' FontId='7' Alignment='CenterCenter' Wrap='False'>
<Color  R='0.941176' G='0.941176' B='0.941176' A='1' />
</Text>
</VisualStyle>
<VisualStyle State='1' Mode='0'>
<Face Type='2D'>
<Color  R='0.752941' G='0.752941' B='0.752941' A='0' />
</Face>
<Image Id='150' Alpha='1' />
<Text Id='154' FontId='7' Alignment='CenterCenter' Wrap='False'>
<Color  R='1' G='1' B='1' A='1' />
</Text>
</VisualStyle>
</VisualStyles>
<Bindings>
<Binding Id='196' Type='Digital' Property='State'/>
</Bindings>
<Commands>
<Command Action='TouchDown' Id='196' Type='Digital' Value='True' />
<Command Action='TouchUp' Id='196' Type='Digital' Value='False' />
</Commands>
</Control>
<Control Type='Button' Name='Image'>
<Position Units='Pixels' X='393' Y='32' />
<Size Units='Pixels' Width='270' Height='30' />
<VisualStyles>
<VisualStyle State='0' Mode='0'>
<Image Id='151' Alpha='1' />
</VisualStyle>
</VisualStyles>
</Control>
<Control Type='Button' Name='Button'>
<Position Units='Pixels' X='68' Y='178' />
<Size Units='Pixels' Width='55' Height='43' />
<VisualStyles>
<VisualStyle State='0' Mode='0'>
<Face Type='2D'>
<Color  R='0.752941' G='0.752941' B='0.752941' A='0' />
</Face>
<Image Id='144' Alpha='1' />
<Text Id='155' FontId='16' Alignment='CenterCenter' Wrap='False'>
<Color  R='0.941176' G='0.941176' B='0.941176' A='1' />
</Text>
</VisualStyle>
<VisualStyle State='1' Mode='0'>
<Face Type='2D'>
<Color  R='0.752941' G='0.752941' B='0.752941' A='0' />
</Face>
<Image Id='143' Alpha='1' />
<Text Id='155' FontId='16' Alignment='CenterCenter' Wrap='False'>
<Color  R='1' G='1' B='1' A='1' />
</Text>
</VisualStyle>
</VisualStyles>
<Bindings>
<Binding Id='181' Type='Digital' Property='State'/>
</Bindings>
<Commands>
<Command Action='TouchDown' Id='181' Type='Digital' Value='True' />
<Command Action='TouchUp' Id='181' Type='Digital' Value='False' />
</Commands>
</Control>
<Control Type='Button' Name='Button'>
<Position Units='Pixels' X='128' Y='178' />
<Size Units='Pixels' Width='55' Height='43' />
<VisualStyles>
<VisualStyle State='0' Mode='0'>
<Face Type='2D'>
<Color  R='0.752941' G='0.752941' B='0.752941' A='0' />
</Face>
<Image Id='144' Alpha='1' />
<Text Id='156' FontId='16' Alignment='CenterCenter' Wrap='False'>
<Color  R='0.941176' G='0.941176' B='0.941176' A='1' />
</Text>
</VisualStyle>
<VisualStyle State='1' Mode='0'>
<Face Type='2D'>
<Color  R='0.752941' G='0.752941' B='0.752941' A='0' />
</Face>
<Image Id='143' Alpha='1' />
<Text Id='156' FontId='16' Alignment='CenterCenter' Wrap='False'>
<Color  R='1' G='1' B='1' A='1' />
</Text>
</VisualStyle>
</VisualStyles>
<Bindings>
<Binding Id='187' Type='Digital' Property='State'/>
</Bindings>
<Commands>
<Command Action='TouchDown' Id='187' Type='Digital' Value='True' />
<Command Action='TouchUp' Id='187' Type='Digital' Value='False' />
</Commands>
</Control>
<Control Type='Button' Name='Button'>
<Position Units='Pixels' X='248' Y='178' />
<Size Units='Pixels' Width='55' Height='43' />
<VisualStyles>
<VisualStyle State='0' Mode='0'>
<Face Type='2D'>
<Color  R='0.752941' G='0.752941' B='0.752941' A='0' />
</Face>
<Image Id='144' Alpha='1' />
<Text Id='157' FontId='16' Alignment='CenterCenter' Wrap='False'>
<Color  R='0.941176' G='0.941176' B='0.941176' A='1' />
</Text>
</VisualStyle>
<VisualStyle State='1' Mode='0'>
<Face Type='2D'>
<Color  R='0.752941' G='0.752941' B='0.752941' A='0' />
</Face>
<Image Id='143' Alpha='1' />
<Text Id='157' FontId='16' Alignment='CenterCenter' Wrap='False'>
<Color  R='1' G='1' B='1' A='1' />
</Text>
</VisualStyle>
</VisualStyles>
<Bindings>
<Binding Id='182' Type='Digital' Property='State'/>
</Bindings>
<Commands>
<Command Action='TouchDown' Id='182' Type='Digital' Value='True' />
<Command Action='TouchUp' Id='182' Type='Digital' Value='False' />
</Commands>
</Control>
<Control Type='Button' Name='Button'>
<Position Units='Pixels' X='188' Y='178' />
<Size Units='Pixels' Width='55' Height='43' />
<VisualStyles>
<VisualStyle State='0' Mode='0'>
<Face Type='2D'>
<Color  R='0.752941' G='0.752941' B='0.752941' A='0' />
</Face>
<Image Id='144' Alpha='1' />
<Text Id='158' FontId='16' Alignment='CenterCenter' Wrap='False'>
<Color  R='0.941176' G='0.941176' B='0.941176' A='1' />
</Text>
</VisualStyle>
<VisualStyle State='1' Mode='0'>
<Face Type='2D'>
<Color  R='0.752941' G='0.752941' B='0.752941' A='0' />
</Face>
<Image Id='143' Alpha='1' />
<Text Id='159' FontId='16' Alignment='CenterCenter' Wrap='False'>
<Color  R='1' G='1' B='1' A='1' />
</Text>
</VisualStyle>
</VisualStyles>
<Bindings>
<Binding Id='169' Type='Digital' Property='State'/>
</Bindings>
<Commands>
<Command Action='TouchDown' Id='169' Type='Digital' Value='True' />
<Command Action='TouchUp' Id='169' Type='Digital' Value='False' />
</Commands>
</Control>
<Control Type='Button' Name='Button'>
<Position Units='Pixels' X='308' Y='178' />
<Size Units='Pixels' Width='55' Height='43' />
<VisualStyles>
<VisualStyle State='0' Mode='0'>
<Face Type='2D'>
<Color  R='0.752941' G='0.752941' B='0.752941' A='0' />
</Face>
<Image Id='144' Alpha='1' />
<Text Id='160' FontId='16' Alignment='CenterCenter' Wrap='False'>
<Color  R='0.941176' G='0.941176' B='0.941176' A='1' />
</Text>
</VisualStyle>
<VisualStyle State='1' Mode='0'>
<Face Type='2D'>
<Color  R='0.752941' G='0.752941' B='0.752941' A='0' />
</Face>
<Image Id='143' Alpha='1' />
<Text Id='160' FontId='16' Alignment='CenterCenter' Wrap='False'>
<Color  R='1' G='1' B='1' A='1' />
</Text>
</VisualStyle>
</VisualStyles>
<Bindings>
<Binding Id='184' Type='Digital' Property='State'/>
</Bindings>
<Commands>
<Command Action='TouchDown' Id='184' Type='Digital' Value='True' />
<Command Action='TouchUp' Id='184' Type='Digital' Value='False' />
</Commands>
</Control>
<Control Type='Button' Name='Button'>
<Position Units='Pixels' X='368' Y='178' />
<Size Units='Pixels' Width='55' Height='43' />
<VisualStyles>
<VisualStyle State='0' Mode='0'>
<Face Type='2D'>
<Color  R='0.752941' G='0.752941' B='0.752941' A='0' />
</Face>
<Image Id='144' Alpha='1' />
<Text Id='161' FontId='16' Alignment='CenterCenter' Wrap='False'>
<Color  R='0.941176' G='0.941176' B='0.941176' A='1' />
</Text>
</VisualStyle>
<VisualStyle State='1' Mode='0'>
<Face Type='2D'>
<Color  R='0.752941' G='0.752941' B='0.752941' A='0' />
</Face>
<Image Id='143' Alpha='1' />
<Text Id='161' FontId='16' Alignment='CenterCenter' Wrap='False'>
<Color  R='1' G='1' B='1' A='1' />
</Text>
</VisualStyle>
</VisualStyles>
<Bindings>
<Binding Id='189' Type='Digital' Property='State'/>
</Bindings>
<Commands>
<Command Action='TouchDown' Id='189' Type='Digital' Value='True' />
<Command Action='TouchUp' Id='189' Type='Digital' Value='False' />
</Commands>
</Control>
<Control Type='Button' Name='Button'>
<Position Units='Pixels' X='488' Y='178' />
<Size Units='Pixels' Width='55' Height='43' />
<VisualStyles>
<VisualStyle State='0' Mode='0'>
<Face Type='2D'>
<Color  R='0.752941' G='0.752941' B='0.752941' A='0' />
</Face>
<Image Id='144' Alpha='1' />
<Text Id='162' FontId='16' Alignment='CenterCenter' Wrap='False'>
<Color  R='0.941176' G='0.941176' B='0.941176' A='1' />
</Text>
</VisualStyle>
<VisualStyle State='1' Mode='0'>
<Face Type='2D'>
<Color  R='0.752941' G='0.752941' B='0.752941' A='0' />
</Face>
<Image Id='143' Alpha='1' />
<Text Id='162' FontId='16' Alignment='CenterCenter' Wrap='False'>
<Color  R='1' G='1' B='1' A='1' />
</Text>
</VisualStyle>
</VisualStyles>
<Bindings>
<Binding Id='173' Type='Digital' Property='State'/>
</Bindings>
<Commands>
<Command Action='TouchDown' Id='173' Type='Digital' Value='True' />
<Command Action='TouchUp' Id='173' Type='Digital' Value='False' />
</Commands>
</Control>
<Control Type='Button' Name='Button'>
<Position Units='Pixels' X='428' Y='178' />
<Size Units='Pixels' Width='55' Height='43' />
<VisualStyles>
<VisualStyle State='0' Mode='0'>
<Face Type='2D'>
<Color  R='0.752941' G='0.752941' B='0.752941' A='0' />
</Face>
<Image Id='144' Alpha='1' />
<Text Id='163' FontId='16' Alignment='CenterCenter' Wrap='False'>
<Color  R='0.941176' G='0.941176' B='0.941176' A='1' />
</Text>
</VisualStyle>
<VisualStyle State='1' Mode='0'>
<Face Type='2D'>
<Color  R='0.752941' G='0.752941' B='0.752941' A='0' />
</Face>
<Image Id='143' Alpha='1' />
<Text Id='163' FontId='16' Alignment='CenterCenter' Wrap='False'>
<Color  R='1' G='1' B='1' A='1' />
</Text>
</VisualStyle>
</VisualStyles>
<Bindings>
<Binding Id='185' Type='Digital' Property='State'/>
</Bindings>
<Commands>
<Command Action='TouchDown' Id='185' Type='Digital' Value='True' />
<Command Action='TouchUp' Id='185' Type='Digital' Value='False' />
</Commands>
</Control>
<Control Type='Button' Name='Button'>
<Position Units='Pixels' X='608' Y='178' />
<Size Units='Pixels' Width='55' Height='43' />
<VisualStyles>
<VisualStyle State='0' Mode='0'>
<Face Type='2D'>
<Color  R='0.752941' G='0.752941' B='0.752941' A='0' />
</Face>
<Image Id='144' Alpha='1' />
<Text Id='164' FontId='16' Alignment='CenterCenter' Wrap='False'>
<Color  R='0.941176' G='0.941176' B='0.941176' A='1' />
</Text>
</VisualStyle>
<VisualStyle State='1' Mode='0'>
<Face Type='2D'>
<Color  R='0.752941' G='0.752941' B='0.752941' A='0' />
</Face>
<Image Id='143' Alpha='1' />
<Text Id='164' FontId='16' Alignment='CenterCenter' Wrap='False'>
<Color  R='1' G='1' B='1' A='1' />
</Text>
</VisualStyle>
</VisualStyles>
<Bindings>
<Binding Id='180' Type='Digital' Property='State'/>
</Bindings>
<Commands>
<Command Action='TouchDown' Id='180' Type='Digital' Value='True' />
<Command Action='TouchUp' Id='180' Type='Digital' Value='False' />
</Commands>
</Control>
<Control Type='Button' Name='Button'>
<Position Units='Pixels' X='548' Y='178' />
<Size Units='Pixels' Width='55' Height='43' />
<VisualStyles>
<VisualStyle State='0' Mode='0'>
<Face Type='2D'>
<Color  R='0.752941' G='0.752941' B='0.752941' A='0' />
</Face>
<Image Id='144' Alpha='1' />
<Text Id='165' FontId='16' Alignment='CenterCenter' Wrap='False'>
<Color  R='0.941176' G='0.941176' B='0.941176' A='1' />
</Text>
</VisualStyle>
<VisualStyle State='1' Mode='0'>
<Face Type='2D'>
<Color  R='0.752941' G='0.752941' B='0.752941' A='0' />
</Face>
<Image Id='143' Alpha='1' />
<Text Id='165' FontId='16' Alignment='CenterCenter' Wrap='False'>
<Color  R='1' G='1' B='1' A='1' />
</Text>
</VisualStyle>
</VisualStyles>
<Bindings>
<Binding Id='179' Type='Digital' Property='State'/>
</Bindings>
<Commands>
<Command Action='TouchDown' Id='179' Type='Digital' Value='True' />
<Command Action='TouchUp' Id='179' Type='Digital' Value='False' />
</Commands>
</Control>
<Control Type='Button' Name='Button'>
<Position Units='Pixels' X='93' Y='230' />
<Size Units='Pixels' Width='55' Height='43' />
<VisualStyles>
<VisualStyle State='0' Mode='0'>
<Face Type='2D'>
<Color  R='0.752941' G='0.752941' B='0.752941' A='0' />
</Face>
<Image Id='144' Alpha='1' />
<Text Id='166' FontId='16' Alignment='CenterCenter' Wrap='False'>
<Color  R='0.941176' G='0.941176' B='0.941176' A='1' />
</Text>
</VisualStyle>
<VisualStyle State='1' Mode='0'>
<Face Type='2D'>
<Color  R='0.752941' G='0.752941' B='0.752941' A='0' />
</Face>
<Image Id='143' Alpha='1' />
<Text Id='166' FontId='16' Alignment='CenterCenter' Wrap='False'>
<Color  R='1' G='1' B='1' A='1' />
</Text>
</VisualStyle>
</VisualStyles>
<Bindings>
<Binding Id='165' Type='Digital' Property='State'/>
</Bindings>
<Commands>
<Command Action='TouchDown' Id='165' Type='Digital' Value='True' />
<Command Action='TouchUp' Id='165' Type='Digital' Value='False' />
</Commands>
</Control>
<Control Type='Button' Name='Button'>
<Position Units='Pixels' X='153' Y='230' />
<Size Units='Pixels' Width='55' Height='43' />
<VisualStyles>
<VisualStyle State='0' Mode='0'>
<Face Type='2D'>
<Color  R='0.752941' G='0.752941' B='0.752941' A='0' />
</Face>
<Image Id='144' Alpha='1' />
<Text Id='167' FontId='16' Alignment='CenterCenter' Wrap='False'>
<Color  R='0.941176' G='0.941176' B='0.941176' A='1' />
</Text>
</VisualStyle>
<VisualStyle State='1' Mode='0'>
<Face Type='2D'>
<Color  R='0.752941' G='0.752941' B='0.752941' A='0' />
</Face>
<Image Id='143' Alpha='1' />
<Text Id='167' FontId='16' Alignment='CenterCenter' Wrap='False'>
<Color  R='1' G='1' B='1' A='1' />
</Text>
</VisualStyle>
</VisualStyles>
<Bindings>
<Binding Id='183' Type='Digital' Property='State'/>
</Bindings>
<Commands>
<Command Action='TouchDown' Id='183' Type='Digital' Value='True' />
<Command Action='TouchUp' Id='183' Type='Digital' Value='False' />
</Commands>
</Control>
<Control Type='Button' Name='Button'>
<Position Units='Pixels' X='273' Y='230' />
<Size Units='Pixels' Width='55' Height='43' />
<VisualStyles>
<VisualStyle State='0' Mode='0'>
<Face Type='2D'>
<Color  R='0.752941' G='0.752941' B='0.752941' A='0' />
</Face>
<Image Id='144' Alpha='1' />
<Text Id='168' FontId='16' Alignment='CenterCenter' Wrap='False'>
<Color  R='0.941176' G='0.941176' B='0.941176' A='1' />
</Text>
</VisualStyle>
<VisualStyle State='1' Mode='0'>
<Face Type='2D'>
<Color  R='0.752941' G='0.752941' B='0.752941' A='0' />
</Face>
<Image Id='143' Alpha='1' />
<Text Id='168' FontId='16' Alignment='CenterCenter' Wrap='False'>
<Color  R='1' G='1' B='1' A='1' />
</Text>
</VisualStyle>
</VisualStyles>
<Bindings>
<Binding Id='170' Type='Digital' Property='State'/>
</Bindings>
<Commands>
<Command Action='TouchDown' Id='170' Type='Digital' Value='True' />
<Command Action='TouchUp' Id='170' Type='Digital' Value='False' />
</Commands>
</Control>
<Control Type='Button' Name='Button'>
<Position Units='Pixels' X='213' Y='230' />
<Size Units='Pixels' Width='55' Height='43' />
<VisualStyles>
<VisualStyle State='0' Mode='0'>
<Face Type='2D'>
<Color  R='0.752941' G='0.752941' B='0.752941' A='0' />
</Face>
<Image Id='144' Alpha='1' />
<Text Id='169' FontId='16' Alignment='CenterCenter' Wrap='False'>
<Color  R='0.941176' G='0.941176' B='0.941176' A='1' />
</Text>
</VisualStyle>
<VisualStyle State='1' Mode='0'>
<Face Type='2D'>
<Color  R='0.752941' G='0.752941' B='0.752941' A='0' />
</Face>
<Image Id='143' Alpha='1' />
<Text Id='169' FontId='16' Alignment='CenterCenter' Wrap='False'>
<Color  R='1' G='1' B='1' A='1' />
</Text>
</VisualStyle>
</VisualStyles>
<Bindings>
<Binding Id='168' Type='Digital' Property='State'/>
</Bindings>
<Commands>
<Command Action='TouchDown' Id='168' Type='Digital' Value='True' />
<Command Action='TouchUp' Id='168' Type='Digital' Value='False' />
</Commands>
</Control>
<Control Type='Button' Name='Button'>
<Position Units='Pixels' X='333' Y='230' />
<Size Units='Pixels' Width='55' Height='43' />
<VisualStyles>
<VisualStyle State='0' Mode='0'>
<Face Type='2D'>
<Color  R='0.752941' G='0.752941' B='0.752941' A='0' />
</Face>
<Image Id='144' Alpha='1' />
<Text Id='170' FontId='16' Alignment='CenterCenter' Wrap='False'>
<Color  R='0.941176' G='0.941176' B='0.941176' A='1' />
</Text>
</VisualStyle>
<VisualStyle State='1' Mode='0'>
<Face Type='2D'>
<Color  R='0.752941' G='0.752941' B='0.752941' A='0' />
</Face>
<Image Id='143' Alpha='1' />
<Text Id='170' FontId='16' Alignment='CenterCenter' Wrap='False'>
<Color  R='1' G='1' B='1' A='1' />
</Text>
</VisualStyle>
</VisualStyles>
<Bindings>
<Binding Id='171' Type='Digital' Property='State'/>
</Bindings>
<Commands>
<Command Action='TouchDown' Id='171' Type='Digital' Value='True' />
<Command Action='TouchUp' Id='171' Type='Digital' Value='False' />
</Commands>
</Control>
<Control Type='Button' Name='Button'>
<Position Units='Pixels' X='393' Y='230' />
<Size Units='Pixels' Width='55' Height='43' />
<VisualStyles>
<VisualStyle State='0' Mode='0'>
<Face Type='2D'>
<Color  R='0.752941' G='0.752941' B='0.752941' A='0' />
</Face>
<Image Id='144' Alpha='1' />
<Text Id='171' FontId='16' Alignment='CenterCenter' Wrap='False'>
<Color  R='0.941176' G='0.941176' B='0.941176' A='1' />
</Text>
</VisualStyle>
<VisualStyle State='1' Mode='0'>
<Face Type='2D'>
<Color  R='0.752941' G='0.752941' B='0.752941' A='0' />
</Face>
<Image Id='143' Alpha='1' />
<Text Id='171' FontId='16' Alignment='CenterCenter' Wrap='False'>
<Color  R='1' G='1' B='1' A='1' />
</Text>
</VisualStyle>
</VisualStyles>
<Bindings>
<Binding Id='172' Type='Digital' Property='State'/>
</Bindings>
<Commands>
<Command Action='TouchDown' Id='172' Type='Digital' Value='True' />
<Command Action='TouchUp' Id='172' Type='Digital' Value='False' />
</Commands>
</Control>
<Control Type='Button' Name='Button'>
<Position Units='Pixels' X='513' Y='230' />
<Size Units='Pixels' Width='55' Height='43' />
<VisualStyles>
<VisualStyle State='0' Mode='0'>
<Face Type='2D'>
<Color  R='0.752941' G='0.752941' B='0.752941' A='0' />
</Face>
<Image Id='144' Alpha='1' />
<Text Id='83' FontId='16' Alignment='CenterCenter' Wrap='False'>
<Color  R='0.941176' G='0.941176' B='0.941176' A='1' />
</Text>
</VisualStyle>
<VisualStyle State='1' Mode='0'>
<Face Type='2D'>
<Color  R='0.752941' G='0.752941' B='0.752941' A='0' />
</Face>
<Image Id='143' Alpha='1' />
<Text Id='83' FontId='16' Alignment='CenterCenter' Wrap='False'>
<Color  R='1' G='1' B='1' A='1' />
</Text>
</VisualStyle>
</VisualStyles>
<Bindings>
<Binding Id='175' Type='Digital' Property='State'/>
</Bindings>
<Commands>
<Command Action='TouchDown' Id='175' Type='Digital' Value='True' />
<Command Action='TouchUp' Id='175' Type='Digital' Value='False' />
</Commands>
</Control>
<Control Type='Button' Name='Button'>
<Position Units='Pixels' X='453' Y='230' />
<Size Units='Pixels' Width='55' Height='43' />
<VisualStyles>
<VisualStyle State='0' Mode='0'>
<Face Type='2D'>
<Color  R='0.752941' G='0.752941' B='0.752941' A='0' />
</Face>
<Image Id='144' Alpha='1' />
<Text Id='84' FontId='16' Alignment='CenterCenter' Wrap='False'>
<Color  R='0.941176' G='0.941176' B='0.941176' A='1' />
</Text>
</VisualStyle>
<VisualStyle State='1' Mode='0'>
<Face Type='2D'>
<Color  R='0.752941' G='0.752941' B='0.752941' A='0' />
</Face>
<Image Id='143' Alpha='1' />
<Text Id='84' FontId='16' Alignment='CenterCenter' Wrap='False'>
<Color  R='1' G='1' B='1' A='1' />
</Text>
</VisualStyle>
</VisualStyles>
<Bindings>
<Binding Id='174' Type='Digital' Property='State'/>
</Bindings>
<Commands>
<Command Action='TouchDown' Id='174' Type='Digital' Value='True' />
<Command Action='TouchUp' Id='174' Type='Digital' Value='False' />
</Commands>
</Control>
<Control Type='Button' Name='Button'>
<Position Units='Pixels' X='573' Y='230' />
<Size Units='Pixels' Width='55' Height='43' />
<VisualStyles>
<VisualStyle State='0' Mode='0'>
<Face Type='2D'>
<Color  R='0.752941' G='0.752941' B='0.752941' A='0' />
</Face>
<Image Id='144' Alpha='1' />
<Text Id='172' FontId='16' Alignment='CenterCenter' Wrap='False'>
<Color  R='0.941176' G='0.941176' B='0.941176' A='1' />
</Text>
</VisualStyle>
<VisualStyle State='1' Mode='0'>
<Face Type='2D'>
<Color  R='0.752941' G='0.752941' B='0.752941' A='0' />
</Face>
<Image Id='143' Alpha='1' />
<Text Id='172' FontId='16' Alignment='CenterCenter' Wrap='False'>
<Color  R='1' G='1' B='1' A='1' />
</Text>
</VisualStyle>
</VisualStyles>
<Bindings>
<Binding Id='176' Type='Digital' Property='State'/>
</Bindings>
<Commands>
<Command Action='TouchDown' Id='176' Type='Digital' Value='True' />
<Command Action='TouchUp' Id='176' Type='Digital' Value='False' />
</Commands>
</Control>
<Control Type='Button' Name='Button'>
<Position Units='Pixels' X='122' Y='281' />
<Size Units='Pixels' Width='55' Height='43' />
<VisualStyles>
<VisualStyle State='0' Mode='0'>
<Face Type='2D'>
<Color  R='0.752941' G='0.752941' B='0.752941' A='0' />
</Face>
<Image Id='144' Alpha='1' />
<Text Id='173' FontId='16' Alignment='CenterCenter' Wrap='False'>
<Color  R='0.941176' G='0.941176' B='0.941176' A='1' />
</Text>
</VisualStyle>
<VisualStyle State='1' Mode='0'>
<Face Type='2D'>
<Color  R='0.752941' G='0.752941' B='0.752941' A='0' />
</Face>
<Image Id='143' Alpha='1' />
<Text Id='173' FontId='16' Alignment='CenterCenter' Wrap='False'>
<Color  R='1' G='1' B='1' A='1' />
</Text>
</VisualStyle>
</VisualStyles>
<Bindings>
<Binding Id='190' Type='Digital' Property='State'/>
</Bindings>
<Commands>
<Command Action='TouchDown' Id='190' Type='Digital' Value='True' />
<Command Action='TouchUp' Id='190' Type='Digital' Value='False' />
</Commands>
</Control>
<Control Type='Button' Name='Button'>
<Position Units='Pixels' X='182' Y='281' />
<Size Units='Pixels' Width='55' Height='43' />
<VisualStyles>
<VisualStyle State='0' Mode='0'>
<Face Type='2D'>
<Color  R='0.752941' G='0.752941' B='0.752941' A='0' />
</Face>
<Image Id='144' Alpha='1' />
<Text Id='174' FontId='16' Alignment='CenterCenter' Wrap='False'>
<Color  R='0.941176' G='0.941176' B='0.941176' A='1' />
</Text>
</VisualStyle>
<VisualStyle State='1' Mode='0'>
<Face Type='2D'>
<Color  R='0.752941' G='0.752941' B='0.752941' A='0' />
</Face>
<Image Id='143' Alpha='1' />
<Text Id='174' FontId='16' Alignment='CenterCenter' Wrap='False'>
<Color  R='1' G='1' B='1' A='1' />
</Text>
</VisualStyle>
</VisualStyles>
<Bindings>
<Binding Id='188' Type='Digital' Property='State'/>
</Bindings>
<Commands>
<Command Action='TouchDown' Id='188' Type='Digital' Value='True' />
<Command Action='TouchUp' Id='188' Type='Digital' Value='False' />
</Commands>
</Control>
<Control Type='Button' Name='Button'>
<Position Units='Pixels' X='302' Y='281' />
<Size Units='Pixels' Width='55' Height='43' />
<VisualStyles>
<VisualStyle State='0' Mode='0'>
<Face Type='2D'>
<Color  R='0.752941' G='0.752941' B='0.752941' A='0' />
</Face>
<Image Id='144' Alpha='1' />
<Text Id='175' FontId='16' Alignment='CenterCenter' Wrap='False'>
<Color  R='0.941176' G='0.941176' B='0.941176' A='1' />
</Text>
</VisualStyle>
<VisualStyle State='1' Mode='0'>
<Face Type='2D'>
<Color  R='0.752941' G='0.752941' B='0.752941' A='0' />
</Face>
<Image Id='143' Alpha='1' />
<Text Id='175' FontId='16' Alignment='CenterCenter' Wrap='False'>
<Color  R='1' G='1' B='1' A='1' />
</Text>
</VisualStyle>
</VisualStyles>
<Bindings>
<Binding Id='186' Type='Digital' Property='State'/>
</Bindings>
<Commands>
<Command Action='TouchDown' Id='186' Type='Digital' Value='True' />
<Command Action='TouchUp' Id='186' Type='Digital' Value='False' />
</Commands>
</Control>
<Control Type='Button' Name='Button'>
<Position Units='Pixels' X='242' Y='281' />
<Size Units='Pixels' Width='55' Height='43' />
<VisualStyles>
<VisualStyle State='0' Mode='0'>
<Face Type='2D'>
<Color  R='0.752941' G='0.752941' B='0.752941' A='0' />
</Face>
<Image Id='144' Alpha='1' />
<Text Id='176' FontId='16' Alignment='CenterCenter' Wrap='False'>
<Color  R='0.941176' G='0.941176' B='0.941176' A='1' />
</Text>
</VisualStyle>
<VisualStyle State='1' Mode='0'>
<Face Type='2D'>
<Color  R='0.752941' G='0.752941' B='0.752941' A='0' />
</Face>
<Image Id='143' Alpha='1' />
<Text Id='176' FontId='16' Alignment='CenterCenter' Wrap='False'>
<Color  R='1' G='1' B='1' A='1' />
</Text>
</VisualStyle>
</VisualStyles>
<Bindings>
<Binding Id='167' Type='Digital' Property='State'/>
</Bindings>
<Commands>
<Command Action='TouchDown' Id='167' Type='Digital' Value='True' />
<Command Action='TouchUp' Id='167' Type='Digital' Value='False' />
</Commands>
</Control>
<Control Type='Button' Name='Button'>
<Position Units='Pixels' X='362' Y='281' />
<Size Units='Pixels' Width='55' Height='43' />
<VisualStyles>
<VisualStyle State='0' Mode='0'>
<Face Type='2D'>
<Color  R='0.752941' G='0.752941' B='0.752941' A='0' />
</Face>
<Image Id='144' Alpha='1' />
<Text Id='177' FontId='16' Alignment='CenterCenter' Wrap='False'>
<Color  R='0.941176' G='0.941176' B='0.941176' A='1' />
</Text>
</VisualStyle>
<VisualStyle State='1' Mode='0'>
<Face Type='2D'>
<Color  R='0.752941' G='0.752941' B='0.752941' A='0' />
</Face>
<Image Id='143' Alpha='1' />
<Text Id='177' FontId='16' Alignment='CenterCenter' Wrap='False'>
<Color  R='1' G='1' B='1' A='1' />
</Text>
</VisualStyle>
</VisualStyles>
<Bindings>
<Binding Id='166' Type='Digital' Property='State'/>
</Bindings>
<Commands>
<Command Action='TouchDown' Id='166' Type='Digital' Value='True' />
<Command Action='TouchUp' Id='166' Type='Digital' Value='False' />
</Commands>
</Control>
<Control Type='Button' Name='Button'>
<Position Units='Pixels' X='422' Y='281' />
<Size Units='Pixels' Width='55' Height='43' />
<VisualStyles>
<VisualStyle State='0' Mode='0'>
<Face Type='2D'>
<Color  R='0.752941' G='0.752941' B='0.752941' A='0' />
</Face>
<Image Id='144' Alpha='1' />
<Text Id='178' FontId='16' Alignment='CenterCenter' Wrap='False'>
<Color  R='0.941176' G='0.941176' B='0.941176' A='1' />
</Text>
</VisualStyle>
<VisualStyle State='1' Mode='0'>
<Face Type='2D'>
<Color  R='0.752941' G='0.752941' B='0.752941' A='0' />
</Face>
<Image Id='143' Alpha='1' />
<Text Id='178' FontId='16' Alignment='CenterCenter' Wrap='False'>
<Color  R='1' G='1' B='1' A='1' />
</Text>
</VisualStyle>
</VisualStyles>
<Bindings>
<Binding Id='178' Type='Digital' Property='State'/>
</Bindings>
<Commands>
<Command Action='TouchDown' Id='178' Type='Digital' Value='True' />
<Command Action='TouchUp' Id='178' Type='Digital' Value='False' />
</Commands>
</Control>
<Control Type='Button' Name='Button'>
<Position Units='Pixels' X='482' Y='281' />
<Size Units='Pixels' Width='55' Height='43' />
<VisualStyles>
<VisualStyle State='0' Mode='0'>
<Face Type='2D'>
<Color  R='0.752941' G='0.752941' B='0.752941' A='0' />
</Face>
<Image Id='144' Alpha='1' />
<Text Id='179' FontId='16' Alignment='CenterCenter' Wrap='False'>
<Color  R='0.941176' G='0.941176' B='0.941176' A='1' />
</Text>
</VisualStyle>
<VisualStyle State='1' Mode='0'>
<Face Type='2D'>
<Color  R='0.752941' G='0.752941' B='0.752941' A='0' />
</Face>
<Image Id='143' Alpha='1' />
<Text Id='179' FontId='16' Alignment='CenterCenter' Wrap='False'>
<Color  R='1' G='1' B='1' A='1' />
</Text>
</VisualStyle>
</VisualStyles>
<Bindings>
<Binding Id='177' Type='Digital' Property='State'/>
</Bindings>
<Commands>
<Command Action='TouchDown' Id='177' Type='Digital' Value='True' />
<Command Action='TouchUp' Id='177' Type='Digital' Value='False' />
</Commands>
</Control>
<Control Type='Button' Name='Text'>
<Position Units='Pixels' X='402' Y='32' />
<Size Units='Pixels' Width='253' Height='31' />
<VisualStyles>
<VisualStyle State='0' Mode='0'>
<Text FontId='16' Alignment='CenterCenter' Wrap='False'>
<Bindings>
<Binding Id='107' Type='Serial' Property='Text'/>
</Bindings>
<Color  R='0.917647' G='0.917647' B='0.917647' A='1' />
</Text>
</VisualStyle>
</VisualStyles>
</Control>
<Control Type='Button' Name='Button'>
<Position Units='Pixels' X='677' Y='126' />
<Size Units='Pixels' Width='55' Height='43' />
<VisualStyles>
<VisualStyle State='0' Mode='0'>
<Face Type='2D'>
<Color  R='0.752941' G='0.752941' B='0.752941' A='0' />
</Face>
<Image Id='143' Alpha='1' />
<Text Id='180' FontId='7' Alignment='CenterCenter' Wrap='False'>
<Color  R='0.941176' G='0.941176' B='0.941176' A='1' />
</Text>
</VisualStyle>
<VisualStyle State='1' Mode='0'>
<Face Type='2D'>
<Color  R='0.752941' G='0.752941' B='0.752941' A='0' />
</Face>
<Image Id='144' Alpha='1' />
<Text Id='180' FontId='7' Alignment='CenterCenter' Wrap='False'>
<Color  R='1' G='1' B='1' A='1' />
</Text>
</VisualStyle>
</VisualStyles>
<Bindings>
<Binding Id='194' Type='Digital' Property='State'/>
</Bindings>
<Commands>
<Command Action='TouchDown' Id='194' Type='Digital' Value='True' />
<Command Action='TouchUp' Id='194' Type='Digital' Value='False' />
</Commands>
</Control>
<Control Type='Button' Name='Image'>
<Position Units='Pixels' X='89' Y='32' />
<Size Units='Pixels' Width='270' Height='30' />
<VisualStyles>
<VisualStyle State='0' Mode='0'>
<Image Id='151' Alpha='1' />
</VisualStyle>
</VisualStyles>
</Control>
<Control Type='Button' Name='Text'>
<Position Units='Pixels' X='98' Y='32' />
<Size Units='Pixels' Width='253' Height='31' />
<VisualStyles>
<VisualStyle State='0' Mode='0'>
<Text FontId='16' Alignment='CenterCenter' Wrap='False'>
<Bindings>
<Binding Id='106' Type='Serial' Property='Text'/>
</Bindings>
<Color  R='0.917647' G='0.917647' B='0.917647' A='1' />
</Text>
</VisualStyle>
</VisualStyles>
</Control>
<Control Type='Button' Name='Button'>
<Position Units='Pixels' X='78' Y='334' />
<Size Units='Pixels' Width='85' Height='43' />
<VisualStyles>
<VisualStyle State='0' Mode='0'>
<Face Type='2D'>
<Color  R='0.752941' G='0.752941' B='0.752941' A='0' />
</Face>
<Image Id='149' Alpha='1' />
<Text Id='181' FontId='7' Alignment='CenterCenter' Wrap='False'>
<Color  R='0.941176' G='0.941176' B='0.941176' A='1' />
</Text>
</VisualStyle>
<VisualStyle State='1' Mode='0'>
<Face Type='2D'>
<Color  R='0.752941' G='0.752941' B='0.752941' A='0' />
</Face>
<Image Id='150' Alpha='1' />
<Text Id='181' FontId='7' Alignment='CenterCenter' Wrap='False'>
<Color  R='1' G='1' B='1' A='1' />
</Text>
</VisualStyle>
</VisualStyles>
<Bindings>
<Binding Id='195' Type='Digital' Property='State'/>
</Bindings>
<Commands>
<Command Action='TouchDown' Id='195' Type='Digital' Value='True' />
<Command Action='TouchUp' Id='195' Type='Digital' Value='False' />
</Commands>
</Control>
<Control Type='Button' Name='Image'>
<Position Units='Pixels' X='241' Y='80' />
<Size Units='Pixels' Width='270' Height='30' />
<VisualStyles>
<VisualStyle State='0' Mode='0'>
<Image Id='151' Alpha='1' />
</VisualStyle>
</VisualStyles>
</Control>
<Control Type='Button' Name='Text'>
<Position Units='Pixels' X='250' Y='80' />
<Size Units='Pixels' Width='253' Height='31' />
<VisualStyles>
<VisualStyle State='0' Mode='0'>
<Text FontId='16' Alignment='CenterCenter' Wrap='False'>
<Bindings>
<Binding Id='55' Type='Serial' Property='Text'/>
</Bindings>
<Color  R='0.917647' G='0.917647' B='0.917647' A='1' />
</Text>
</VisualStyle>
</VisualStyles>
</Control>
</Control>
</File>
