<?xml version='1.0' encoding='ISO-8859-1' ?>
<File Type='Page' Version='5.1.0'>
<Control Type='Subpage' Name='Source (TV Presets)'>
<Position Units='Pixels' X='0' Y='0' />
<Size Units='Pixels' Width='774' Height='144' />
<VisualStyles>
<VisualStyle>
<Background>
<Color  R='0' G='0' B='0' A='0' />
</Background>
</VisualStyle>
</VisualStyles>
<Control Type='ScrollableArea' Name='HorizontalList_1_1_1'>
<Position Units='Pixels' X='16' Y='52' />
<Size Units='Pixels' Width='736' Height='77' />
<ContentArea Orientation='1'>
<Control Type='Button' Name='Item 1' Anchoring='27'>
<Position Units='Pixels' X='0' Y='0' />
<Size Units='Pixels' Width='110' Height='77' />
<VisualStyles>
<VisualStyle State='0' Mode='0'>
<Face Type='2D'>
<Color  R='0' G='0.0862745' B='0.388235' A='1' />
</Face>
<Image Id='80' Alpha='1'>
<TransparentColor R='0.752941' G='0.752941' B='0.752941' A='0' />
</Image>
</VisualStyle>
<VisualStyle State='1' Mode='0'>
<Face Type='2D'>
<Color  R='0' G='0.0862745' B='0.388235' A='1' />
</Face>
<Image Id='80' Alpha='1'>
<TransparentColor R='0.752941' G='0.752941' B='0.752941' A='0' />
</Image>
</VisualStyle>
</VisualStyles>
<Bindings>
<Binding Id='87' Type='Digital' Property='State'/>
</Bindings>
<Commands>
<Command Action='TouchDown' Id='87' Type='Digital' Value='True' />
<Command Action='TouchUp' Id='87' Type='Digital' Value='False' />
</Commands>
</Control>
<Control Type='Button' Name='Item 2' Anchoring='27'>
<Position Units='Pixels' X='110' Y='0' />
<Size Units='Pixels' Width='110' Height='77' />
<VisualStyles>
<VisualStyle State='0' Mode='0'>
<Face Type='2D'>
<Color  R='0' G='0.0862745' B='0.388235' A='1' />
</Face>
<Image Id='81' Alpha='1'>
<TransparentColor R='0.752941' G='0.752941' B='0.752941' A='0' />
</Image>
</VisualStyle>
<VisualStyle State='1' Mode='0'>
<Face Type='2D'>
<Color  R='0' G='0.0862745' B='0.388235' A='1' />
</Face>
<Image Id='81' Alpha='1'>
<TransparentColor R='0.752941' G='0.752941' B='0.752941' A='0' />
</Image>
</VisualStyle>
</VisualStyles>
<Bindings>
<Binding Id='88' Type='Digital' Property='State'/>
</Bindings>
<Commands>
<Command Action='TouchDown' Id='88' Type='Digital' Value='True' />
<Command Action='TouchUp' Id='88' Type='Digital' Value='False' />
</Commands>
</Control>
<Control Type='Button' Name='Item 3' Anchoring='27'>
<Position Units='Pixels' X='220' Y='0' />
<Size Units='Pixels' Width='110' Height='77' />
<VisualStyles>
<VisualStyle State='0' Mode='0'>
<Face Type='2D'>
<Color  R='0' G='0.0862745' B='0.388235' A='1' />
</Face>
<Image Id='82' Alpha='1'>
<TransparentColor R='0.752941' G='0.752941' B='0.752941' A='0' />
</Image>
</VisualStyle>
<VisualStyle State='1' Mode='0'>
<Face Type='2D'>
<Color  R='0' G='0.0862745' B='0.388235' A='1' />
</Face>
<Image Id='82' Alpha='1'>
<TransparentColor R='0.752941' G='0.752941' B='0.752941' A='0' />
</Image>
</VisualStyle>
</VisualStyles>
<Bindings>
<Binding Id='89' Type='Digital' Property='State'/>
</Bindings>
<Commands>
<Command Action='TouchDown' Id='89' Type='Digital' Value='True' />
<Command Action='TouchUp' Id='89' Type='Digital' Value='False' />
</Commands>
</Control>
<Control Type='Button' Name='Item 4' Anchoring='27'>
<Position Units='Pixels' X='330' Y='0' />
<Size Units='Pixels' Width='110' Height='77' />
<VisualStyles>
<VisualStyle State='0' Mode='0'>
<Face Type='2D'>
<Color  R='0' G='0.0862745' B='0.388235' A='1' />
</Face>
<Image Id='83' Alpha='1'>
<TransparentColor R='0.752941' G='0.752941' B='0.752941' A='0' />
</Image>
</VisualStyle>
<VisualStyle State='1' Mode='0'>
<Face Type='2D'>
<Color  R='0' G='0.0862745' B='0.388235' A='1' />
</Face>
<Image Id='83' Alpha='1'>
<TransparentColor R='0.752941' G='0.752941' B='0.752941' A='0' />
</Image>
</VisualStyle>
</VisualStyles>
<Bindings>
<Binding Id='90' Type='Digital' Property='State'/>
</Bindings>
<Commands>
<Command Action='TouchDown' Id='90' Type='Digital' Value='True' />
<Command Action='TouchUp' Id='90' Type='Digital' Value='False' />
</Commands>
</Control>
<Control Type='Button' Name='Item 5' Anchoring='27'>
<Position Units='Pixels' X='440' Y='0' />
<Size Units='Pixels' Width='110' Height='77' />
<VisualStyles>
<VisualStyle State='0' Mode='0'>
<Face Type='2D'>
<Color  R='0' G='0.0862745' B='0.388235' A='1' />
</Face>
<Image Id='84' Alpha='1'>
<TransparentColor R='0.752941' G='0.752941' B='0.752941' A='0' />
</Image>
</VisualStyle>
<VisualStyle State='1' Mode='0'>
<Face Type='2D'>
<Color  R='0' G='0.0862745' B='0.388235' A='1' />
</Face>
<Image Id='84' Alpha='1'>
<TransparentColor R='0.752941' G='0.752941' B='0.752941' A='0' />
</Image>
</VisualStyle>
</VisualStyles>
<Bindings>
<Binding Id='91' Type='Digital' Property='State'/>
</Bindings>
<Commands>
<Command Action='TouchDown' Id='91' Type='Digital' Value='True' />
<Command Action='TouchUp' Id='91' Type='Digital' Value='False' />
</Commands>
</Control>
<Control Type='Button' Name='Item 6' Anchoring='27'>
<Position Units='Pixels' X='550' Y='0' />
<Size Units='Pixels' Width='110' Height='77' />
<VisualStyles>
<VisualStyle State='0' Mode='0'>
<Face Type='2D'>
<Color  R='0' G='0.0862745' B='0.388235' A='1' />
</Face>
<Image Id='85' Alpha='1'>
<TransparentColor R='0.752941' G='0.752941' B='0.752941' A='0' />
</Image>
</VisualStyle>
<VisualStyle State='1' Mode='0'>
<Face Type='2D'>
<Color  R='0' G='0.0862745' B='0.388235' A='1' />
</Face>
<Image Id='85' Alpha='1'>
<TransparentColor R='0.752941' G='0.752941' B='0.752941' A='0' />
</Image>
</VisualStyle>
</VisualStyles>
<Bindings>
<Binding Id='92' Type='Digital' Property='State'/>
</Bindings>
<Commands>
<Command Action='TouchDown' Id='92' Type='Digital' Value='True' />
<Command Action='TouchUp' Id='92' Type='Digital' Value='False' />
</Commands>
</Control>
<Control Type='Button' Name='Item 7' Anchoring='27'>
<Position Units='Pixels' X='660' Y='0' />
<Size Units='Pixels' Width='110' Height='77' />
<VisualStyles>
<VisualStyle State='0' Mode='0'>
<Face Type='2D'>
<Color  R='0' G='0.0862745' B='0.388235' A='1' />
</Face>
<Image Id='86' Alpha='1'>
<TransparentColor R='0.752941' G='0.752941' B='0.752941' A='0' />
</Image>
</VisualStyle>
<VisualStyle State='1' Mode='0'>
<Face Type='2D'>
<Color  R='0' G='0.0862745' B='0.388235' A='1' />
</Face>
<Image Id='86' Alpha='1'>
<TransparentColor R='0.752941' G='0.752941' B='0.752941' A='0' />
</Image>
</VisualStyle>
</VisualStyles>
<Bindings>
<Binding Id='93' Type='Digital' Property='State'/>
</Bindings>
<Commands>
<Command Action='TouchDown' Id='93' Type='Digital' Value='True' />
<Command Action='TouchUp' Id='93' Type='Digital' Value='False' />
</Commands>
</Control>
<Control Type='Button' Name='Item 8' Anchoring='27'>
<Position Units='Pixels' X='770' Y='0' />
<Size Units='Pixels' Width='110' Height='77' />
<VisualStyles>
<VisualStyle State='0' Mode='0'>
<Face Type='2D'>
<Color  R='0' G='0.0862745' B='0.388235' A='1' />
</Face>
<Image Id='87' Alpha='1'>
<TransparentColor R='0.752941' G='0.752941' B='0.752941' A='0' />
</Image>
</VisualStyle>
<VisualStyle State='1' Mode='0'>
<Face Type='2D'>
<Color  R='0' G='0.0862745' B='0.388235' A='1' />
</Face>
<Image Id='87' Alpha='1'>
<TransparentColor R='0.752941' G='0.752941' B='0.752941' A='0' />
</Image>
</VisualStyle>
</VisualStyles>
<Bindings>
<Binding Id='94' Type='Digital' Property='State'/>
</Bindings>
<Commands>
<Command Action='TouchDown' Id='94' Type='Digital' Value='True' />
<Command Action='TouchUp' Id='94' Type='Digital' Value='False' />
</Commands>
</Control>
<Control Type='Button' Name='Item 9' Anchoring='27'>
<Position Units='Pixels' X='880' Y='0' />
<Size Units='Pixels' Width='110' Height='77' />
<VisualStyles>
<VisualStyle State='0' Mode='0'>
<Face Type='2D'>
<Color  R='0' G='0.0862745' B='0.388235' A='1' />
</Face>
<Image Id='88' Alpha='1'>
<TransparentColor R='0.752941' G='0.752941' B='0.752941' A='0' />
</Image>
</VisualStyle>
<VisualStyle State='1' Mode='0'>
<Face Type='2D'>
<Color  R='0' G='0.0862745' B='0.388235' A='1' />
</Face>
<Image Id='88' Alpha='1'>
<TransparentColor R='0.752941' G='0.752941' B='0.752941' A='0' />
</Image>
</VisualStyle>
</VisualStyles>
<Bindings>
<Binding Id='95' Type='Digital' Property='State'/>
</Bindings>
<Commands>
<Command Action='TouchDown' Id='95' Type='Digital' Value='True' />
<Command Action='TouchUp' Id='95' Type='Digital' Value='False' />
</Commands>
</Control>
<Control Type='Button' Name='Item 10' Anchoring='27'>
<Position Units='Pixels' X='990' Y='0' />
<Size Units='Pixels' Width='110' Height='77' />
<VisualStyles>
<VisualStyle State='0' Mode='0'>
<Face Type='2D'>
<Color  R='0' G='0.0862745' B='0.388235' A='1' />
</Face>
<Image Id='89' Alpha='1'>
<TransparentColor R='0.752941' G='0.752941' B='0.752941' A='0' />
</Image>
</VisualStyle>
<VisualStyle State='1' Mode='0'>
<Face Type='2D'>
<Color  R='0' G='0.0862745' B='0.388235' A='1' />
</Face>
<Image Id='89' Alpha='1'>
<TransparentColor R='0.752941' G='0.752941' B='0.752941' A='0' />
</Image>
</VisualStyle>
</VisualStyles>
<Bindings>
<Binding Id='78' Type='Digital' Property='State'/>
</Bindings>
<Commands>
<Command Action='TouchDown' Id='78' Type='Digital' Value='True' />
<Command Action='TouchUp' Id='78' Type='Digital' Value='False' />
</Commands>
</Control>
<Control Type='Button' Name='Item 11' Anchoring='27'>
<Position Units='Pixels' X='1100' Y='0' />
<Size Units='Pixels' Width='110' Height='77' />
<VisualStyles>
<VisualStyle State='0' Mode='0'>
<Face Type='2D'>
<Color  R='0' G='0.0862745' B='0.388235' A='1' />
</Face>
<Image Id='90' Alpha='1'>
<TransparentColor R='0.752941' G='0.752941' B='0.752941' A='0' />
</Image>
</VisualStyle>
<VisualStyle State='1' Mode='0'>
<Face Type='2D'>
<Color  R='0' G='0.0862745' B='0.388235' A='1' />
</Face>
<Image Id='90' Alpha='1'>
<TransparentColor R='0.752941' G='0.752941' B='0.752941' A='0' />
</Image>
</VisualStyle>
</VisualStyles>
<Bindings>
<Binding Id='79' Type='Digital' Property='State'/>
</Bindings>
<Commands>
<Command Action='TouchDown' Id='79' Type='Digital' Value='True' />
<Command Action='TouchUp' Id='79' Type='Digital' Value='False' />
</Commands>
</Control>
<Control Type='Button' Name='Item 12' Anchoring='27'>
<Position Units='Pixels' X='1210' Y='0' />
<Size Units='Pixels' Width='110' Height='77' />
<VisualStyles>
<VisualStyle State='0' Mode='0'>
<Face Type='2D'>
<Color  R='0' G='0.0862745' B='0.388235' A='1' />
</Face>
<Image Id='91' Alpha='1'>
<TransparentColor R='0.752941' G='0.752941' B='0.752941' A='0' />
</Image>
</VisualStyle>
<VisualStyle State='1' Mode='0'>
<Face Type='2D'>
<Color  R='0' G='0.0862745' B='0.388235' A='1' />
</Face>
<Image Id='91' Alpha='1'>
<TransparentColor R='0.752941' G='0.752941' B='0.752941' A='0' />
</Image>
</VisualStyle>
</VisualStyles>
<Bindings>
<Binding Id='80' Type='Digital' Property='State'/>
</Bindings>
<Commands>
<Command Action='TouchDown' Id='80' Type='Digital' Value='True' />
<Command Action='TouchUp' Id='80' Type='Digital' Value='False' />
</Commands>
</Control>
<Control Type='Button' Name='Item 13' Anchoring='27'>
<Position Units='Pixels' X='1320' Y='0' />
<Size Units='Pixels' Width='110' Height='77' />
<VisualStyles>
<VisualStyle State='0' Mode='0'>
<Face Type='2D'>
<Color  R='0' G='0.0862745' B='0.388235' A='1' />
</Face>
<Image Id='92' Alpha='1'>
<TransparentColor R='0.752941' G='0.752941' B='0.752941' A='0' />
</Image>
</VisualStyle>
<VisualStyle State='1' Mode='0'>
<Face Type='2D'>
<Color  R='0' G='0.0862745' B='0.388235' A='1' />
</Face>
<Image Id='92' Alpha='1'>
<TransparentColor R='0.752941' G='0.752941' B='0.752941' A='0' />
</Image>
</VisualStyle>
</VisualStyles>
<Bindings>
<Binding Id='81' Type='Digital' Property='State'/>
</Bindings>
<Commands>
<Command Action='TouchDown' Id='81' Type='Digital' Value='True' />
<Command Action='TouchUp' Id='81' Type='Digital' Value='False' />
</Commands>
</Control>
<Control Type='Button' Name='Item 14' Anchoring='27'>
<Position Units='Pixels' X='1430' Y='0' />
<Size Units='Pixels' Width='110' Height='77' />
<VisualStyles>
<VisualStyle State='0' Mode='0'>
<Face Type='2D'>
<Color  R='0' G='0.0862745' B='0.388235' A='1' />
</Face>
<Image Id='93' Alpha='1'>
<TransparentColor R='0.752941' G='0.752941' B='0.752941' A='0' />
</Image>
</VisualStyle>
<VisualStyle State='1' Mode='0'>
<Face Type='2D'>
<Color  R='0' G='0.0862745' B='0.388235' A='1' />
</Face>
<Image Id='93' Alpha='1'>
<TransparentColor R='0.752941' G='0.752941' B='0.752941' A='0' />
</Image>
</VisualStyle>
</VisualStyles>
<Bindings>
<Binding Id='82' Type='Digital' Property='State'/>
</Bindings>
<Commands>
<Command Action='TouchDown' Id='82' Type='Digital' Value='True' />
<Command Action='TouchUp' Id='82' Type='Digital' Value='False' />
</Commands>
</Control>
<Control Type='Button' Name='Item 15' Anchoring='27'>
<Position Units='Pixels' X='1540' Y='0' />
<Size Units='Pixels' Width='110' Height='77' />
<VisualStyles>
<VisualStyle State='0' Mode='0'>
<Face Type='2D'>
<Color  R='0' G='0.0862745' B='0.388235' A='1' />
</Face>
<Image Id='94' Alpha='1'>
<TransparentColor R='0.752941' G='0.752941' B='0.752941' A='0' />
</Image>
</VisualStyle>
<VisualStyle State='1' Mode='0'>
<Face Type='2D'>
<Color  R='0' G='0.0862745' B='0.388235' A='1' />
</Face>
<Image Id='94' Alpha='1'>
<TransparentColor R='0.752941' G='0.752941' B='0.752941' A='0' />
</Image>
</VisualStyle>
</VisualStyles>
<Bindings>
<Binding Id='84' Type='Digital' Property='State'/>
</Bindings>
<Commands>
<Command Action='TouchDown' Id='84' Type='Digital' Value='True' />
<Command Action='TouchUp' Id='84' Type='Digital' Value='False' />
</Commands>
</Control>
<Control Type='Button' Name='Item 16' Anchoring='27'>
<Position Units='Pixels' X='1650' Y='0' />
<Size Units='Pixels' Width='110' Height='77' />
<VisualStyles>
<VisualStyle State='0' Mode='0'>
<Face Type='2D'>
<Color  R='0' G='0.0862745' B='0.388235' A='1' />
</Face>
<Image Id='95' Alpha='1'>
<TransparentColor R='0.752941' G='0.752941' B='0.752941' A='0' />
</Image>
</VisualStyle>
<VisualStyle State='1' Mode='0'>
<Face Type='2D'>
<Color  R='0' G='0.0862745' B='0.388235' A='1' />
</Face>
<Image Id='95' Alpha='1'>
<TransparentColor R='0.752941' G='0.752941' B='0.752941' A='0' />
</Image>
</VisualStyle>
</VisualStyles>
<Bindings>
<Binding Id='83' Type='Digital' Property='State'/>
</Bindings>
<Commands>
<Command Action='TouchDown' Id='83' Type='Digital' Value='True' />
<Command Action='TouchUp' Id='83' Type='Digital' Value='False' />
</Commands>
</Control>
<Control Type='Button' Name='Item 17' Anchoring='27'>
<Position Units='Pixels' X='1760' Y='0' />
<Size Units='Pixels' Width='110' Height='77' />
<VisualStyles>
<VisualStyle State='0' Mode='0'>
<Face Type='2D'>
<Color  R='0' G='0.0862745' B='0.388235' A='1' />
</Face>
<Image Id='96' Alpha='1'>
<TransparentColor R='0.752941' G='0.752941' B='0.752941' A='0' />
</Image>
</VisualStyle>
<VisualStyle State='1' Mode='0'>
<Face Type='2D'>
<Color  R='0' G='0.0862745' B='0.388235' A='1' />
</Face>
<Image Id='96' Alpha='1'>
<TransparentColor R='0.752941' G='0.752941' B='0.752941' A='0' />
</Image>
</VisualStyle>
</VisualStyles>
<Bindings>
<Binding Id='85' Type='Digital' Property='State'/>
</Bindings>
<Commands>
<Command Action='TouchDown' Id='85' Type='Digital' Value='True' />
<Command Action='TouchUp' Id='85' Type='Digital' Value='False' />
</Commands>
</Control>
<Control Type='Button' Name='Item 18' Anchoring='27'>
<Position Units='Pixels' X='1870' Y='0' />
<Size Units='Pixels' Width='110' Height='77' />
<VisualStyles>
<VisualStyle State='0' Mode='0'>
<Face Type='2D'>
<Color  R='0' G='0.0862745' B='0.388235' A='1' />
</Face>
<Image Id='97' Alpha='1'>
<TransparentColor R='0.752941' G='0.752941' B='0.752941' A='0' />
</Image>
</VisualStyle>
<VisualStyle State='1' Mode='0'>
<Face Type='2D'>
<Color  R='0' G='0.0862745' B='0.388235' A='1' />
</Face>
<Image Id='97' Alpha='1'>
<TransparentColor R='0.752941' G='0.752941' B='0.752941' A='0' />
</Image>
</VisualStyle>
</VisualStyles>
<Bindings>
<Binding Id='86' Type='Digital' Property='State'/>
</Bindings>
<Commands>
<Command Action='TouchDown' Id='86' Type='Digital' Value='True' />
<Command Action='TouchUp' Id='86' Type='Digital' Value='False' />
</Commands>
</Control>
<Control Type='Button' Name='Item 19' Anchoring='27'>
<Position Units='Pixels' X='1980' Y='0' />
<Size Units='Pixels' Width='110' Height='77' />
<VisualStyles>
<VisualStyle State='0' Mode='0'>
<Face Type='2D'>
<Color  R='0' G='0.0862745' B='0.388235' A='1' />
</Face>
<Image Id='98' Alpha='1'>
<TransparentColor R='0.752941' G='0.752941' B='0.752941' A='0' />
</Image>
</VisualStyle>
<VisualStyle State='1' Mode='0'>
<Face Type='2D'>
<Color  R='0' G='0.0862745' B='0.388235' A='1' />
</Face>
<Image Id='98' Alpha='1'>
<TransparentColor R='0.752941' G='0.752941' B='0.752941' A='0' />
</Image>
</VisualStyle>
</VisualStyles>
<Bindings>
<Binding Id='60' Type='Digital' Property='State'/>
</Bindings>
<Commands>
<Command Action='TouchDown' Id='60' Type='Digital' Value='True' />
<Command Action='TouchUp' Id='60' Type='Digital' Value='False' />
</Commands>
</Control>
<Control Type='Button' Name='Item 20' Anchoring='27'>
<Position Units='Pixels' X='2090' Y='0' />
<Size Units='Pixels' Width='110' Height='77' />
<VisualStyles>
<VisualStyle State='0' Mode='0'>
<Face Type='2D'>
<Color  R='0' G='0.0862745' B='0.388235' A='1' />
</Face>
<Image Id='99' Alpha='1'>
<TransparentColor R='0.752941' G='0.752941' B='0.752941' A='0' />
</Image>
</VisualStyle>
<VisualStyle State='1' Mode='0'>
<Face Type='2D'>
<Color  R='0' G='0.0862745' B='0.388235' A='1' />
</Face>
<Image Id='99' Alpha='1'>
<TransparentColor R='0.752941' G='0.752941' B='0.752941' A='0' />
</Image>
</VisualStyle>
</VisualStyles>
<Bindings>
<Binding Id='61' Type='Digital' Property='State'/>
</Bindings>
<Commands>
<Command Action='TouchDown' Id='61' Type='Digital' Value='True' />
<Command Action='TouchUp' Id='61' Type='Digital' Value='False' />
</Commands>
</Control>
<Control Type='Button' Name='Item 21' Anchoring='27'>
<Position Units='Pixels' X='2200' Y='0' />
<Size Units='Pixels' Width='110' Height='77' />
<VisualStyles>
<VisualStyle State='0' Mode='0'>
<Face Type='2D'>
<Color  R='0' G='0.0862745' B='0.388235' A='1' />
</Face>
<Image Id='100' Alpha='1'>
<TransparentColor R='0.752941' G='0.752941' B='0.752941' A='0' />
</Image>
</VisualStyle>
<VisualStyle State='1' Mode='0'>
<Face Type='2D'>
<Color  R='0' G='0.0862745' B='0.388235' A='1' />
</Face>
<Image Id='100' Alpha='1'>
<TransparentColor R='0.752941' G='0.752941' B='0.752941' A='0' />
</Image>
</VisualStyle>
</VisualStyles>
<Bindings>
<Binding Id='63' Type='Digital' Property='State'/>
</Bindings>
<Commands>
<Command Action='TouchDown' Id='63' Type='Digital' Value='True' />
<Command Action='TouchUp' Id='63' Type='Digital' Value='False' />
</Commands>
</Control>
<Control Type='Button' Name='Item 22' Anchoring='27'>
<Position Units='Pixels' X='2310' Y='0' />
<Size Units='Pixels' Width='110' Height='77' />
<VisualStyles>
<VisualStyle State='0' Mode='0'>
<Face Type='2D'>
<Color  R='0' G='0.0862745' B='0.388235' A='1' />
</Face>
<Image Id='101' Alpha='1'>
<TransparentColor R='0.752941' G='0.752941' B='0.752941' A='0' />
</Image>
</VisualStyle>
<VisualStyle State='1' Mode='0'>
<Face Type='2D'>
<Color  R='0' G='0.0862745' B='0.388235' A='1' />
</Face>
<Image Id='101' Alpha='1'>
<TransparentColor R='0.752941' G='0.752941' B='0.752941' A='0' />
</Image>
</VisualStyle>
</VisualStyles>
<Bindings>
<Binding Id='63' Type='Digital' Property='State'/>
</Bindings>
<Commands>
<Command Action='TouchDown' Id='63' Type='Digital' Value='True' />
<Command Action='TouchUp' Id='63' Type='Digital' Value='False' />
</Commands>
</Control>
<Control Type='Button' Name='Item 23' Anchoring='27'>
<Position Units='Pixels' X='2420' Y='0' />
<Size Units='Pixels' Width='110' Height='77' />
<VisualStyles>
<VisualStyle State='0' Mode='0'>
<Face Type='2D'>
<Color  R='0' G='0.0862745' B='0.388235' A='1' />
</Face>
<Image Id='102' Alpha='1'>
<TransparentColor R='0.752941' G='0.752941' B='0.752941' A='0' />
</Image>
</VisualStyle>
<VisualStyle State='1' Mode='0'>
<Face Type='2D'>
<Color  R='0' G='0.0862745' B='0.388235' A='1' />
</Face>
<Image Id='102' Alpha='1'>
<TransparentColor R='0.752941' G='0.752941' B='0.752941' A='0' />
</Image>
</VisualStyle>
</VisualStyles>
<Bindings>
<Binding Id='64' Type='Digital' Property='State'/>
</Bindings>
<Commands>
<Command Action='TouchDown' Id='64' Type='Digital' Value='True' />
<Command Action='TouchUp' Id='64' Type='Digital' Value='False' />
</Commands>
</Control>
<Control Type='Button' Name='Item 24' Anchoring='27'>
<Position Units='Pixels' X='2530' Y='0' />
<Size Units='Pixels' Width='110' Height='77' />
<VisualStyles>
<VisualStyle State='0' Mode='0'>
<Face Type='2D'>
<Color  R='0' G='0.0862745' B='0.388235' A='1' />
</Face>
<Image Id='103' Alpha='1'>
<TransparentColor R='0.752941' G='0.752941' B='0.752941' A='0' />
</Image>
</VisualStyle>
<VisualStyle State='1' Mode='0'>
<Face Type='2D'>
<Color  R='0' G='0.0862745' B='0.388235' A='1' />
</Face>
<Image Id='103' Alpha='1'>
<TransparentColor R='0.752941' G='0.752941' B='0.752941' A='0' />
</Image>
</VisualStyle>
</VisualStyles>
<Bindings>
<Binding Id='65' Type='Digital' Property='State'/>
</Bindings>
<Commands>
<Command Action='TouchDown' Id='65' Type='Digital' Value='True' />
<Command Action='TouchUp' Id='65' Type='Digital' Value='False' />
</Commands>
</Control>
<Control Type='Button' Name='Item 25' Anchoring='27'>
<Position Units='Pixels' X='2640' Y='0' />
<Size Units='Pixels' Width='110' Height='77' />
<VisualStyles>
<VisualStyle State='0' Mode='0'>
<Face Type='2D'>
<Color  R='0' G='0.0862745' B='0.388235' A='1' />
</Face>
<Image Id='104' Alpha='1'>
<TransparentColor R='0.752941' G='0.752941' B='0.752941' A='0' />
</Image>
</VisualStyle>
<VisualStyle State='1' Mode='0'>
<Face Type='2D'>
<Color  R='0' G='0.0862745' B='0.388235' A='1' />
</Face>
<Image Id='104' Alpha='1'>
<TransparentColor R='0.752941' G='0.752941' B='0.752941' A='0' />
</Image>
</VisualStyle>
</VisualStyles>
<Bindings>
<Binding Id='69' Type='Digital' Property='State'/>
</Bindings>
<Commands>
<Command Action='TouchDown' Id='69' Type='Digital' Value='True' />
<Command Action='TouchUp' Id='69' Type='Digital' Value='False' />
</Commands>
</Control>
<Control Type='Button' Name='Item 26' Anchoring='27'>
<Position Units='Pixels' X='2750' Y='0' />
<Size Units='Pixels' Width='110' Height='77' />
<VisualStyles>
<VisualStyle State='0' Mode='0'>
<Face Type='2D'>
<Color  R='0' G='0.0862745' B='0.388235' A='1' />
</Face>
<Image Id='105' Alpha='1'>
<TransparentColor R='0.752941' G='0.752941' B='0.752941' A='0' />
</Image>
</VisualStyle>
<VisualStyle State='1' Mode='0'>
<Face Type='2D'>
<Color  R='0' G='0.0862745' B='0.388235' A='1' />
</Face>
<Image Id='105' Alpha='1'>
<TransparentColor R='0.752941' G='0.752941' B='0.752941' A='0' />
</Image>
</VisualStyle>
</VisualStyles>
<Bindings>
<Binding Id='70' Type='Digital' Property='State'/>
</Bindings>
<Commands>
<Command Action='TouchDown' Id='70' Type='Digital' Value='True' />
<Command Action='TouchUp' Id='70' Type='Digital' Value='False' />
</Commands>
</Control>
<Control Type='Button' Name='Item 27' Anchoring='27'>
<Position Units='Pixels' X='2860' Y='0' />
<Size Units='Pixels' Width='110' Height='77' />
<VisualStyles>
<VisualStyle State='0' Mode='0'>
<Face Type='2D'>
<Color  R='0' G='0.0862745' B='0.388235' A='1' />
</Face>
<Image Id='106' Alpha='1'>
<TransparentColor R='0.752941' G='0.752941' B='0.752941' A='0' />
</Image>
</VisualStyle>
<VisualStyle State='1' Mode='0'>
<Face Type='2D'>
<Color  R='0' G='0.0862745' B='0.388235' A='1' />
</Face>
<Image Id='106' Alpha='1'>
<TransparentColor R='0.752941' G='0.752941' B='0.752941' A='0' />
</Image>
</VisualStyle>
</VisualStyles>
<Bindings>
<Binding Id='71' Type='Digital' Property='State'/>
</Bindings>
<Commands>
<Command Action='TouchDown' Id='71' Type='Digital' Value='True' />
<Command Action='TouchUp' Id='71' Type='Digital' Value='False' />
</Commands>
</Control>
<Control Type='Button' Name='Item 28' Anchoring='27'>
<Position Units='Pixels' X='2970' Y='0' />
<Size Units='Pixels' Width='110' Height='77' />
<VisualStyles>
<VisualStyle State='0' Mode='0'>
<Face Type='2D'>
<Color  R='0' G='0.0862745' B='0.388235' A='1' />
</Face>
<Image Id='107' Alpha='1'>
<TransparentColor R='0.752941' G='0.752941' B='0.752941' A='0' />
</Image>
</VisualStyle>
<VisualStyle State='1' Mode='0'>
<Face Type='2D'>
<Color  R='0' G='0.0862745' B='0.388235' A='1' />
</Face>
<Image Id='107' Alpha='1'>
<TransparentColor R='0.752941' G='0.752941' B='0.752941' A='0' />
</Image>
</VisualStyle>
</VisualStyles>
<Bindings>
<Binding Id='72' Type='Digital' Property='State'/>
</Bindings>
<Commands>
<Command Action='TouchDown' Id='72' Type='Digital' Value='True' />
<Command Action='TouchUp' Id='72' Type='Digital' Value='False' />
</Commands>
</Control>
<Control Type='Button' Name='Item 29' Anchoring='27'>
<Position Units='Pixels' X='3080' Y='0' />
<Size Units='Pixels' Width='110' Height='77' />
<VisualStyles>
<VisualStyle State='0' Mode='0'>
<Face Type='2D'>
<Color  R='0' G='0.0862745' B='0.388235' A='1' />
</Face>
<Image Id='108' Alpha='1'>
<TransparentColor R='0.752941' G='0.752941' B='0.752941' A='0' />
</Image>
</VisualStyle>
<VisualStyle State='1' Mode='0'>
<Face Type='2D'>
<Color  R='0' G='0.0862745' B='0.388235' A='1' />
</Face>
<Image Id='108' Alpha='1'>
<TransparentColor R='0.752941' G='0.752941' B='0.752941' A='0' />
</Image>
</VisualStyle>
</VisualStyles>
<Bindings>
<Binding Id='73' Type='Digital' Property='State'/>
</Bindings>
<Commands>
<Command Action='TouchDown' Id='73' Type='Digital' Value='True' />
<Command Action='TouchUp' Id='73' Type='Digital' Value='False' />
</Commands>
</Control>
<Control Type='Button' Name='Item 30' Anchoring='27'>
<Position Units='Pixels' X='3190' Y='0' />
<Size Units='Pixels' Width='110' Height='77' />
<VisualStyles>
<VisualStyle State='0' Mode='0'>
<Face Type='2D'>
<Color  R='0' G='0.0862745' B='0.388235' A='1' />
</Face>
<Image Id='109' Alpha='1'>
<TransparentColor R='0.752941' G='0.752941' B='0.752941' A='0' />
</Image>
</VisualStyle>
<VisualStyle State='1' Mode='0'>
<Face Type='2D'>
<Color  R='0' G='0.0862745' B='0.388235' A='1' />
</Face>
<Image Id='109' Alpha='1'>
<TransparentColor R='0.752941' G='0.752941' B='0.752941' A='0' />
</Image>
</VisualStyle>
</VisualStyles>
<Bindings>
<Binding Id='74' Type='Digital' Property='State'/>
</Bindings>
<Commands>
<Command Action='TouchDown' Id='74' Type='Digital' Value='True' />
<Command Action='TouchUp' Id='74' Type='Digital' Value='False' />
</Commands>
</Control>
<Control Type='Button' Name='Item 31' Anchoring='27'>
<Position Units='Pixels' X='3300' Y='0' />
<Size Units='Pixels' Width='110' Height='77' />
<VisualStyles>
<VisualStyle State='0' Mode='0'>
<Face Type='2D'>
<Color  R='0' G='0.0862745' B='0.388235' A='1' />
</Face>
<Image Id='110' Alpha='1'>
<TransparentColor R='0.752941' G='0.752941' B='0.752941' A='0' />
</Image>
</VisualStyle>
<VisualStyle State='1' Mode='0'>
<Face Type='2D'>
<Color  R='0' G='0.0862745' B='0.388235' A='1' />
</Face>
<Image Id='110' Alpha='1'>
<TransparentColor R='0.752941' G='0.752941' B='0.752941' A='0' />
</Image>
</VisualStyle>
</VisualStyles>
<Bindings>
<Binding Id='75' Type='Digital' Property='State'/>
</Bindings>
<Commands>
<Command Action='TouchDown' Id='75' Type='Digital' Value='True' />
<Command Action='TouchUp' Id='75' Type='Digital' Value='False' />
</Commands>
</Control>
<Control Type='Button' Name='Item 32' Anchoring='27'>
<Position Units='Pixels' X='3410' Y='0' />
<Size Units='Pixels' Width='110' Height='77' />
<VisualStyles>
<VisualStyle State='0' Mode='0'>
<Face Type='2D'>
<Color  R='0' G='0.0862745' B='0.388235' A='1' />
</Face>
<Image Id='111' Alpha='1'>
<TransparentColor R='0.752941' G='0.752941' B='0.752941' A='0' />
</Image>
</VisualStyle>
<VisualStyle State='1' Mode='0'>
<Face Type='2D'>
<Color  R='0' G='0.0862745' B='0.388235' A='1' />
</Face>
<Image Id='111' Alpha='1'>
<TransparentColor R='0.752941' G='0.752941' B='0.752941' A='0' />
</Image>
</VisualStyle>
</VisualStyles>
<Bindings>
<Binding Id='76' Type='Digital' Property='State'/>
</Bindings>
<Commands>
<Command Action='TouchDown' Id='76' Type='Digital' Value='True' />
<Command Action='TouchUp' Id='76' Type='Digital' Value='False' />
</Commands>
</Control>
<Control Type='Button' Name='Item 33' Anchoring='27'>
<Position Units='Pixels' X='3520' Y='0' />
<Size Units='Pixels' Width='110' Height='77' />
<VisualStyles>
<VisualStyle State='0' Mode='0'>
<Face Type='2D'>
<Color  R='0' G='0.0862745' B='0.388235' A='1' />
</Face>
<Image Id='112' Alpha='1'>
<TransparentColor R='0.752941' G='0.752941' B='0.752941' A='0' />
</Image>
</VisualStyle>
<VisualStyle State='1' Mode='0'>
<Face Type='2D'>
<Color  R='0' G='0.0862745' B='0.388235' A='1' />
</Face>
<Image Id='112' Alpha='1'>
<TransparentColor R='0.752941' G='0.752941' B='0.752941' A='0' />
</Image>
</VisualStyle>
</VisualStyles>
<Bindings>
<Binding Id='77' Type='Digital' Property='State'/>
</Bindings>
<Commands>
<Command Action='TouchDown' Id='77' Type='Digital' Value='True' />
<Command Action='TouchUp' Id='77' Type='Digital' Value='False' />
</Commands>
</Control>
<Control Type='Button' Name='Item 34' Anchoring='27'>
<Position Units='Pixels' X='3630' Y='0' />
<Size Units='Pixels' Width='110' Height='77' />
<VisualStyles>
<VisualStyle State='0' Mode='0'>
<Face Type='2D'>
<Color  R='0' G='0.0862745' B='0.388235' A='1' />
</Face>
<Image Id='113' Alpha='1'>
<TransparentColor R='0.752941' G='0.752941' B='0.752941' A='0' />
</Image>
</VisualStyle>
<VisualStyle State='1' Mode='0'>
<Face Type='2D'>
<Color  R='0' G='0.0862745' B='0.388235' A='1' />
</Face>
<Image Id='113' Alpha='1'>
<TransparentColor R='0.752941' G='0.752941' B='0.752941' A='0' />
</Image>
</VisualStyle>
</VisualStyles>
<Bindings>
<Binding Id='51' Type='Digital' Property='State'/>
</Bindings>
<Commands>
<Command Action='TouchDown' Id='51' Type='Digital' Value='True' />
<Command Action='TouchUp' Id='51' Type='Digital' Value='False' />
</Commands>
</Control>
<Control Type='Button' Name='Item 35' Anchoring='27'>
<Position Units='Pixels' X='3740' Y='0' />
<Size Units='Pixels' Width='110' Height='77' />
<VisualStyles>
<VisualStyle State='0' Mode='0'>
<Face Type='2D'>
<Color  R='0' G='0.0862745' B='0.388235' A='1' />
</Face>
<Image Id='114' Alpha='1'>
<TransparentColor R='0.752941' G='0.752941' B='0.752941' A='0' />
</Image>
</VisualStyle>
<VisualStyle State='1' Mode='0'>
<Face Type='2D'>
<Color  R='0' G='0.0862745' B='0.388235' A='1' />
</Face>
<Image Id='114' Alpha='1'>
<TransparentColor R='0.752941' G='0.752941' B='0.752941' A='0' />
</Image>
</VisualStyle>
</VisualStyles>
<Bindings>
<Binding Id='52' Type='Digital' Property='State'/>
</Bindings>
<Commands>
<Command Action='TouchDown' Id='52' Type='Digital' Value='True' />
<Command Action='TouchUp' Id='52' Type='Digital' Value='False' />
</Commands>
</Control>
<Control Type='Button' Name='Item 36' Anchoring='27'>
<Position Units='Pixels' X='3850' Y='0' />
<Size Units='Pixels' Width='110' Height='77' />
<VisualStyles>
<VisualStyle State='0' Mode='0'>
<Face Type='2D'>
<Color  R='0' G='0.0862745' B='0.388235' A='1' />
</Face>
<Image Id='115' Alpha='1'>
<TransparentColor R='0.752941' G='0.752941' B='0.752941' A='0' />
</Image>
</VisualStyle>
<VisualStyle State='1' Mode='0'>
<Face Type='2D'>
<Color  R='0' G='0.0862745' B='0.388235' A='1' />
</Face>
<Image Id='115' Alpha='1'>
<TransparentColor R='0.752941' G='0.752941' B='0.752941' A='0' />
</Image>
</VisualStyle>
</VisualStyles>
<Bindings>
<Binding Id='53' Type='Digital' Property='State'/>
</Bindings>
<Commands>
<Command Action='TouchDown' Id='53' Type='Digital' Value='True' />
<Command Action='TouchUp' Id='53' Type='Digital' Value='False' />
</Commands>
</Control>
<Control Type='Button' Name='Item 37' Anchoring='27'>
<Position Units='Pixels' X='3960' Y='0' />
<Size Units='Pixels' Width='110' Height='77' />
<VisualStyles>
<VisualStyle State='0' Mode='0'>
<Face Type='2D'>
<Color  R='0' G='0.0862745' B='0.388235' A='1' />
</Face>
<Image Id='116' Alpha='1'>
<TransparentColor R='0.752941' G='0.752941' B='0.752941' A='0' />
</Image>
</VisualStyle>
<VisualStyle State='1' Mode='0'>
<Face Type='2D'>
<Color  R='0' G='0.0862745' B='0.388235' A='1' />
</Face>
<Image Id='116' Alpha='1'>
<TransparentColor R='0.752941' G='0.752941' B='0.752941' A='0' />
</Image>
</VisualStyle>
</VisualStyles>
<Bindings>
<Binding Id='54' Type='Digital' Property='State'/>
</Bindings>
<Commands>
<Command Action='TouchDown' Id='54' Type='Digital' Value='True' />
<Command Action='TouchUp' Id='54' Type='Digital' Value='False' />
</Commands>
</Control>
<Control Type='Button' Name='Item 38' Anchoring='27'>
<Position Units='Pixels' X='4070' Y='0' />
<Size Units='Pixels' Width='110' Height='77' />
<VisualStyles>
<VisualStyle State='0' Mode='0'>
<Face Type='2D'>
<Color  R='0' G='0.0862745' B='0.388235' A='1' />
</Face>
<Image Id='117' Alpha='1'>
<TransparentColor R='0.752941' G='0.752941' B='0.752941' A='0' />
</Image>
</VisualStyle>
<VisualStyle State='1' Mode='0'>
<Face Type='2D'>
<Color  R='0' G='0.0862745' B='0.388235' A='1' />
</Face>
<Image Id='117' Alpha='1'>
<TransparentColor R='0.752941' G='0.752941' B='0.752941' A='0' />
</Image>
</VisualStyle>
</VisualStyles>
<Bindings>
<Binding Id='55' Type='Digital' Property='State'/>
</Bindings>
<Commands>
<Command Action='TouchDown' Id='55' Type='Digital' Value='True' />
<Command Action='TouchUp' Id='55' Type='Digital' Value='False' />
</Commands>
</Control>
<Control Type='Button' Name='Item 39' Anchoring='27'>
<Position Units='Pixels' X='4180' Y='0' />
<Size Units='Pixels' Width='110' Height='77' />
<VisualStyles>
<VisualStyle State='0' Mode='0'>
<Face Type='2D'>
<Color  R='0' G='0.0862745' B='0.388235' A='1' />
</Face>
<Image Id='118' Alpha='1'>
<TransparentColor R='0.752941' G='0.752941' B='0.752941' A='0' />
</Image>
</VisualStyle>
<VisualStyle State='1' Mode='0'>
<Face Type='2D'>
<Color  R='0' G='0.0862745' B='0.388235' A='1' />
</Face>
<Image Id='118' Alpha='1'>
<TransparentColor R='0.752941' G='0.752941' B='0.752941' A='0' />
</Image>
</VisualStyle>
</VisualStyles>
<Bindings>
<Binding Id='56' Type='Digital' Property='State'/>
</Bindings>
<Commands>
<Command Action='TouchDown' Id='56' Type='Digital' Value='True' />
<Command Action='TouchUp' Id='56' Type='Digital' Value='False' />
</Commands>
</Control>
<Control Type='Button' Name='Item 40' Anchoring='27'>
<Position Units='Pixels' X='4290' Y='0' />
<Size Units='Pixels' Width='110' Height='77' />
<VisualStyles>
<VisualStyle State='0' Mode='0'>
<Face Type='2D'>
<Color  R='0' G='0.0862745' B='0.388235' A='1' />
</Face>
<Image Id='119' Alpha='1'>
<TransparentColor R='0.752941' G='0.752941' B='0.752941' A='0' />
</Image>
</VisualStyle>
<VisualStyle State='1' Mode='0'>
<Face Type='2D'>
<Color  R='0' G='0.0862745' B='0.388235' A='1' />
</Face>
<Image Id='119' Alpha='1'>
<TransparentColor R='0.752941' G='0.752941' B='0.752941' A='0' />
</Image>
</VisualStyle>
</VisualStyles>
<Bindings>
<Binding Id='57' Type='Digital' Property='State'/>
</Bindings>
<Commands>
<Command Action='TouchDown' Id='57' Type='Digital' Value='True' />
<Command Action='TouchUp' Id='57' Type='Digital' Value='False' />
</Commands>
</Control>
<Control Type='Button' Name='Item 41' Anchoring='27'>
<Position Units='Pixels' X='4400' Y='0' />
<Size Units='Pixels' Width='110' Height='77' />
<VisualStyles>
<VisualStyle State='0' Mode='0'>
<Face Type='2D'>
<Color  R='0' G='0.0862745' B='0.388235' A='1' />
</Face>
<Image Id='120' Alpha='1'>
<TransparentColor R='0.752941' G='0.752941' B='0.752941' A='0' />
</Image>
</VisualStyle>
<VisualStyle State='1' Mode='0'>
<Face Type='2D'>
<Color  R='0' G='0.0862745' B='0.388235' A='1' />
</Face>
<Image Id='120' Alpha='1'>
<TransparentColor R='0.752941' G='0.752941' B='0.752941' A='0' />
</Image>
</VisualStyle>
</VisualStyles>
<Bindings>
<Binding Id='58' Type='Digital' Property='State'/>
</Bindings>
<Commands>
<Command Action='TouchDown' Id='58' Type='Digital' Value='True' />
<Command Action='TouchUp' Id='58' Type='Digital' Value='False' />
</Commands>
</Control>
<Control Type='Button' Name='Item 42' Anchoring='27'>
<Position Units='Pixels' X='4510' Y='0' />
<Size Units='Pixels' Width='110' Height='77' />
<VisualStyles>
<VisualStyle State='0' Mode='0'>
<Face Type='2D'>
<Color  R='0' G='0.0862745' B='0.388235' A='1' />
</Face>
<Image Id='121' Alpha='1'>
<TransparentColor R='0.752941' G='0.752941' B='0.752941' A='0' />
</Image>
</VisualStyle>
<VisualStyle State='1' Mode='0'>
<Face Type='2D'>
<Color  R='0' G='0.0862745' B='0.388235' A='1' />
</Face>
<Image Id='121' Alpha='1'>
<TransparentColor R='0.752941' G='0.752941' B='0.752941' A='0' />
</Image>
</VisualStyle>
</VisualStyles>
<Bindings>
<Binding Id='59' Type='Digital' Property='State'/>
</Bindings>
<Commands>
<Command Action='TouchDown' Id='59' Type='Digital' Value='True' />
<Command Action='TouchUp' Id='59' Type='Digital' Value='False' />
</Commands>
</Control>
</ContentArea >
</Control>
<Control Type='Button' Name='Text'>
<Position Units='Pixels' X='48' Y='16' />
<Size Units='Pixels' Width='160' Height='32' />
<VisualStyles>
<VisualStyle State='0' Mode='0'>
<Text Id='11' FontId='4' Alignment='CenterLeft' Wrap='False'>
<Color  R='0.752941' G='0.752941' B='0.752941' A='1' />
</Text>
</VisualStyle>
</VisualStyles>
</Control>
</Control>
</File>
