<?xml version='1.0' encoding='ISO-8859-1' ?>
<File Type='Page' Version='5.1.0'>
<Control Type='Subpage' Name='Source (12 Wii - Main)'>
<Position Units='Pixels' X='0' Y='0' />
<Size Units='Pixels' Width='774' Height='623' />
<VisualStyles>
<VisualStyle>
<Background>
<Color  R='0' G='0' B='0' A='0' />
</Background>
</VisualStyle>
</VisualStyles>
<Control Type='Button' Name='Text'>
<Position Units='Pixels' X='63' Y='79' />
<Size Units='Pixels' Width='648' Height='464' />
<VisualStyles>
<VisualStyle State='0' Mode='0'>
<Text Id='75' FontId='3' Alignment='CenterCenter' Wrap='False'>
<Color  R='0.752941' G='0.752941' B='0.752941' A='1' />
</Text>
</VisualStyle>
</VisualStyles>
</Control>
</Control>
</File>
