<?xml version='1.0' encoding='ISO-8859-1' ?>
<File Type='Page' Version='5.1.0'>
<Control Type='Subpage' Name='Source (21 XM - 2Presets)'>
<Position Units='Pixels' X='0' Y='0' />
<Size Units='Pixels' Width='600' Height='352' />
<VisualStyles>
<VisualStyle>
<Background>
<Color  R='0' G='0' B='0' A='0' />
</Background>
</VisualStyle>
</VisualStyles>
<Control Type='Button' Name='Text'>
<Position Units='Pixels' X='28' Y='12' />
<Size Units='Pixels' Width='160' Height='32' />
<VisualStyles>
<VisualStyle State='0' Mode='0'>
<Text Id='11' FontId='4' Alignment='CenterLeft' Wrap='False'>
<Color  R='0.752941' G='0.752941' B='0.752941' A='1' />
</Text>
</VisualStyle>
</VisualStyles>
</Control>
<Control Type='Button' Name='Image'>
<Position Units='Pixels' X='12' Y='56' />
<Size Units='Pixels' Width='576' Height='284' />
<VisualStyles>
<VisualStyle State='0' Mode='0'>
<Image Id='26' Alpha='1' />
</VisualStyle>
</VisualStyles>
</Control>
<Control Type='Button' Name='Button'>
<Position Units='Pixels' X='44' Y='96' />
<Size Units='Pixels' Width='146' Height='45' />
<VisualStyles>
<VisualStyle State='0' Mode='0'>
<Face Type='2D'>
<Color  R='1' G='1' B='1' A='0' />
</Face>
<Image Id='10' Alpha='1' />
<Text FontId='2' Alignment='CenterCenter' Wrap='False'>
<Bindings>
<Binding Id='51' Type='Serial' Property='Text'/>
</Bindings>
<Color  R='1' G='1' B='1' A='1' />
</Text>
</VisualStyle>
<VisualStyle State='1' Mode='0'>
<Face Type='2D'>
<Color  R='1' G='1' B='1' A='0' />
</Face>
<Image Id='11' Alpha='1' />
<Text FontId='2' Alignment='CenterCenter' Wrap='False'>
<Bindings>
<Binding Id='51' Type='Serial' Property='Text'/>
</Bindings>
<Color  R='1' G='1' B='1' A='1' />
</Text>
</VisualStyle>
</VisualStyles>
<Bindings>
<Binding Id='51' Type='Digital' Property='State'/>
</Bindings>
<Commands>
<Command Action='TouchDown' Id='51' Type='Digital' Value='True' />
<Command Action='TouchUp' Id='51' Type='Digital' Value='False' />
</Commands>
</Control>
<Control Type='Button' Name='Button'>
<Position Units='Pixels' X='227' Y='96' />
<Size Units='Pixels' Width='146' Height='45' />
<VisualStyles>
<VisualStyle State='0' Mode='0'>
<Face Type='2D'>
<Color  R='1' G='1' B='1' A='0' />
</Face>
<Image Id='10' Alpha='1' />
<Text FontId='2' Alignment='CenterCenter' Wrap='False'>
<Bindings>
<Binding Id='52' Type='Serial' Property='Text'/>
</Bindings>
<Color  R='1' G='1' B='1' A='1' />
</Text>
</VisualStyle>
<VisualStyle State='1' Mode='0'>
<Face Type='2D'>
<Color  R='1' G='1' B='1' A='0' />
</Face>
<Image Id='11' Alpha='1' />
<Text FontId='2' Alignment='CenterCenter' Wrap='False'>
<Bindings>
<Binding Id='52' Type='Serial' Property='Text'/>
</Bindings>
<Color  R='1' G='1' B='1' A='1' />
</Text>
</VisualStyle>
</VisualStyles>
<Bindings>
<Binding Id='52' Type='Digital' Property='State'/>
</Bindings>
<Commands>
<Command Action='TouchDown' Id='52' Type='Digital' Value='True' />
<Command Action='TouchUp' Id='52' Type='Digital' Value='False' />
</Commands>
</Control>
<Control Type='Button' Name='Button'>
<Position Units='Pixels' X='410' Y='96' />
<Size Units='Pixels' Width='146' Height='45' />
<VisualStyles>
<VisualStyle State='0' Mode='0'>
<Face Type='2D'>
<Color  R='1' G='1' B='1' A='0' />
</Face>
<Image Id='10' Alpha='1' />
<Text FontId='2' Alignment='CenterCenter' Wrap='False'>
<Bindings>
<Binding Id='53' Type='Serial' Property='Text'/>
</Bindings>
<Color  R='1' G='1' B='1' A='1' />
</Text>
</VisualStyle>
<VisualStyle State='1' Mode='0'>
<Face Type='2D'>
<Color  R='1' G='1' B='1' A='0' />
</Face>
<Image Id='11' Alpha='1' />
<Text FontId='2' Alignment='CenterCenter' Wrap='False'>
<Bindings>
<Binding Id='53' Type='Serial' Property='Text'/>
</Bindings>
<Color  R='1' G='1' B='1' A='1' />
</Text>
</VisualStyle>
</VisualStyles>
<Bindings>
<Binding Id='54' Type='Digital' Property='State'/>
</Bindings>
<Commands>
<Command Action='TouchDown' Id='54' Type='Digital' Value='True' />
<Command Action='TouchUp' Id='54' Type='Digital' Value='False' />
</Commands>
</Control>
<Control Type='Button' Name='Button'>
<Position Units='Pixels' X='44' Y='176' />
<Size Units='Pixels' Width='146' Height='45' />
<VisualStyles>
<VisualStyle State='0' Mode='0'>
<Face Type='2D'>
<Color  R='1' G='1' B='1' A='0' />
</Face>
<Image Id='10' Alpha='1' />
<Text FontId='2' Alignment='CenterCenter' Wrap='False'>
<Bindings>
<Binding Id='54' Type='Serial' Property='Text'/>
</Bindings>
<Color  R='1' G='1' B='1' A='1' />
</Text>
</VisualStyle>
<VisualStyle State='1' Mode='0'>
<Face Type='2D'>
<Color  R='1' G='1' B='1' A='0' />
</Face>
<Image Id='11' Alpha='1' />
<Text FontId='2' Alignment='CenterCenter' Wrap='False'>
<Bindings>
<Binding Id='54' Type='Serial' Property='Text'/>
</Bindings>
<Color  R='1' G='1' B='1' A='1' />
</Text>
</VisualStyle>
</VisualStyles>
<Bindings>
<Binding Id='53' Type='Digital' Property='State'/>
</Bindings>
<Commands>
<Command Action='TouchDown' Id='53' Type='Digital' Value='True' />
<Command Action='TouchUp' Id='53' Type='Digital' Value='False' />
</Commands>
</Control>
<Control Type='Button' Name='Button'>
<Position Units='Pixels' X='227' Y='176' />
<Size Units='Pixels' Width='146' Height='45' />
<VisualStyles>
<VisualStyle State='0' Mode='0'>
<Face Type='2D'>
<Color  R='1' G='1' B='1' A='0' />
</Face>
<Image Id='10' Alpha='1' />
<Text FontId='2' Alignment='CenterCenter' Wrap='False'>
<Bindings>
<Binding Id='55' Type='Serial' Property='Text'/>
</Bindings>
<Color  R='1' G='1' B='1' A='1' />
</Text>
</VisualStyle>
<VisualStyle State='1' Mode='0'>
<Face Type='2D'>
<Color  R='1' G='1' B='1' A='0' />
</Face>
<Image Id='11' Alpha='1' />
<Text FontId='2' Alignment='CenterCenter' Wrap='False'>
<Bindings>
<Binding Id='55' Type='Serial' Property='Text'/>
</Bindings>
<Color  R='1' G='1' B='1' A='1' />
</Text>
</VisualStyle>
</VisualStyles>
<Bindings>
<Binding Id='55' Type='Digital' Property='State'/>
</Bindings>
<Commands>
<Command Action='TouchDown' Id='55' Type='Digital' Value='True' />
<Command Action='TouchUp' Id='55' Type='Digital' Value='False' />
</Commands>
</Control>
<Control Type='Button' Name='Button'>
<Position Units='Pixels' X='410' Y='176' />
<Size Units='Pixels' Width='146' Height='45' />
<VisualStyles>
<VisualStyle State='0' Mode='0'>
<Face Type='2D'>
<Color  R='1' G='1' B='1' A='0' />
</Face>
<Image Id='10' Alpha='1' />
<Text FontId='2' Alignment='CenterCenter' Wrap='False'>
<Bindings>
<Binding Id='56' Type='Serial' Property='Text'/>
</Bindings>
<Color  R='1' G='1' B='1' A='1' />
</Text>
</VisualStyle>
<VisualStyle State='1' Mode='0'>
<Face Type='2D'>
<Color  R='1' G='1' B='1' A='0' />
</Face>
<Image Id='11' Alpha='1' />
<Text FontId='2' Alignment='CenterCenter' Wrap='False'>
<Bindings>
<Binding Id='56' Type='Serial' Property='Text'/>
</Bindings>
<Color  R='1' G='1' B='1' A='1' />
</Text>
</VisualStyle>
</VisualStyles>
<Bindings>
<Binding Id='56' Type='Digital' Property='State'/>
</Bindings>
<Commands>
<Command Action='TouchDown' Id='56' Type='Digital' Value='True' />
<Command Action='TouchUp' Id='56' Type='Digital' Value='False' />
</Commands>
</Control>
<Control Type='Button' Name='Button'>
<Position Units='Pixels' X='44' Y='256' />
<Size Units='Pixels' Width='146' Height='45' />
<VisualStyles>
<VisualStyle State='0' Mode='0'>
<Face Type='2D'>
<Color  R='1' G='1' B='1' A='0' />
</Face>
<Image Id='10' Alpha='1' />
<Text FontId='2' Alignment='CenterCenter' Wrap='False'>
<Bindings>
<Binding Id='57' Type='Serial' Property='Text'/>
</Bindings>
<Color  R='1' G='1' B='1' A='1' />
</Text>
</VisualStyle>
<VisualStyle State='1' Mode='0'>
<Face Type='2D'>
<Color  R='1' G='1' B='1' A='0' />
</Face>
<Image Id='11' Alpha='1' />
<Text FontId='2' Alignment='CenterCenter' Wrap='False'>
<Bindings>
<Binding Id='57' Type='Serial' Property='Text'/>
</Bindings>
<Color  R='1' G='1' B='1' A='1' />
</Text>
</VisualStyle>
</VisualStyles>
<Bindings>
<Binding Id='57' Type='Digital' Property='State'/>
</Bindings>
<Commands>
<Command Action='TouchDown' Id='57' Type='Digital' Value='True' />
<Command Action='TouchUp' Id='57' Type='Digital' Value='False' />
</Commands>
</Control>
<Control Type='Button' Name='Button'>
<Position Units='Pixels' X='227' Y='256' />
<Size Units='Pixels' Width='146' Height='45' />
<VisualStyles>
<VisualStyle State='0' Mode='0'>
<Face Type='2D'>
<Color  R='1' G='1' B='1' A='0' />
</Face>
<Image Id='10' Alpha='1' />
<Text FontId='2' Alignment='CenterCenter' Wrap='False'>
<Bindings>
<Binding Id='58' Type='Serial' Property='Text'/>
</Bindings>
<Color  R='1' G='1' B='1' A='1' />
</Text>
</VisualStyle>
<VisualStyle State='1' Mode='0'>
<Face Type='2D'>
<Color  R='1' G='1' B='1' A='0' />
</Face>
<Image Id='11' Alpha='1' />
<Text FontId='2' Alignment='CenterCenter' Wrap='False'>
<Bindings>
<Binding Id='58' Type='Serial' Property='Text'/>
</Bindings>
<Color  R='1' G='1' B='1' A='1' />
</Text>
</VisualStyle>
</VisualStyles>
<Bindings>
<Binding Id='58' Type='Digital' Property='State'/>
</Bindings>
<Commands>
<Command Action='TouchDown' Id='58' Type='Digital' Value='True' />
<Command Action='TouchUp' Id='58' Type='Digital' Value='False' />
</Commands>
</Control>
<Control Type='Button' Name='Button'>
<Position Units='Pixels' X='410' Y='256' />
<Size Units='Pixels' Width='146' Height='45' />
<VisualStyles>
<VisualStyle State='0' Mode='0'>
<Face Type='2D'>
<Color  R='1' G='1' B='1' A='0' />
</Face>
<Image Id='10' Alpha='1' />
<Text FontId='2' Alignment='CenterCenter' Wrap='False'>
<Bindings>
<Binding Id='59' Type='Serial' Property='Text'/>
</Bindings>
<Color  R='1' G='1' B='1' A='1' />
</Text>
</VisualStyle>
<VisualStyle State='1' Mode='0'>
<Face Type='2D'>
<Color  R='1' G='1' B='1' A='0' />
</Face>
<Image Id='11' Alpha='1' />
<Text FontId='2' Alignment='CenterCenter' Wrap='False'>
<Bindings>
<Binding Id='59' Type='Serial' Property='Text'/>
</Bindings>
<Color  R='1' G='1' B='1' A='1' />
</Text>
</VisualStyle>
</VisualStyles>
<Bindings>
<Binding Id='59' Type='Digital' Property='State'/>
</Bindings>
<Commands>
<Command Action='TouchDown' Id='59' Type='Digital' Value='True' />
<Command Action='TouchUp' Id='59' Type='Digital' Value='False' />
</Commands>
</Control>
</Control>
</File>
