<?xml version='1.0' encoding='ISO-8859-1' ?>
<File Type='Page' Version='5.1.0'>
<Control Type='Subpage' Name='Source (71 Jukebox - Message)'>
<Position Units='Pixels' X='0' Y='0' />
<Size Units='Pixels' Width='600' Height='320' />
<VisualStyles>
<VisualStyle>
<Background>
<Color  R='0' G='0' B='0' A='0' />
</Background>
</VisualStyle>
</VisualStyles>
<Control Type='Button' Name='Button'>
<Position Units='Pixels' X='60' Y='22' />
<Size Units='Pixels' Width='480' Height='276' />
<VisualStyles>
<VisualStyle State='0' Mode='0'>
<Face Type='2D'>
<Color  R='1' G='1' B='1' A='0' />
</Face>
<Text FontId='10' Alignment='CenterCenter' Wrap='True'>
<Bindings>
<Binding Id='90' Type='Serial' Property='Text'/>
</Bindings>
<Color  R='1' G='1' B='1' A='1' />
</Text>
</VisualStyle>
<VisualStyle State='1' Mode='0'>
<Face Type='2D'>
<Color  R='1' G='1' B='1' A='0' />
</Face>
<Text FontId='10' Alignment='CenterCenter' Wrap='True'>
<Bindings>
<Binding Id='90' Type='Serial' Property='Text'/>
</Bindings>
<Color  R='1' G='1' B='0.501961' A='1' />
</Text>
</VisualStyle>
</VisualStyles>
</Control>
</Control>
</File>
