<?xml version='1.0' encoding='ISO-8859-1' ?>
<File Type='Page' Version='5.1.0'>
<Control Type='Subpage' Name='Source (17 Tuner - 3Keypad)'>
<Position Units='Pixels' X='0' Y='0' />
<Size Units='Pixels' Width='600' Height='352' />
<VisualStyles>
<VisualStyle>
<Background>
<Color  R='0' G='0' B='0' A='0' />
</Background>
</VisualStyle>
</VisualStyles>
<Control Type='Button' Name='Image'>
<Position Units='Pixels' X='98' Y='56' />
<Size Units='Pixels' Width='284' Height='284' />
<VisualStyles>
<VisualStyle State='0' Mode='0'>
<Image Id='40' Alpha='1' />
</VisualStyle>
</VisualStyles>
</Control>
<Control Type='Button' Name='Button'>
<Position Units='Pixels' X='106' Y='66' />
<Size Units='Pixels' Width='86' Height='61' />
<VisualStyles>
<VisualStyle State='0' Mode='0'>
<Face Type='2D'>
<Color  R='1' G='1' B='1' A='0' />
</Face>
<Image Id='41' Alpha='1' />
<Text Id='39' FontId='6' Alignment='CenterCenter' Wrap='False'>
<Color  R='1' G='1' B='1' A='1' />
</Text>
</VisualStyle>
<VisualStyle State='1' Mode='0'>
<Face Type='2D'>
<Color  R='1' G='1' B='1' A='0' />
</Face>
<Image Id='42' Alpha='1' />
<Text Id='39' FontId='6' Alignment='CenterCenter' Wrap='False'>
<Color  R='1' G='1' B='1' A='1' />
</Text>
</VisualStyle>
</VisualStyles>
<Bindings>
<Binding Id='111' Type='Digital' Property='State'/>
</Bindings>
<Commands>
<Command Action='TouchDown' Id='111' Type='Digital' Value='True' />
<Command Action='TouchUp' Id='111' Type='Digital' Value='False' />
</Commands>
</Control>
<Control Type='Button' Name='Button'>
<Position Units='Pixels' X='198' Y='66' />
<Size Units='Pixels' Width='86' Height='57' />
<VisualStyles>
<VisualStyle State='0' Mode='0'>
<Face Type='2D'>
<Color  R='1' G='1' B='1' A='0' />
</Face>
<Image Id='41' Alpha='1' />
<Text Id='40' FontId='6' Alignment='CenterCenter' Wrap='False'>
<Color  R='1' G='1' B='1' A='1' />
</Text>
</VisualStyle>
<VisualStyle State='1' Mode='0'>
<Face Type='2D'>
<Color  R='1' G='1' B='1' A='0' />
</Face>
<Image Id='42' Alpha='1' />
<Text Id='40' FontId='6' Alignment='CenterCenter' Wrap='False'>
<Color  R='1' G='1' B='1' A='1' />
</Text>
</VisualStyle>
</VisualStyles>
<Bindings>
<Binding Id='112' Type='Digital' Property='State'/>
</Bindings>
<Commands>
<Command Action='TouchDown' Id='112' Type='Digital' Value='True' />
<Command Action='TouchUp' Id='112' Type='Digital' Value='False' />
</Commands>
</Control>
<Control Type='Button' Name='Button'>
<Position Units='Pixels' X='290' Y='66' />
<Size Units='Pixels' Width='86' Height='57' />
<VisualStyles>
<VisualStyle State='0' Mode='0'>
<Face Type='2D'>
<Color  R='1' G='1' B='1' A='0' />
</Face>
<Image Id='41' Alpha='1' />
<Text Id='41' FontId='6' Alignment='CenterCenter' Wrap='False'>
<Color  R='1' G='1' B='1' A='1' />
</Text>
</VisualStyle>
<VisualStyle State='1' Mode='0'>
<Face Type='2D'>
<Color  R='1' G='1' B='1' A='0' />
</Face>
<Image Id='42' Alpha='1' />
<Text Id='41' FontId='6' Alignment='CenterCenter' Wrap='False'>
<Color  R='1' G='1' B='1' A='1' />
</Text>
</VisualStyle>
</VisualStyles>
<Bindings>
<Binding Id='113' Type='Digital' Property='State'/>
</Bindings>
<Commands>
<Command Action='TouchDown' Id='113' Type='Digital' Value='True' />
<Command Action='TouchUp' Id='113' Type='Digital' Value='False' />
</Commands>
</Control>
<Control Type='Button' Name='Button'>
<Position Units='Pixels' X='106' Y='134' />
<Size Units='Pixels' Width='86' Height='61' />
<VisualStyles>
<VisualStyle State='0' Mode='0'>
<Face Type='2D'>
<Color  R='1' G='1' B='1' A='0' />
</Face>
<Image Id='41' Alpha='1' />
<Text Id='42' FontId='6' Alignment='CenterCenter' Wrap='False'>
<Color  R='1' G='1' B='1' A='1' />
</Text>
</VisualStyle>
<VisualStyle State='1' Mode='0'>
<Face Type='2D'>
<Color  R='1' G='1' B='1' A='0' />
</Face>
<Image Id='42' Alpha='1' />
<Text Id='42' FontId='6' Alignment='CenterCenter' Wrap='False'>
<Color  R='1' G='1' B='1' A='1' />
</Text>
</VisualStyle>
</VisualStyles>
<Bindings>
<Binding Id='114' Type='Digital' Property='State'/>
</Bindings>
<Commands>
<Command Action='TouchDown' Id='114' Type='Digital' Value='True' />
<Command Action='TouchUp' Id='114' Type='Digital' Value='False' />
</Commands>
</Control>
<Control Type='Button' Name='Button'>
<Position Units='Pixels' X='198' Y='136' />
<Size Units='Pixels' Width='86' Height='57' />
<VisualStyles>
<VisualStyle State='0' Mode='0'>
<Face Type='2D'>
<Color  R='1' G='1' B='1' A='0' />
</Face>
<Image Id='41' Alpha='1' />
<Text Id='43' FontId='6' Alignment='CenterCenter' Wrap='False'>
<Color  R='1' G='1' B='1' A='1' />
</Text>
</VisualStyle>
<VisualStyle State='1' Mode='0'>
<Face Type='2D'>
<Color  R='1' G='1' B='1' A='0' />
</Face>
<Image Id='42' Alpha='1' />
<Text Id='43' FontId='6' Alignment='CenterCenter' Wrap='False'>
<Color  R='1' G='1' B='1' A='1' />
</Text>
</VisualStyle>
</VisualStyles>
<Bindings>
<Binding Id='115' Type='Digital' Property='State'/>
</Bindings>
<Commands>
<Command Action='TouchDown' Id='115' Type='Digital' Value='True' />
<Command Action='TouchUp' Id='115' Type='Digital' Value='False' />
</Commands>
</Control>
<Control Type='Button' Name='Button'>
<Position Units='Pixels' X='290' Y='136' />
<Size Units='Pixels' Width='86' Height='57' />
<VisualStyles>
<VisualStyle State='0' Mode='0'>
<Face Type='2D'>
<Color  R='1' G='1' B='1' A='0' />
</Face>
<Image Id='41' Alpha='1' />
<Text Id='44' FontId='6' Alignment='CenterCenter' Wrap='False'>
<Color  R='1' G='1' B='1' A='1' />
</Text>
</VisualStyle>
<VisualStyle State='1' Mode='0'>
<Face Type='2D'>
<Color  R='1' G='1' B='1' A='0' />
</Face>
<Image Id='42' Alpha='1' />
<Text Id='44' FontId='6' Alignment='CenterCenter' Wrap='False'>
<Color  R='1' G='1' B='1' A='1' />
</Text>
</VisualStyle>
</VisualStyles>
<Bindings>
<Binding Id='116' Type='Digital' Property='State'/>
</Bindings>
<Commands>
<Command Action='TouchDown' Id='116' Type='Digital' Value='True' />
<Command Action='TouchUp' Id='116' Type='Digital' Value='False' />
</Commands>
</Control>
<Control Type='Button' Name='Button'>
<Position Units='Pixels' X='106' Y='202' />
<Size Units='Pixels' Width='86' Height='61' />
<VisualStyles>
<VisualStyle State='0' Mode='0'>
<Face Type='2D'>
<Color  R='1' G='1' B='1' A='0' />
</Face>
<Image Id='41' Alpha='1' />
<Text Id='45' FontId='6' Alignment='CenterCenter' Wrap='False'>
<Color  R='1' G='1' B='1' A='1' />
</Text>
</VisualStyle>
<VisualStyle State='1' Mode='0'>
<Face Type='2D'>
<Color  R='1' G='1' B='1' A='0' />
</Face>
<Image Id='42' Alpha='1' />
<Text Id='45' FontId='6' Alignment='CenterCenter' Wrap='False'>
<Color  R='1' G='1' B='1' A='1' />
</Text>
</VisualStyle>
</VisualStyles>
<Bindings>
<Binding Id='117' Type='Digital' Property='State'/>
</Bindings>
<Commands>
<Command Action='TouchDown' Id='117' Type='Digital' Value='True' />
<Command Action='TouchUp' Id='117' Type='Digital' Value='False' />
</Commands>
</Control>
<Control Type='Button' Name='Button'>
<Position Units='Pixels' X='198' Y='204' />
<Size Units='Pixels' Width='86' Height='57' />
<VisualStyles>
<VisualStyle State='0' Mode='0'>
<Face Type='2D'>
<Color  R='1' G='1' B='1' A='0' />
</Face>
<Image Id='41' Alpha='1' />
<Text Id='46' FontId='6' Alignment='CenterCenter' Wrap='False'>
<Color  R='1' G='1' B='1' A='1' />
</Text>
</VisualStyle>
<VisualStyle State='1' Mode='0'>
<Face Type='2D'>
<Color  R='1' G='1' B='1' A='0' />
</Face>
<Image Id='42' Alpha='1' />
<Text Id='46' FontId='6' Alignment='CenterCenter' Wrap='False'>
<Color  R='1' G='1' B='1' A='1' />
</Text>
</VisualStyle>
</VisualStyles>
<Bindings>
<Binding Id='118' Type='Digital' Property='State'/>
</Bindings>
<Commands>
<Command Action='TouchDown' Id='118' Type='Digital' Value='True' />
<Command Action='TouchUp' Id='118' Type='Digital' Value='False' />
</Commands>
</Control>
<Control Type='Button' Name='Button'>
<Position Units='Pixels' X='290' Y='204' />
<Size Units='Pixels' Width='86' Height='57' />
<VisualStyles>
<VisualStyle State='0' Mode='0'>
<Face Type='2D'>
<Color  R='1' G='1' B='1' A='0' />
</Face>
<Image Id='41' Alpha='1' />
<Text Id='47' FontId='6' Alignment='CenterCenter' Wrap='False'>
<Color  R='1' G='1' B='1' A='1' />
</Text>
</VisualStyle>
<VisualStyle State='1' Mode='0'>
<Face Type='2D'>
<Color  R='1' G='1' B='1' A='0' />
</Face>
<Image Id='42' Alpha='1' />
<Text Id='47' FontId='6' Alignment='CenterCenter' Wrap='False'>
<Color  R='1' G='1' B='1' A='1' />
</Text>
</VisualStyle>
</VisualStyles>
<Bindings>
<Binding Id='119' Type='Digital' Property='State'/>
</Bindings>
<Commands>
<Command Action='TouchDown' Id='119' Type='Digital' Value='True' />
<Command Action='TouchUp' Id='119' Type='Digital' Value='False' />
</Commands>
</Control>
<Control Type='Button' Name='Button'>
<Position Units='Pixels' X='106' Y='270' />
<Size Units='Pixels' Width='86' Height='61' />
<VisualStyles>
<VisualStyle State='0' Mode='0'>
<Face Type='2D'>
<Color  R='1' G='1' B='1' A='0' />
</Face>
<Image Id='41' Alpha='1' />
<Text Id='123' FontId='2' Alignment='CenterCenter' Wrap='False'>
<Color  R='1' G='1' B='1' A='1' />
</Text>
</VisualStyle>
<VisualStyle State='1' Mode='0'>
<Face Type='2D'>
<Color  R='1' G='1' B='1' A='0' />
</Face>
<Image Id='42' Alpha='1' />
<Text Id='123' FontId='2' Alignment='CenterCenter' Wrap='False'>
<Color  R='1' G='1' B='1' A='1' />
</Text>
</VisualStyle>
</VisualStyles>
<Bindings>
<Binding Id='121' Type='Digital' Property='State'/>
</Bindings>
<Commands>
<Command Action='TouchDown' Id='121' Type='Digital' Value='True' />
<Command Action='TouchUp' Id='121' Type='Digital' Value='False' />
</Commands>
</Control>
<Control Type='Button' Name='Button'>
<Position Units='Pixels' X='198' Y='272' />
<Size Units='Pixels' Width='86' Height='57' />
<VisualStyles>
<VisualStyle State='0' Mode='0'>
<Face Type='2D'>
<Color  R='1' G='1' B='1' A='0' />
</Face>
<Image Id='41' Alpha='1' />
<Text Id='49' FontId='6' Alignment='CenterCenter' Wrap='False'>
<Color  R='1' G='1' B='1' A='1' />
</Text>
</VisualStyle>
<VisualStyle State='1' Mode='0'>
<Face Type='2D'>
<Color  R='1' G='1' B='1' A='0' />
</Face>
<Image Id='42' Alpha='1' />
<Text Id='49' FontId='6' Alignment='CenterCenter' Wrap='False'>
<Color  R='1' G='1' B='1' A='1' />
</Text>
</VisualStyle>
</VisualStyles>
<Bindings>
<Binding Id='110' Type='Digital' Property='State'/>
</Bindings>
<Commands>
<Command Action='TouchDown' Id='110' Type='Digital' Value='True' />
<Command Action='TouchUp' Id='110' Type='Digital' Value='False' />
</Commands>
</Control>
<Control Type='Button' Name='Button'>
<Position Units='Pixels' X='290' Y='272' />
<Size Units='Pixels' Width='86' Height='57' />
<VisualStyles>
<VisualStyle State='0' Mode='0'>
<Face Type='2D'>
<Color  R='1' G='1' B='1' A='0' />
</Face>
<Image Id='41' Alpha='1' />
<Text Id='124' FontId='2' Alignment='CenterCenter' Wrap='False'>
<Color  R='1' G='1' B='1' A='1' />
</Text>
</VisualStyle>
<VisualStyle State='1' Mode='0'>
<Face Type='2D'>
<Color  R='1' G='1' B='1' A='0' />
</Face>
<Image Id='42' Alpha='1' />
<Text Id='124' FontId='2' Alignment='CenterCenter' Wrap='False'>
<Color  R='1' G='1' B='1' A='1' />
</Text>
</VisualStyle>
</VisualStyles>
<Bindings>
<Binding Id='122' Type='Digital' Property='State'/>
</Bindings>
<Commands>
<Command Action='TouchDown' Id='122' Type='Digital' Value='True' />
<Command Action='TouchUp' Id='122' Type='Digital' Value='False' />
</Commands>
</Control>
<Control Type='Button' Name='Text'>
<Position Units='Pixels' X='130' Y='8' />
<Size Units='Pixels' Width='220' Height='45' />
<VisualStyles>
<VisualStyle State='0' Mode='0'>
<Text FontId='12' Alignment='CenterCenter' Wrap='False'>
<Bindings>
<Binding Id='110' Type='Serial' Property='Text'/>
</Bindings>
<Color  R='1' G='1' B='1' A='1' />
</Text>
</VisualStyle>
</VisualStyles>
</Control>
<Control Type='Button' Name='Button'>
<Position Units='Pixels' X='405' Y='117' />
<Size Units='Pixels' Width='66' Height='45' />
<VisualStyles>
<VisualStyle State='0' Mode='0'>
<Face Type='2D'>
<Color  R='1' G='1' B='1' A='0' />
</Face>
<Image Id='41' Alpha='1' />
<Text Id='125' FontId='2' Alignment='CenterCenter' Wrap='False'>
<Color  R='1' G='1' B='1' A='1' />
</Text>
</VisualStyle>
<VisualStyle State='1' Mode='0'>
<Face Type='2D'>
<Color  R='1' G='1' B='1' A='0' />
</Face>
<Image Id='42' Alpha='1' />
<Text Id='125' FontId='2' Alignment='CenterCenter' Wrap='False'>
<Color  R='1' G='1' B='1' A='1' />
</Text>
</VisualStyle>
</VisualStyles>
<Bindings>
<Binding Id='131' Type='Digital' Property='State'/>
</Bindings>
<Commands>
<Command Action='TouchDown' Id='131' Type='Digital' Value='True' />
<Command Action='TouchUp' Id='131' Type='Digital' Value='False' />
</Commands>
</Control>
<Control Type='Button' Name='Button'>
<Position Units='Pixels' X='405' Y='219' />
<Size Units='Pixels' Width='66' Height='45' />
<VisualStyles>
<VisualStyle State='0' Mode='0'>
<Face Type='2D'>
<Color  R='1' G='1' B='1' A='0' />
</Face>
<Image Id='41' Alpha='1' />
<Text Id='126' FontId='2' Alignment='CenterCenter' Wrap='False'>
<Color  R='1' G='1' B='1' A='1' />
</Text>
</VisualStyle>
<VisualStyle State='1' Mode='0'>
<Face Type='2D'>
<Color  R='1' G='1' B='1' A='0' />
</Face>
<Image Id='42' Alpha='1' />
<Text Id='126' FontId='2' Alignment='CenterCenter' Wrap='False'>
<Color  R='1' G='1' B='1' A='1' />
</Text>
</VisualStyle>
</VisualStyles>
<Bindings>
<Binding Id='132' Type='Digital' Property='State'/>
</Bindings>
<Commands>
<Command Action='TouchDown' Id='132' Type='Digital' Value='True' />
<Command Action='TouchUp' Id='132' Type='Digital' Value='False' />
</Commands>
</Control>
<Control Type='Button' Name='Text'>
<Position Units='Pixels' X='405' Y='168' />
<Size Units='Pixels' Width='66' Height='45' />
<VisualStyles>
<VisualStyle State='0' Mode='0'>
<Text Id='127' FontId='12' Alignment='CenterLeft' Wrap='False'>
<Color  R='0.752941' G='0.752941' B='0.752941' A='1' />
</Text>
</VisualStyle>
</VisualStyles>
</Control>
</Control>
</File>
