<?xml version='1.0' encoding='ISO-8859-1' ?>
<File Type='Page' Version='5.1.0'>
<Control Type='Subpage' Name='Source (71 Jukebox - Dialog)'>
<Position Units='Pixels' X='0' Y='0' />
<Size Units='Pixels' Width='600' Height='320' />
<VisualStyles>
<VisualStyle>
<Background>
<Color  R='0' G='0' B='0' A='0' />
</Background>
</VisualStyle>
</VisualStyles>
<Control Type='Button' Name='Image'>
<Position Units='Pixels' X='14' Y='12' />
<Size Units='Pixels' Width='572' Height='296' />
<VisualStyles>
<VisualStyle State='0' Mode='0'>
<Image Id='26' Alpha='1' />
</VisualStyle>
</VisualStyles>
</Control>
<Control Type='Button' Name='Button'>
<Position Units='Pixels' X='60' Y='42' />
<Size Units='Pixels' Width='480' Height='24' />
<VisualStyles>
<VisualStyle State='0' Mode='0'>
<Face Type='2D'>
<Color  R='1' G='1' B='1' A='0' />
</Face>
<Text FontId='2' Alignment='CenterCenter' Wrap='False'>
<Bindings>
<Binding Id='106' Type='Serial' Property='Text'/>
</Bindings>
<Color  R='1' G='1' B='1' A='1' />
</Text>
</VisualStyle>
<VisualStyle State='1' Mode='0'>
<Face Type='2D'>
<Color  R='1' G='1' B='1' A='0' />
</Face>
<Text FontId='2' Alignment='CenterCenter' Wrap='False'>
<Bindings>
<Binding Id='106' Type='Serial' Property='Text'/>
</Bindings>
<Color  R='1' G='1' B='0.501961' A='1' />
</Text>
</VisualStyle>
</VisualStyles>
<Bindings>
<Binding Id='61' Type='Digital' Property='State'/>
</Bindings>
<Commands>
<Command Action='TouchDown' Id='61' Type='Digital' Value='True' />
<Command Action='TouchUp' Id='61' Type='Digital' Value='False' />
</Commands>
</Control>
<Control Type='Button' Name='Button'>
<Position Units='Pixels' X='60' Y='82' />
<Size Units='Pixels' Width='480' Height='24' />
<VisualStyles>
<VisualStyle State='0' Mode='0'>
<Face Type='2D'>
<Color  R='1' G='1' B='1' A='0' />
</Face>
<Text FontId='2' Alignment='CenterCenter' Wrap='False'>
<Bindings>
<Binding Id='107' Type='Serial' Property='Text'/>
</Bindings>
<Color  R='1' G='1' B='1' A='1' />
</Text>
</VisualStyle>
<VisualStyle State='1' Mode='0'>
<Face Type='2D'>
<Color  R='1' G='1' B='1' A='0' />
</Face>
<Text FontId='2' Alignment='CenterCenter' Wrap='False'>
<Bindings>
<Binding Id='107' Type='Serial' Property='Text'/>
</Bindings>
<Color  R='1' G='1' B='0.501961' A='1' />
</Text>
</VisualStyle>
</VisualStyles>
<Bindings>
<Binding Id='62' Type='Digital' Property='State'/>
</Bindings>
<Commands>
<Command Action='TouchDown' Id='62' Type='Digital' Value='True' />
<Command Action='TouchUp' Id='62' Type='Digital' Value='False' />
</Commands>
</Control>
<Control Type='Button' Name='Button'>
<Position Units='Pixels' X='187' Y='122' />
<Size Units='Pixels' Width='226' Height='45' />
<VisualStyles>
<VisualStyle State='0' Mode='0'>
<Face Type='2D'>
<Color  R='1' G='1' B='1' A='0' />
</Face>
<Image Id='10' Alpha='1' />
<Text FontId='2' Alignment='CenterCenter' Wrap='False'>
<Bindings>
<Binding Id='108' Type='Serial' Property='Text'/>
</Bindings>
<Color  R='1' G='1' B='1' A='1' />
</Text>
</VisualStyle>
<VisualStyle State='1' Mode='0'>
<Face Type='2D'>
<Color  R='1' G='1' B='1' A='0' />
</Face>
<Image Id='11' Alpha='1' />
<Text FontId='2' Alignment='CenterCenter' Wrap='False'>
<Bindings>
<Binding Id='108' Type='Serial' Property='Text'/>
</Bindings>
<Color  R='1' G='1' B='1' A='1' />
</Text>
</VisualStyle>
</VisualStyles>
<Bindings>
<Binding Id='52' Type='Digital' Property='State'/>
</Bindings>
<Commands>
<Command Action='TouchDown' Id='52' Type='Digital' Value='True' />
<Command Action='TouchUp' Id='52' Type='Digital' Value='False' />
</Commands>
</Control>
<Control Type='Button' Name='Button'>
<Position Units='Pixels' X='187' Y='178' />
<Size Units='Pixels' Width='226' Height='45' />
<VisualStyles>
<VisualStyle State='0' Mode='0'>
<Face Type='2D'>
<Color  R='1' G='1' B='1' A='0' />
</Face>
<Image Id='10' Alpha='1' />
<Text FontId='2' Alignment='CenterCenter' Wrap='False'>
<Bindings>
<Binding Id='109' Type='Serial' Property='Text'/>
</Bindings>
<Color  R='1' G='1' B='1' A='1' />
</Text>
</VisualStyle>
<VisualStyle State='1' Mode='0'>
<Face Type='2D'>
<Color  R='1' G='1' B='1' A='0' />
</Face>
<Image Id='11' Alpha='1' />
<Text FontId='2' Alignment='CenterCenter' Wrap='False'>
<Bindings>
<Binding Id='109' Type='Serial' Property='Text'/>
</Bindings>
<Color  R='1' G='1' B='1' A='1' />
</Text>
</VisualStyle>
</VisualStyles>
<Bindings>
<Binding Id='53' Type='Digital' Property='State'/>
</Bindings>
<Commands>
<Command Action='TouchDown' Id='53' Type='Digital' Value='True' />
<Command Action='TouchUp' Id='53' Type='Digital' Value='False' />
</Commands>
</Control>
<Control Type='Button' Name='Button'>
<Position Units='Pixels' X='187' Y='234' />
<Size Units='Pixels' Width='226' Height='45' />
<VisualStyles>
<VisualStyle State='0' Mode='0'>
<Face Type='2D'>
<Color  R='1' G='1' B='1' A='0' />
</Face>
<Image Id='10' Alpha='1' />
<Text FontId='2' Alignment='CenterCenter' Wrap='False'>
<Bindings>
<Binding Id='110' Type='Serial' Property='Text'/>
</Bindings>
<Color  R='1' G='1' B='1' A='1' />
</Text>
</VisualStyle>
<VisualStyle State='1' Mode='0'>
<Face Type='2D'>
<Color  R='1' G='1' B='1' A='0' />
</Face>
<Image Id='11' Alpha='1' />
<Text FontId='2' Alignment='CenterCenter' Wrap='False'>
<Bindings>
<Binding Id='110' Type='Serial' Property='Text'/>
</Bindings>
<Color  R='1' G='1' B='1' A='1' />
</Text>
</VisualStyle>
</VisualStyles>
<Bindings>
<Binding Id='54' Type='Digital' Property='State'/>
</Bindings>
<Commands>
<Command Action='TouchDown' Id='54' Type='Digital' Value='True' />
<Command Action='TouchUp' Id='54' Type='Digital' Value='False' />
</Commands>
</Control>
</Control>
</File>
