<?xml version='1.0' encoding='ISO-8859-1' ?>
<File Type='Page' Version='5.1.0'>
<Control Type='Subpage' Name='Source (71 Jukebox - Now Playing)'>
<Position Units='Pixels' X='0' Y='0' />
<Size Units='Pixels' Width='600' Height='320' />
<VisualStyles>
<VisualStyle>
<Background>
<Color  R='0' G='0' B='0' A='0' />
</Background>
</VisualStyle>
</VisualStyles>
<Control Type='Button' Name='Image'>
<Position Units='Pixels' X='224' Y='12' />
<Size Units='Pixels' Width='360' Height='296' />
<VisualStyles>
<VisualStyle State='0' Mode='0'>
<Image Id='28' Alpha='1' />
</VisualStyle>
</VisualStyles>
</Control>
<Control Type='Button' Name='Button'>
<Position Units='Pixels' X='240' Y='18' />
<Size Units='Pixels' Width='320' Height='32' />
<VisualStyles>
<VisualStyle State='0' Mode='0'>
<Face Type='2D'>
<Color  R='1' G='1' B='1' A='0' />
</Face>
<Text FontId='2' Alignment='CenterLeft' Wrap='False'>
<Bindings>
<Binding Id='48' Type='Serial' Property='Text'/>
</Bindings>
<Color  R='1' G='1' B='1' A='1' />
</Text>
</VisualStyle>
<VisualStyle State='1' Mode='0'>
<Face Type='2D'>
<Color  R='1' G='1' B='1' A='0' />
</Face>
<Text FontId='2' Alignment='CenterLeft' Wrap='False'>
<Bindings>
<Binding Id='48' Type='Serial' Property='Text'/>
</Bindings>
<Color  R='1' G='1' B='0.501961' A='1' />
</Text>
</VisualStyle>
</VisualStyles>
</Control>
<Control Type='Button' Name='Button'>
<Position Units='Pixels' X='240' Y='66' />
<Size Units='Pixels' Width='320' Height='24' />
<VisualStyles>
<VisualStyle State='0' Mode='0'>
<Face Type='2D'>
<Color  R='1' G='1' B='1' A='0' />
</Face>
<Text FontId='2' Alignment='CenterLeft' Wrap='False'>
<Bindings>
<Binding Id='53' Type='Serial' Property='Text'/>
</Bindings>
<Color  R='1' G='1' B='1' A='1' />
</Text>
</VisualStyle>
<VisualStyle State='1' Mode='0'>
<Face Type='2D'>
<Color  R='1' G='1' B='1' A='0' />
</Face>
<Text FontId='2' Alignment='CenterLeft' Wrap='False'>
<Bindings>
<Binding Id='53' Type='Serial' Property='Text'/>
</Bindings>
<Color  R='1' G='1' B='0.501961' A='1' />
</Text>
</VisualStyle>
</VisualStyles>
</Control>
<Control Type='Button' Name='Button'>
<Position Units='Pixels' X='240' Y='122' />
<Size Units='Pixels' Width='320' Height='24' />
<VisualStyles>
<VisualStyle State='0' Mode='0'>
<Face Type='2D'>
<Color  R='1' G='1' B='1' A='0' />
</Face>
<Text FontId='2' Alignment='CenterLeft' Wrap='False'>
<Bindings>
<Binding Id='54' Type='Serial' Property='Text'/>
</Bindings>
<Color  R='1' G='1' B='1' A='1' />
</Text>
</VisualStyle>
<VisualStyle State='1' Mode='0'>
<Face Type='2D'>
<Color  R='1' G='1' B='1' A='0' />
</Face>
<Text FontId='2' Alignment='CenterLeft' Wrap='False'>
<Bindings>
<Binding Id='54' Type='Serial' Property='Text'/>
</Bindings>
<Color  R='1' G='1' B='0.501961' A='1' />
</Text>
</VisualStyle>
</VisualStyles>
</Control>
<Control Type='Button' Name='Button'>
<Position Units='Pixels' X='240' Y='178' />
<Size Units='Pixels' Width='320' Height='24' />
<VisualStyles>
<VisualStyle State='0' Mode='0'>
<Face Type='2D'>
<Color  R='1' G='1' B='1' A='0' />
</Face>
<Text FontId='2' Alignment='CenterLeft' Wrap='False'>
<Bindings>
<Binding Id='55' Type='Serial' Property='Text'/>
</Bindings>
<Color  R='1' G='1' B='1' A='1' />
</Text>
</VisualStyle>
<VisualStyle State='1' Mode='0'>
<Face Type='2D'>
<Color  R='1' G='1' B='1' A='0' />
</Face>
<Text FontId='2' Alignment='CenterLeft' Wrap='False'>
<Bindings>
<Binding Id='55' Type='Serial' Property='Text'/>
</Bindings>
<Color  R='1' G='1' B='0.501961' A='1' />
</Text>
</VisualStyle>
</VisualStyles>
</Control>
<Control Type='Button' Name='Image'>
<Position Units='Pixels' X='228' Y='48' />
<Size Units='Pixels' Width='348' Height='8' />
<VisualStyles>
<VisualStyle State='0' Mode='0'>
<Image Id='79' Alpha='1' />
</VisualStyle>
</VisualStyles>
</Control>
<Control Type='Button' Name='Button'>
<Position Units='Pixels' X='248' Y='90' />
<Size Units='Pixels' Width='320' Height='24' />
<VisualStyles>
<VisualStyle State='0' Mode='0'>
<Face Type='2D'>
<Color  R='1' G='1' B='1' A='0' />
</Face>
<Text FontId='1' Alignment='CenterLeft' Wrap='False'>
<Bindings>
<Binding Id='49' Type='Serial' Property='Text'/>
</Bindings>
<Color  R='1' G='1' B='1' A='1' />
</Text>
</VisualStyle>
<VisualStyle State='1' Mode='0'>
<Face Type='2D'>
<Color  R='1' G='1' B='1' A='0' />
</Face>
<Text FontId='1' Alignment='CenterLeft' Wrap='False'>
<Bindings>
<Binding Id='49' Type='Serial' Property='Text'/>
</Bindings>
<Color  R='1' G='1' B='0.501961' A='1' />
</Text>
</VisualStyle>
</VisualStyles>
</Control>
<Control Type='Button' Name='Button'>
<Position Units='Pixels' X='248' Y='146' />
<Size Units='Pixels' Width='320' Height='24' />
<VisualStyles>
<VisualStyle State='0' Mode='0'>
<Face Type='2D'>
<Color  R='1' G='1' B='1' A='0' />
</Face>
<Text FontId='1' Alignment='CenterLeft' Wrap='False'>
<Bindings>
<Binding Id='50' Type='Serial' Property='Text'/>
</Bindings>
<Color  R='1' G='1' B='1' A='1' />
</Text>
</VisualStyle>
<VisualStyle State='1' Mode='0'>
<Face Type='2D'>
<Color  R='1' G='1' B='1' A='0' />
</Face>
<Text FontId='1' Alignment='CenterLeft' Wrap='False'>
<Bindings>
<Binding Id='50' Type='Serial' Property='Text'/>
</Bindings>
<Color  R='1' G='1' B='0.501961' A='1' />
</Text>
</VisualStyle>
</VisualStyles>
</Control>
<Control Type='Button' Name='Button'>
<Position Units='Pixels' X='248' Y='202' />
<Size Units='Pixels' Width='320' Height='24' />
<VisualStyles>
<VisualStyle State='0' Mode='0'>
<Face Type='2D'>
<Color  R='1' G='1' B='1' A='0' />
</Face>
<Text FontId='1' Alignment='CenterLeft' Wrap='False'>
<Bindings>
<Binding Id='51' Type='Serial' Property='Text'/>
</Bindings>
<Color  R='1' G='1' B='1' A='1' />
</Text>
</VisualStyle>
<VisualStyle State='1' Mode='0'>
<Face Type='2D'>
<Color  R='1' G='1' B='1' A='0' />
</Face>
<Text FontId='1' Alignment='CenterLeft' Wrap='False'>
<Bindings>
<Binding Id='51' Type='Serial' Property='Text'/>
</Bindings>
<Color  R='1' G='1' B='0.501961' A='1' />
</Text>
</VisualStyle>
</VisualStyles>
</Control>
<Control Type='Button' Name='Button'>
<Position Units='Pixels' X='265' Y='242' />
<Size Units='Pixels' Width='287' Height='16' />
<VisualStyles>
<VisualStyle State='0' Mode='0'>
<Face Type='2D'>
<Color  R='1' G='1' B='1' A='0' />
</Face>
<Text Id='130' FontId='14' Alignment='CenterLeft' Wrap='False'>
<Color  R='1' G='1' B='1' A='1' />
</Text>
</VisualStyle>
<VisualStyle State='1' Mode='0'>
<Face Type='2D'>
<Color  R='1' G='1' B='1' A='0' />
</Face>
<Text Id='130' FontId='14' Alignment='CenterLeft' Wrap='False'>
<Color  R='1' G='1' B='0.501961' A='1' />
</Text>
</VisualStyle>
</VisualStyles>
</Control>
<Control Type='Button' Name='Button'>
<Position Units='Pixels' X='20' Y='58' />
<Size Units='Pixels' Width='189' Height='248' />
<VisualStyles>
<VisualStyle State='0' Mode='0'>
<Face Type='2D'>
<Color  R='0.752941' G='0.752941' B='0.752941' A='0' />
</Face>
<Image Id='126' Alpha='1' RefreshRate='0'>
<Bindings>
<Binding Id='58' Type='Serial' Property='Path'/>
</Bindings>
<Commands>
<Command Action ='DynamicGraphicError' Id='51' Type='Analog' />
</Commands>
</Image>
</VisualStyle>
<VisualStyle State='1' Mode='0'>
<Face Type='2D'>
<Color  R='0.752941' G='0.752941' B='0.752941' A='0' />
</Face>
</VisualStyle>
</VisualStyles>
</Control>
<Control Type='Button' Name='Animation' KeyClick='False'>
<Position Units='Pixels' X='60' Y='19' />
<Size Units='Pixels' Width='108' Height='31' />
<VisualStyles>
<VisualStyle  Mode='0' State='0'>
<Image Id='127' Alpha='1' />
</VisualStyle>
<VisualStyle  Mode='1' State='0'>
<Image Id='128' Alpha='1' />
</VisualStyle>
<VisualStyle  Mode='2' State='0'>
<Image Id='129' Alpha='1' />
</VisualStyle>
<VisualStyle  Mode='3' State='0'>
<Image Id='130' Alpha='1' />
</VisualStyle>
<VisualStyle  Mode='4' State='0'>
<Image Id='131' Alpha='1' />
</VisualStyle>
<VisualStyle  Mode='5' State='0'>
<Image Id='132' Alpha='1' />
</VisualStyle>
<VisualStyle  Mode='6' State='0'>
<Image Id='133' Alpha='1' />
</VisualStyle>
</VisualStyles>
<Bindings>
<Binding Id='67' Type='Analog' Property='Mode'/>
</Bindings>
</Control>
<Control Type='Button' Name='Animation' KeyClick='False'>
<Position Units='Pixels' X='68' Y='273' />
<Size Units='Pixels' Width='92' Height='29' />
<VisualStyles>
<VisualStyle  Mode='0' State='0'>
<Image Id='134' Alpha='1' />
</VisualStyle>
<VisualStyle  Mode='1' State='0'>
<Image Id='135' Alpha='1' />
</VisualStyle>
<VisualStyle  Mode='2' State='0'>
<Image Id='136' Alpha='1' />
</VisualStyle>
<VisualStyle  Mode='3' State='0'>
<Image Id='137' Alpha='1' />
</VisualStyle>
<VisualStyle  Mode='4' State='0'>
<Image Id='138' Alpha='1' />
</VisualStyle>
<VisualStyle  Mode='5' State='0'>
<Image Id='139' Alpha='1' />
</VisualStyle>
<VisualStyle  Mode='6' State='0'>
<Image Id='140' Alpha='1' />
</VisualStyle>
</VisualStyles>
<Bindings>
<Binding Id='77' Type='Analog' Property='Mode'/>
</Bindings>
</Control>
<Control Type='Button' Name='Button'>
<Position Units='Pixels' X='158' Y='267' />
<Size Units='Pixels' Width='40' Height='40' />
<VisualStyles>
<VisualStyle State='0' Mode='0'>
<Face Type='2D'>
<Color  R='1' G='1' B='1' A='0' />
</Face>
<Text Id='131' FontId='6' Alignment='CenterCenter' Wrap='False'>
<Color  R='1' G='1' B='1' A='1' />
</Text>
</VisualStyle>
<VisualStyle State='1' Mode='0'>
<Face Type='2D'>
<Color  R='1' G='1' B='1' A='0' />
</Face>
<Text Id='131' FontId='6' Alignment='CenterCenter' Wrap='False'>
<Color  R='1' G='1' B='0.501961' A='1' />
</Text>
</VisualStyle>
</VisualStyles>
<Bindings>
<Binding Id='89' Type='Digital' Property='State'/>
</Bindings>
<Commands>
<Command Action='TouchDown' Id='89' Type='Digital' Value='True' />
<Command Action='TouchUp' Id='89' Type='Digital' Value='False' />
</Commands>
</Control>
<Control Type='Button' Name='Button'>
<Position Units='Pixels' X='30' Y='267' />
<Size Units='Pixels' Width='40' Height='40' />
<VisualStyles>
<VisualStyle State='0' Mode='0'>
<Face Type='2D'>
<Color  R='0.0784314' G='0.258824' B='0.635294' A='0' />
</Face>
<Text Id='42' FontId='6' Alignment='CenterCenter' Wrap='False'>
<Color  R='1' G='1' B='1' A='1' />
</Text>
</VisualStyle>
<VisualStyle State='1' Mode='0'>
<Face Type='2D'>
<Color  R='1' G='1' B='1' A='0' />
</Face>
<Text Id='42' FontId='6' Alignment='CenterCenter' Wrap='False'>
<Color  R='1' G='1' B='0.501961' A='1' />
</Text>
</VisualStyle>
</VisualStyles>
<Bindings>
<Binding Id='90' Type='Digital' Property='State'/>
</Bindings>
<Commands>
<Command Action='TouchDown' Id='90' Type='Digital' Value='True' />
<Command Action='TouchUp' Id='90' Type='Digital' Value='False' />
</Commands>
</Control>
<Control Type='Button' Name='Image'>
<Position Units='Pixels' X='265' Y='263' />
<Size Units='Pixels' Width='287' Height='15' />
<VisualStyles>
<VisualStyle State='0' Mode='0'>
<Image Id='141' Alpha='1' />
</VisualStyle>
</VisualStyles>
</Control>
<Control Type='Button' Name='GaugeBackdrop'>
<Position Units='Pixels' X='265' Y='266' />
<Size Units='Pixels' Width='287' Height='8' />
<VisualStyles>
<VisualStyle State='0' Mode='0'>
<Face Type='2D'>
<Color  R='0.752941' G='0.752941' B='0.752941' A='0' />
</Face>
<Text FontId='16' Alignment='CenterCenter' Wrap='False'>
<Color  R='0' G='0' B='0' A='1' />
</Text>
</VisualStyle>
</VisualStyles>
</Control>
<Control Type='Slider' Name='Analog Gauge'>
<Position Units='Pixels' X='265' Y='266' />
<Size Units='Pixels' Width='287' Height='8' />
<VisualStyles>
<VisualStyle State='0' Mode='0'>
<Format Type='2' Signed='False'>
<Slider Direction='0' />
</Format>
<Face Type='2D'>
<Color  R='0' G='0' B='0' A='0' />
</Face>
<Image Id='142' Alpha='1' FillMode='0' />
<Text FontId='16' Alignment='CenterCenter' Wrap='False'>
<Color  R='0' G='0' B='0' A='1' />
</Text>
</VisualStyle>
</VisualStyles>
<Bindings>
<Binding Id='51' Type='Analog' Property='Mode'/>
</Bindings>
</Control>
<Control Type='Button' Name='Border'>
<Position Units='Pixels' X='265' Y='276' />
<Size Units='Pixels' Width='96' Height='24' />
<VisualStyles>
<VisualStyle State='0' Mode='0'>
<Face Type='2D'>
<Color  R='0.160784' G='0.968627' B='0.266667' A='0' />
</Face>
<Text FontId='7' Alignment='CenterLeft' Wrap='False'>
<Bindings>
<Binding Id='53' Type='Serial' Property='Text'/>
</Bindings>
<Color  R='1' G='1' B='1' A='1' />
</Text>
</VisualStyle>
</VisualStyles>
</Control>
<Control Type='Button' Name='Border'>
<Position Units='Pixels' X='456' Y='276' />
<Size Units='Pixels' Width='96' Height='24' />
<VisualStyles>
<VisualStyle State='0' Mode='0'>
<Face Type='2D'>
<Color  R='0.160784' G='0.968627' B='0.266667' A='0' />
</Face>
<Text FontId='7' Alignment='CenterRight' Wrap='False'>
<Bindings>
<Binding Id='54' Type='Serial' Property='Text'/>
</Bindings>
<Color  R='1' G='1' B='1' A='1' />
</Text>
</VisualStyle>
</VisualStyles>
</Control>
</Control>
</File>
